#
# There is insufficient memory for the Java Runtime Environment to continue.
# Native memory allocation (mmap) failed to map 65536 bytes. Error detail: Failed to commit metaspace.
# Possible reasons:
#   The system is out of physical RAM or swap space
#   This process is running with CompressedOops enabled, and the Java Heap may be blocking the growth of the native heap
# Possible solutions:
#   Reduce memory load on the system
#   Increase physical memory or swap space
#   Check if swap backing store is full
#   Decrease Java heap size (-Xmx/-Xms)
#   Decrease number of Java threads
#   Decrease Java thread stack sizes (-Xss)
#   Set larger code cache with -XX:ReservedCodeCacheSize=
#   JVM is running with Unscaled Compressed Oops mode in which the Java heap is
#     placed in the first 4GB address space. The Java Heap base address is the
#     maximum limit for the native heap growth. Please use -XX:HeapBaseMinAddress
#     to set the Java Heap base and to place the Java Heap above 4GB virtual address.
# This output file may be truncated or incomplete.
#
#  Out of Memory Error (virtualSpaceNode.cpp:113), pid=19892, tid=10196
#
# JRE version: Java(TM) SE Runtime Environment (26.0.1+8) (build 26.0.1+8-34)
# Java VM: Java HotSpot(TM) 64-Bit Server VM (26.0.1+8-34, mixed mode, emulated-client, sharing, tiered, compressed oops, compressed class ptrs, g1 gc, windows-amd64)
# No core dump will be written. Minidumps are not enabled by default on client versions of Windows
#

---------------  S U M M A R Y ------------

Command Line: -XX:TieredStopAtLevel=1 -Dspring.output.ansi.enabled=always -javaagent:C:\Program Files\JetBrains\IntelliJ IDEA 2026.2.1\lib\idea_rt.jar=50941 -Dfile.encoding=UTF-8 -Dsun.stdout.encoding=UTF-8 -Dsun.stderr.encoding=UTF-8 com.LibraryDesk.LibraryDeskApplication

Host: Intel(R) Core(TM) i5-8350U CPU @ 1.70GHz, 8 cores, 7G,  Windows 11 , 64 bit Build 26100 (10.0.26100.9168)
Time: Sun Sep 13 01:08:46 2026 Pakistan Standard Time elapsed time: 10.994171 seconds (0d 0h 0m 10s)

---------------  T H R E A D  ---------------

Current thread (0x000002f920989610):  JavaThread "HikariPool-1:connection-closer" daemon [_thread_in_vm, id=10196, stack(0x000000fa9e600000,0x000000fa9e700000) (1024K)]

Stack: [0x000000fa9e600000,0x000000fa9e700000]
Native frames: (J=compiled Java code, j=interpreted, Vv=VM code, C=native code)
V  [jvm.dll+0x7d5879]  (no source info available)
V  [jvm.dll+0x7a37dd]  (no source info available)
V  [jvm.dll+0x9b0c10]  (no source info available)
V  [jvm.dll+0x9b3061]  (no source info available)
V  [jvm.dll+0x9b3773]  (no source info available)
V  [jvm.dll+0x30df76]  (no source info available)
V  [jvm.dll+0x9ad9ce]  (no source info available)
V  [jvm.dll+0x773cd4]  (no source info available)
V  [jvm.dll+0x268f28]  (no source info available)
V  [jvm.dll+0x268cee]  (no source info available)
V  [jvm.dll+0x7766e2]  (no source info available)
V  [jvm.dll+0x7763b5]  (no source info available)
V  [jvm.dll+0x2aba92]  (no source info available)
V  [jvm.dll+0x7746fe]  (no source info available)
V  [jvm.dll+0x2f37d4]  (no source info available)
V  [jvm.dll+0x29af1a]  (no source info available)
V  [jvm.dll+0x290d20]  (no source info available)
V  [jvm.dll+0x69eda4]  (no source info available)
V  [jvm.dll+0x91e1c4]  (no source info available)
V  [jvm.dll+0x91e2b4]  (no source info available)
V  [jvm.dll+0x531dde]  (no source info available)
V  [jvm.dll+0x537d78]  (no source info available)
C  [java.dll+0x17d6]  (no source info available)
C  0x000002f91360047a  (no source info available)

The last pc belongs to native nmethod (printed below).
Java frames: (J=compiled Java code, j=interpreted, Vv=VM code)
J 721  java.lang.ClassLoader.defineClass1(Ljava/lang/ClassLoader;Ljava/lang/String;[BIILjava/security/ProtectionDomain;Ljava/lang/String;)Ljava/lang/Class; java.base@26.0.1 (0 bytes) @ 0x000002f913600441 [0x000002f913600380+0x00000000000000c1]
J 1065 c1 java.lang.ClassLoader.defineClass(Ljava/lang/String;[BIILjava/security/ProtectionDomain;)Ljava/lang/Class; java.base@26.0.1 (43 bytes) @ 0x000002f913663f9c [0x000002f913663e80+0x000000000000011c]
J 950 c1 jdk.internal.loader.BuiltinClassLoader.defineClass(Ljava/lang/String;Ljdk/internal/loader/Resource;)Ljava/lang/Class; java.base@26.0.1 (121 bytes) @ 0x000002f91364439c [0x000002f913644100+0x000000000000029c]
J 949 c1 jdk.internal.loader.BuiltinClassLoader.findClassOnClassPathOrNull(Ljava/lang/String;)Ljava/lang/Class; java.base@26.0.1 (38 bytes) @ 0x000002f913643cf4 [0x000002f913643a80+0x0000000000000274]
J 603 c1 jdk.internal.loader.BuiltinClassLoader.loadClassOrNull(Ljava/lang/String;Z)Ljava/lang/Class; java.base@26.0.1 (143 bytes) @ 0x000002f9135e311c [0x000002f9135e2d00+0x000000000000041c]
J 730 c1 jdk.internal.loader.BuiltinClassLoader.loadClass(Ljava/lang/String;Z)Ljava/lang/Class; java.base@26.0.1 (22 bytes) @ 0x000002f91360295c [0x000002f913602900+0x000000000000005c]
J 729 c1 java.lang.ClassLoader.loadClass(Ljava/lang/String;)Ljava/lang/Class; java.base@26.0.1 (7 bytes) @ 0x000002f913602354 [0x000002f913602300+0x0000000000000054]
v  ~StubRoutines::Stub Generator call_stub_stub 0x000002f9133118e2
j  com.mysql.cj.jdbc.ConnectionImpl.close()V+59
j  com.zaxxer.hikari.pool.PoolBase.quietlyCloseConnection(Ljava/sql/Connection;Ljava/lang/String;)V+64
j  com.zaxxer.hikari.pool.HikariPool.lambda$closeConnection$1(Ljava/sql/Connection;Ljava/lang/String;)V+3
j  com.zaxxer.hikari.pool.HikariPool$$Lambda+0x000000003b6e14b0.run()V+12
j  java.util.concurrent.ThreadPoolExecutor.runWorker(Ljava/util/concurrent/ThreadPoolExecutor$Worker;)V+92 java.base@26.0.1
j  java.util.concurrent.ThreadPoolExecutor$Worker.run()V+5 java.base@26.0.1
j  java.lang.Thread.runWith(Ljava/lang/Object;Ljava/lang/Runnable;)V+5 java.base@26.0.1
j  java.lang.Thread.run()V+19 java.base@26.0.1
v  ~StubRoutines::Stub Generator call_stub_stub 0x000002f9133118e2
Lock stack of current Java thread (top to bottom):
LockStack[0]: java.lang.Object 
{0x00000000863000d0} - klass: 'java/lang/Object' - flags: 

 - ---- fields (total size 2 words):


Compiled method (n/a) 11277  721     n 0       java.lang.ClassLoader::defineClass1 (native)
 total in heap  [0x000002f913600288,0x000002f9136006a8] = 1056
 main code      [0x000002f913600380,0x000002f9136006a3] = 803
 stub code      [0x000002f9136006a3,0x000002f9136006a8] = 5
 mutable data [0x000002f92078aed0,0x000002f92078aef0] = 32
 relocation     [0x000002f92078aed0,0x000002f92078aef0] = 32

[Constant Pool (empty)]


Loading hsdis library failed, undisassembled code is shown in MachCode section
[MachCode]
[Entry Point]
  # {method} {0x000000003a4acea0} 'defineClass1' '(Ljava/lang/ClassLoader;Ljava/lang/String;[BIILjava/security/ProtectionDomain;Ljava/lang/String;)Ljava/lang/Class;' in 'java/lang/ClassLoader'
  # parm0:    rdx:rdx   = 'java/lang/ClassLoader'
  # parm1:    r8:r8     = 'java/lang/String'
  # parm2:    r9:r9     = '[B'
  # parm3:    rdi       = int
  # parm4:    rsi       = int
  # parm5:    rcx:rcx   = 'java/security/ProtectionDomain'
  # parm6:    [sp+0xa0]   = 'java/lang/String'  (sp of caller)
  0x000002f913600380: 6690 448b | 5208 443b 

  0x000002f913600388: ;   {runtime_call Shared Runtime ic_miss_blob}
  0x000002f913600388: 5008 0f85 | 50ea d5ff 
[Verified Entry Point]
  0x000002f913600390: 8984 2400 | 80ff ff55 | 488b ec48 | 81ec 9000 | 0000 6690 | 4181 7f20 | 0700 0000 

  0x000002f9136003ac: ;   {runtime_call Stub::Stub Generator method_entry_barrier_stub}
  0x000002f9136003ac: 7405 e8cd | 3cd4 ff48 | 837d 1000 | 488d 4510 | 480f 4445 | 1048 8944 | 2440 4889 | 4c24 7048 
  0x000002f9136003cc: 83f9 0048 | 8d44 2470 | 480f 4444 | 2470 4889 | 4424 3848 | 8974 2430 | 4889 7c24 | 284c 894c 
  0x000002f9136003ec: 2458 4983 | f900 488d | 4424 5848 | 0f44 4424 | 5848 8944 | 2420 4c89 | 4424 5049 | 83f8 004c 
  0x000002f91360040c: 8d4c 2450 | 4c0f 444c | 2450 4889 | 5424 4848 | 83fa 004c | 8d44 2448 | 4c0f 4444 

  0x000002f913600428: ;   {oop(a 'java/lang/Class'{0x00000000ffe3ede8} = 'java/lang/ClassLoader')}
  0x000002f913600428: 2448 49be | e8ed e3ff | 0000 0000 | 4c89 7424 | 784c 8d74 | 2478 498b | d6c5 f877 

  0x000002f913600444: ;   {internal_word}
  0x000002f913600444: 49ba 4104 | 6013 f902 | 0000 4d89 | 9718 0400 | 0049 89a7 | 1004 0000 | 498d 8f30 | 0400 0041 
  0x000002f913600464: c787 ac04 | 0000 0400 

  0x000002f91360046c: ;   {runtime_call}
  0x000002f91360046c: 0000 48b8 | 8c16 7b14 | f97f 0000 | ffd0 c5f8 | 7741 c787 | ac04 0000 | 0500 0000 | f083 4424 
  0x000002f91360048c: c000 493b | 6f28 0f87 | 0e00 0000 | 4183 bfa8 | 0400 0000 | 0f84 2b00 | 0000 c5f8 | 7748 8945 
  0x000002f9136004ac: f849 8bcf | 4c8b e448 | 83ec 2048 

  0x000002f9136004b8: ;   {runtime_call}
  0x000002f9136004b8: 83e4 f048 | b850 0641 | 9ef8 7f00 | 00ff d049 | 8be4 4d33 | e448 8b45 | f841 c787 | ac04 0000 
  0x000002f9136004d8: 0800 0000 | 4183 bf30 | 0500 0002 | 0f84 8c01 | 0000 49c7 | 8710 0400 | 0000 0000 | 0049 c787 
  0x000002f9136004f8: 1804 0000 | 0000 0000 | c5f8 7748 | 85c0 0f84 | 2a01 0000 | a803 0f85 | 0800 0000 | 488b 00e9 
  0x000002f913600518: 1a01 0000 | a801 0f85 | 0900 0000 | 488b 40fe | e909 0100 | 0048 8b40 | ff41 807f | 4800 0f84 
  0x000002f913600538: fa00 0000 | 4885 c00f | 84f1 0000 | 0049 8b4f | 3848 85c9 | 7414 4883 | e908 4989 | 4f38 4903 
  0x000002f913600558: 4f40 4889 | 01e9 d400 | 0000 4883 | ec70 4889 | 0424 4889 | 4c24 0848 | 8954 2410 | 4c89 4424 
  0x000002f913600578: 184c 894c | 2420 4c89 | 5424 284c | 895c 2430 | c5fb 1144 | 2440 c5fb | 114c 2448 | c5fb 1154 
  0x000002f913600598: 2450 c5fb | 115c 2458 | c5fb 1164 | 2460 c5fb | 116c 2468 | 498b d748 | 8bc8 4883 | ec20 40f6 
  0x000002f9136005b8: ;   {other}
  0x000002f9136005b8: c40f 0f84 | 1900 0000 | 4883 ec08 

  0x000002f9136005c4: ;   {runtime_call}
  0x000002f9136005c4: 48b8 80ad | 339e f87f | 0000 ffd0 | 4883 c408 | e90c 0000 

  0x000002f9136005d8: ;   {runtime_call}
  0x000002f9136005d8: 0048 b880 | ad33 9ef8 | 7f00 00ff | d048 83c4 | 20c5 fb10 | 6c24 68c5 | fb10 6424 | 60c5 fb10 
  0x000002f9136005f8: 5c24 58c5 | fb10 5424 | 50c5 fb10 | 4c24 48c5 | fb10 4424 | 404c 8b5c | 2430 4c8b | 5424 284c 
  0x000002f913600618: 8b4c 2420 | 4c8b 4424 | 1848 8b54 | 2410 488b | 4c24 0848 | 8b04 2448 | 83c4 70c5 | f877 498b 
  0x000002f913600638: 8f90 0400 | 00c7 8100 | 0100 0000 | 0000 00c9 

  0x000002f913600648: ;   {poll_return}
  0x000002f913600648: 41f6 4728 

  0x000002f91360064c: ;   {internal_word}
  0x000002f91360064c: 0174 1649 | ba48 0660 | 13f9 0200 | 004d 8997 | b804 0000 

  0x000002f913600660: ;   {runtime_call SafepointBlob}
  0x000002f913600660: e9fb 0bd6 | ff49 837f | 0800 0f85 | 0100 0000 

  0x000002f913600670: ;   {runtime_call Stub::Stub Generator forward_exception_stub}
  0x000002f913600670: c3e9 6a11 | d1ff c5f8 | 7748 8945 | f84c 8be4 | 4883 ec20 | 4883 e4f0 

  0x000002f913600688: ;   {runtime_call}
  0x000002f913600688: 48b8 9037 | 7c9e f87f | 0000 ffd0 | 498b e44d | 33e4 488b | 45f8 e947 | feff fff4 | f4f4 f4f4 
[/MachCode]


Compiled method (c1) 11303 1065       1       java.lang.ClassLoader::defineClass (43 bytes)
 total in heap  [0x000002f913663d88,0x000002f9136640a8] = 800
 main code      [0x000002f913663e80,0x000002f913664040] = 448
 stub code      [0x000002f913664040,0x000002f9136640a8] = 104
 mutable data [0x000002f920c28990,0x000002f920c28a38] = 168
 relocation     [0x000002f920c28990,0x000002f920c289f8] = 104
 metadata       [0x000002f920c289f8,0x000002f920c28a38] = 64
 immutable data [0x000002f920b3b7c0,0x000002f920b3b95c] = 412
 dependencies   [0x000002f920b3b7c0,0x000002f920b3b7d8] = 24
 nul chk table  [0x000002f920b3b7d8,0x000002f920b3b800] = 40
 scopes pcs     [0x000002f920b3b800,0x000002f920b3b8a0] = 160
 scopes data    [0x000002f920b3b8a0,0x000002f920b3b958] = 184

[Constant Pool (empty)]


Loading hsdis library failed, undisassembled code is shown in MachCode section
[MachCode]
[Instructions begin]
  0x000002f913663e80: 6666 660f | 1f84 0000 | 0000 0066 | 6666 9066 | 6690 448b | 5208 443b 

  0x000002f913663e98: ;   {runtime_call Shared Runtime ic_miss_blob}
  0x000002f913663e98: 5008 0f85 | 40af cfff 
[Verified Entry Point]
  0x000002f913663ea0: 8984 2400 | 80ff ff55 | 4881 ecb0 | 0000 0090 | 4181 7f20 | 0700 0000 

  0x000002f913663eb8: ;   {runtime_call Stub::Stub Generator method_entry_barrier_stub}
  0x000002f913663eb8: 7405 e8c1 | 01ce ff48 | 8954 2478 | 89b4 2494 | 0000 0089 | bc24 9000 | 0000 4c89 | 8c24 8800 
  0x000002f913663ed8: 0000 498b | d84c 8bc3 | 4c8b c948 | 8bca 488b | d148 899c | 2480 0000 | 0066 0f1f 

  0x000002f913663ef4: ;   {optimized virtual_call}
  0x000002f913663ef4: 4400 00e8 

  0x000002f913663ef8: ; ImmutableOopMap {[120]=Oop [128]=Oop [136]=Oop }
                      ;*invokevirtual preDefineClass {reexecute=0 rethrow=0 return_oop=0}
                      ; - java.lang.ClassLoader::defineClass@4 (line 972)
  0x000002f913663ef8: 240f 0000 

  0x000002f913663efc: ;   {post_call_nop}
  0x000002f913663efc: 0f1f 8400 | 7401 0000 | 4889 8424 | 9800 0000 

  0x000002f913663f0c: ; implicit exception: dispatches to 0x000002f913663fe7
  0x000002f913663f0c: 448b 4010 | 4d85 c00f | 850f 0000 

  0x000002f913663f18: ;   {oop(nullptr)}
  0x000002f913663f18: 0048 bb00 | 0000 0000 | 0000 00e9 | 3f00 0000 

  0x000002f913663f28: ; implicit exception: dispatches to 0x000002f913663fec
  0x000002f913663f28: 458b 400c | 4d85 c00f | 850f 0000 

  0x000002f913663f34: ;   {oop(nullptr)}
  0x000002f913663f34: 0048 bb00 | 0000 0000 | 0000 00e9 | 2300 0000 

  0x000002f913663f44: ; implicit exception: dispatches to 0x000002f913663ff1
  0x000002f913663f44: 418b 5038 

  0x000002f913663f48: ; implicit exception: dispatches to 0x000002f913663ff6
  0x000002f913663f48: 483b 020f 

  0x000002f913663f4c: ;   {optimized virtual_call}
  0x000002f913663f4c: 1f40 00e8 

  0x000002f913663f50: ; ImmutableOopMap {[120]=Oop [128]=Oop [136]=Oop [152]=Oop }
                      ;*invokevirtual toExternalForm {reexecute=0 rethrow=0 return_oop=0}
                      ; - java.net.URL::toExternalForm@5 (line 1154)
                      ; - java.net.URL::toString@1 (line 1140)
                      ; - java.lang.ClassLoader::defineClassSourceLocation@22 (line 876)
                      ; - java.lang.ClassLoader::defineClass@12 (line 973)
  0x000002f913663f50: 4cf7 faff 

  0x000002f913663f54: ;   {post_call_nop}
  0x000002f913663f54: 0f1f 8400 | cc01 0001 | 488b d848 | 8b84 2498 | 0000 008b | b424 9400 | 0000 8bbc | 2490 0000 
  0x000002f913663f74: 004c 8b8c | 2488 0000 | 004c 8b84 | 2480 0000 | 0048 8b54 | 2478 4c8b | da49 8bd3 | 488b c848 
  0x000002f913663f94: ;   {static_call}
  0x000002f913663f94: 891c 24e8 

  0x000002f913663f98: ; ImmutableOopMap {[120]=Oop [152]=Oop }
                      ;*invokestatic defineClass1 {reexecute=0 rethrow=0 return_oop=0}
                      ; - java.lang.ClassLoader::defineClass@27 (line 974)
  0x000002f913663f98: f4c3 f9ff 

  0x000002f913663f9c: ;   {post_call_nop}
  0x000002f913663f9c: 0f1f 8400 | 1402 0002 | 4c8b c04c | 8b8c 2498 | 0000 0048 | 8b54 2478 | 4889 8424 | a000 0000 
  0x000002f913663fbc: ;   {optimized virtual_call}
  0x000002f913663fbc: 6666 90e8 

  0x000002f913663fc0: ; ImmutableOopMap {[160]=Oop }
                      ;*invokevirtual postDefineClass {reexecute=0 rethrow=0 return_oop=0}
                      ; - java.lang.ClassLoader::defineClass@37 (line 975)
  0x000002f913663fc0: 5c0b 0000 

  0x000002f913663fc4: ;   {post_call_nop}
  0x000002f913663fc4: 0f1f 8400 | 3c02 0003 | 488b 8424 | a000 0000 | 4881 c4b0 | 0000 005d 

  0x000002f913663fdc: ;   {poll_return}
  0x000002f913663fdc: 493b 6728 | 0f87 1500 

  0x000002f913663fe4: ;   {runtime_call C1 Runtime throw_null_pointer_exception_blob}
  0x000002f913663fe4: 0000 c3e8 

  0x000002f913663fe8: ; ImmutableOopMap {rax=Oop [120]=Oop [128]=Oop [136]=Oop [152]=Oop }
                      ;*invokevirtual getCodeSource {reexecute=0 rethrow=0 return_oop=0}
                      ; - java.lang.ClassLoader::defineClassSourceLocation@1 (line 873)
                      ; - java.lang.ClassLoader::defineClass@12 (line 973)
  0x000002f913663fe8: f465 daff 

  0x000002f913663fec: ;   {runtime_call C1 Runtime throw_null_pointer_exception_blob}
  0x000002f913663fec: e8ef 65da 

  0x000002f913663ff0: ; ImmutableOopMap {rax=Oop [120]=Oop [128]=Oop [136]=Oop [152]=Oop }
                      ;*invokevirtual getLocation {reexecute=0 rethrow=0 return_oop=0}
                      ; - java.lang.ClassLoader::defineClassSourceLocation@12 (line 875)
                      ; - java.lang.ClassLoader::defineClass@12 (line 973)
                      ;   {runtime_call C1 Runtime throw_null_pointer_exception_blob}
  0x000002f913663ff0: ffe8 ea65 

  0x000002f913663ff4: ; ImmutableOopMap {r8=Oop [120]=Oop [128]=Oop [136]=Oop [152]=Oop }
                      ;*invokevirtual toString {reexecute=0 rethrow=0 return_oop=0}
                      ; - java.lang.ClassLoader::defineClassSourceLocation@22 (line 876)
                      ; - java.lang.ClassLoader::defineClass@12 (line 973)
                      ;   {runtime_call C1 Runtime throw_null_pointer_exception_blob}
  0x000002f913663ff4: daff e8e5 

  0x000002f913663ff8: ; ImmutableOopMap {r8=Oop rdx=Oop [120]=Oop [128]=Oop [136]=Oop [152]=Oop }
                      ;*invokevirtual toExternalForm {reexecute=0 rethrow=0 return_oop=0}
                      ; - java.net.URL::toExternalForm@5 (line 1154)
                      ; - java.net.URL::toString@1 (line 1140)
                      ; - java.lang.ClassLoader::defineClassSourceLocation@22 (line 876)
                      ; - java.lang.ClassLoader::defineClass@12 (line 973)
                      ;   {internal_word}
  0x000002f913663ff8: 65da ff49 | badc 3f66 | 13f9 0200 | 004d 8997 | b804 0000 

  0x000002f91366400c: ;   {runtime_call SafepointBlob}
  0x000002f91366400c: e94f d2cf | ff49 8b87 | 6805 0000 | 49c7 8768 | 0500 0000 | 0000 0049 | c787 7005 | 0000 0000 
  0x000002f91366402c: 0000 4881 | c4b0 0000 

  0x000002f913664034: ;   {runtime_call C1 Runtime unwind_exception_blob}
  0x000002f913664034: 005d e925 | 53da fff4 | f4f4 f4f4 
[Stub Code]
  0x000002f913664040: ;   {other}
  0x000002f913664040: 0f1f 4400 

  0x000002f913664044: ;   {static_stub}
  0x000002f913664044: 0048 bb00 | 0000 0000 

  0x000002f91366404c: ;   {runtime_call nmethod}
  0x000002f91366404c: 0000 00e9 | fbff ffff 

  0x000002f913664054: ;   {static_stub}
  0x000002f913664054: 48bb 58cf | 4a3a 0000 

  0x000002f91366405c: ;   {runtime_call I2C/C2I adapters}
  0x000002f91366405c: 0000 e9d7 

  0x000002f913664060: ;   {static_stub}
  0x000002f913664060: 95cf ff48 | bb00 0000 | 0000 0000 

  0x000002f91366406c: ;   {runtime_call nmethod}
  0x000002f91366406c: 00e9 fbff 

  0x000002f913664070: ;   {static_stub}
  0x000002f913664070: ffff 48bb | 0000 0000 | 0000 0000 

  0x000002f91366407c: ;   {runtime_call nmethod}
  0x000002f91366407c: e9fb ffff 

  0x000002f913664080: ;   {runtime_call C1 Runtime handle_exception_from_callee_blob}
  0x000002f913664080: ffe8 5a8a 

  0x000002f913664084: ;   {external_word}
  0x000002f913664084: daff 48b9 | 3872 a79e | f87f 0000 | 4883 e4f0 

  0x000002f913664094: ;   {runtime_call}
  0x000002f913664094: 48b8 30e5 | 689e f87f | 0000 ffd0 

  0x000002f9136640a0: ;   {runtime_call DeoptimizationBlob}
  0x000002f9136640a0: f4e8 bad4 | cfff ebf9 
[/MachCode]


Compiled method (c1) 11326  950       1       jdk.internal.loader.BuiltinClassLoader::defineClass (121 bytes)
 total in heap  [0x000002f913644008,0x000002f9136444f0] = 1256
 main code      [0x000002f913644100,0x000002f913644418] = 792
 stub code      [0x000002f913644418,0x000002f9136444f0] = 216
 mutable data [0x000002f920b14650,0x000002f920b14768] = 280
 relocation     [0x000002f920b14650,0x000002f920b14720] = 208
 metadata       [0x000002f920b14720,0x000002f920b14768] = 72
 immutable data [0x000002f920b2ae50,0x000002f920b2b10c] = 700
 dependencies   [0x000002f920b2ae50,0x000002f920b2ae68] = 24
 nul chk table  [0x000002f920b2ae68,0x000002f920b2ae88] = 32
 scopes pcs     [0x000002f920b2ae88,0x000002f920b2af98] = 272
 scopes data    [0x000002f920b2af98,0x000002f920b2b108] = 368

[Constant Pool (empty)]


Loading hsdis library failed, undisassembled code is shown in MachCode section
[MachCode]
[Instructions begin]
  0x000002f913644100: 6666 660f | 1f84 0000 | 0000 0066 | 6666 9066 | 6690 448b | 5208 443b 

  0x000002f913644118: ;   {runtime_call Shared Runtime ic_miss_blob}
  0x000002f913644118: 5008 0f85 | c0ac d1ff 
[Verified Entry Point]
  0x000002f913644120: 8984 2400 | 80ff ff55 | 4881 ece0 | 0000 0090 | 4181 7f20 | 0700 0000 

  0x000002f913644138: ;   {runtime_call Stub::Stub Generator method_entry_barrier_stub}
  0x000002f913644138: 7405 e841 | ffcf ff48 | 8994 24a0 | 0000 004c | 8984 2490 | 0000 004c | 898c 2498 | 0000 0049 
  0x000002f913644158: 8bd1 6666 | 9048 b820 | 69a0 20f9 

  0x000002f913644164: ;   {virtual_call}
  0x000002f913644164: 0200 00e8 

  0x000002f913644168: ; ImmutableOopMap {[144]=Oop [152]=Oop [160]=Oop }
                      ;*invokevirtual getCodeSourceURL {reexecute=0 rethrow=0 return_oop=0}
                      ; - jdk.internal.loader.BuiltinClassLoader::defineClass@1 (line 756)
  0x000002f913644168: ac4e 0800 

  0x000002f91364416c: ;   {post_call_nop}
  0x000002f91364416c: 0f1f 8400 | 6401 0000 | 4889 8424 | a800 0000 | 4c8b 8424 | 9000 0000 

  0x000002f913644184: ; implicit exception: dispatches to 0x000002f9136443b7
  0x000002f913644184: 418b 7014 

  0x000002f913644188: ; implicit exception: dispatches to 0x000002f9136443bc
  0x000002f913644188: 8b56 0c45 | 0fbe 4810 | 498b c9c1 | e118 c1f9 | 18d3 fa48 | 8bfa ffcf | 4585 c9ba | 0000 0000 
  0x000002f9136441a8: 7505 ba01 | 0000 0083 | e201 85d2 | 488b d641 | b82e 0000 | 004c 8bcf | 0f84 1300 

  0x000002f9136441c4: ;   {static_call}
  0x000002f9136441c4: 0000 90e8 

  0x000002f9136441c8: ; ImmutableOopMap {[144]=Oop [152]=Oop [160]=Oop [168]=Oop }
                      ;*invokestatic lastIndexOf {reexecute=0 rethrow=0 return_oop=0}
                      ; - java.lang.String::lastIndexOf@13 (line 2925)
                      ; - java.lang.String::lastIndexOf@8 (line 2887)
                      ; - jdk.internal.loader.BuiltinClassLoader::defineClass@8 (line 759)
  0x000002f9136441c8: 34e9 f2ff 

  0x000002f9136441cc: ;   {post_call_nop}
  0x000002f9136441cc: 0f1f 8400 | c401 0001 | e913 0000 | 0066 0f1f 

  0x000002f9136441dc: ;   {static_call}
  0x000002f9136441dc: 4400 00e8 

  0x000002f9136441e0: ; ImmutableOopMap {[144]=Oop [152]=Oop [160]=Oop [168]=Oop }
                      ;*invokestatic lastIndexOf {reexecute=0 rethrow=0 return_oop=0}
                      ; - java.lang.String::lastIndexOf@25 (line 2926)
                      ; - java.lang.String::lastIndexOf@8 (line 2887)
                      ; - jdk.internal.loader.BuiltinClassLoader::defineClass@8 (line 759)
  0x000002f9136441e0: fcb4 d1ff 

  0x000002f9136441e4: ;   {post_call_nop}
  0x000002f9136441e4: 0f1f 8400 | dc01 0002 | 83f8 ff0f | 847f 0000 | 0041 b800 | 0000 004c | 8bc8 488b | 9424 9000 
  0x000002f913644204: ;   {optimized virtual_call}
  0x000002f913644204: 0000 90e8 

  0x000002f913644208: ; ImmutableOopMap {[144]=Oop [152]=Oop [160]=Oop [168]=Oop }
                      ;*invokevirtual substring {reexecute=0 rethrow=0 return_oop=0}
                      ; - jdk.internal.loader.BuiltinClassLoader::defineClass@23 (line 761)
  0x000002f913644208: 9488 f1ff 

  0x000002f91364420c: ;   {post_call_nop}
  0x000002f91364420c: 0f1f 8400 | 0402 0003 | 488b 9424 | 9800 0000 | 4889 8424 | b000 0000 | 9048 b848 | 69a0 20f9 
  0x000002f91364422c: ;   {virtual_call}
  0x000002f91364422c: 0200 00e8 

  0x000002f913644230: ; ImmutableOopMap {[144]=Oop [152]=Oop [160]=Oop [168]=Oop [176]=Oop }
                      ;*invokevirtual getManifest {reexecute=0 rethrow=0 return_oop=0}
                      ; - jdk.internal.loader.BuiltinClassLoader::defineClass@29 (line 762)
  0x000002f913644230: ac4b 0800 

  0x000002f913644234: ;   {post_call_nop}
  0x000002f913644234: 0f1f 8400 | 2c02 0004 | 4c8b 8424 | b000 0000 | 4c8b c848 | 8bbc 24a8 | 0000 0048 | 8b94 24a0 
  0x000002f913644254: 0000 0066 | 0f1f 4400 | 0048 b870 | 69a0 20f9 

  0x000002f913644264: ;   {virtual_call}
  0x000002f913644264: 0200 00e8 

  0x000002f913644268: ; ImmutableOopMap {[144]=Oop [152]=Oop [160]=Oop [168]=Oop }
                      ;*invokevirtual defineOrCheckPackage {reexecute=0 rethrow=0 return_oop=0}
                      ; - jdk.internal.loader.BuiltinClassLoader::defineClass@40 (line 763)
  0x000002f913644268: 26f5 ffff 

  0x000002f91364426c: ;   {post_call_nop}
  0x000002f91364426c: 0f1f 8400 | 6402 0005 | 4c8b 8c24 | 9800 0000 | 498b d166 | 0f1f 4400 | 0048 b898 | 69a0 20f9 
  0x000002f91364428c: ;   {virtual_call}
  0x000002f91364428c: 0200 00e8 

  0x000002f913644290: ; ImmutableOopMap {[144]=Oop [152]=Oop [160]=Oop [168]=Oop }
                      ;*invokevirtual getBytes {reexecute=0 rethrow=0 return_oop=0}
                      ; - jdk.internal.loader.BuiltinClassLoader::defineClass@84 (line 773)
  0x000002f913644290: cc7d ddff 

  0x000002f913644294: ;   {post_call_nop}
  0x000002f913644294: 0f1f 8400 | 8c02 0006 | 4889 8424 | b800 0000 | 488b 9424 | 9800 0000 | 9048 b8c0 | 69a0 20f9 
  0x000002f9136442b4: ;   {virtual_call}
  0x000002f9136442b4: 0200 00e8 

  0x000002f9136442b8: ; ImmutableOopMap {[144]=Oop [160]=Oop [168]=Oop [184]=Oop }
                      ;*invokevirtual getCodeSigners {reexecute=0 rethrow=0 return_oop=0}
                      ; - jdk.internal.loader.BuiltinClassLoader::defineClass@90 (line 774)
  0x000002f9136442b8: 7c7d ddff 

  0x000002f9136442bc: ;   {post_call_nop}
  0x000002f9136442bc: 0f1f 8400 | b402 0007 

  0x000002f9136442c4: ;   {metadata('java/security/CodeSource')}
  0x000002f9136442c4: 4c8b c848 | ba50 e21c | 3a00 0000 | 0049 8b87 | b001 0000 | 488d 7828 | 493b bfc0 | 0100 000f 
  0x000002f9136442e4: 87d8 0000 | 0049 89bf | b001 0000 | 48c7 0001 | 0000 0048 | 8bca 41ba | 0000 003a | 492b ca89 
  0x000002f913644304: 4808 4833 | c989 480c | 4833 c948 | 8948 1048 | 8948 1848 | 8948 204c | 8b84 24a8 | 0000 0048 
  0x000002f913644324: 8bd0 4889 | 8424 c000 

  0x000002f91364432c: ;   {optimized virtual_call}
  0x000002f91364432c: 0000 90e8 

  0x000002f913644330: ; ImmutableOopMap {[144]=Oop [160]=Oop [184]=Oop [192]=Oop }
                      ;*invokespecial <init> {reexecute=0 rethrow=0 return_oop=0}
                      ; - jdk.internal.loader.BuiltinClassLoader::defineClass@102 (line 775)
  0x000002f913644330: ecf0 0100 

  0x000002f913644334: ;   {post_call_nop}
  0x000002f913644334: 0f1f 8400 | 2c03 0008 | 488b 8424 | b800 0000 

  0x000002f913644344: ; implicit exception: dispatches to 0x000002f9136443ce
  0x000002f913644344: 8b70 0c4c | 8b84 24c0 | 0000 0048 | 8b94 24a0 | 0000 0089 | b424 c800 

  0x000002f91364435c: ;   {optimized virtual_call}
  0x000002f91364435c: 0000 90e8 

  0x000002f913644360: ; ImmutableOopMap {[144]=Oop [160]=Oop [184]=Oop }
                      ;*invokevirtual getProtectionDomain {reexecute=0 rethrow=0 return_oop=0}
                      ; - java.security.SecureClassLoader::defineClass@9 (line 145)
                      ; - jdk.internal.loader.BuiltinClassLoader::defineClass@117 (line 776)
  0x000002f913644360: bcec 0100 

  0x000002f913644364: ;   {post_call_nop}
  0x000002f913644364: 0f1f 8400 | 5c03 0009 | 4c8b 8424 | 9000 0000 | 4c8b 8c24 | b800 0000 | bf00 0000 | 008b b424 
  0x000002f913644384: c800 0000 | 488b c848 | 8b94 24a0 | 0000 000f 

  0x000002f913644394: ;   {optimized virtual_call}
  0x000002f913644394: 1f40 00e8 

  0x000002f913644398: ; ImmutableOopMap {}
                      ;*invokevirtual defineClass {reexecute=0 rethrow=0 return_oop=0}
                      ; - java.security.SecureClassLoader::defineClass@12 (line 145)
                      ; - jdk.internal.loader.BuiltinClassLoader::defineClass@117 (line 776)
  0x000002f913644398: 04fb 0100 

  0x000002f91364439c: ;   {post_call_nop}
  0x000002f91364439c: 0f1f 8400 | 9403 000a | 4881 c4e0 | 0000 005d 

  0x000002f9136443ac: ;   {poll_return}
  0x000002f9136443ac: 493b 6728 | 0f87 1d00 

  0x000002f9136443b4: ;   {runtime_call C1 Runtime throw_null_pointer_exception_blob}
  0x000002f9136443b4: 0000 c3e8 

  0x000002f9136443b8: ; ImmutableOopMap {rax=Oop r8=Oop [144]=Oop [152]=Oop [160]=Oop [168]=Oop }
                      ;*invokevirtual lastIndexOf {reexecute=0 rethrow=0 return_oop=0}
                      ; - jdk.internal.loader.BuiltinClassLoader::defineClass@8 (line 759)
  0x000002f9136443b8: 2462 dcff 

  0x000002f9136443bc: ;   {runtime_call C1 Runtime throw_null_pointer_exception_blob}
  0x000002f9136443bc: e81f 62dc 

  0x000002f9136443c0: ; ImmutableOopMap {rax=Oop r8=Oop rsi=Oop [144]=Oop [152]=Oop [160]=Oop [168]=Oop }
                      ;*arraylength {reexecute=0 rethrow=0 return_oop=0}
                      ; - java.lang.String::length@4 (line 1744)
                      ; - java.lang.String::lastIndexOf@3 (line 2887)
                      ; - jdk.internal.loader.BuiltinClassLoader::defineClass@8 (line 759)
  0x000002f9136443c0: ff48 8bd2 

  0x000002f9136443c4: ;   {runtime_call C1 Runtime fast_new_instance_blob}
  0x000002f9136443c4: e897 6edc 

  0x000002f9136443c8: ; ImmutableOopMap {r9=Oop [144]=Oop [160]=Oop [168]=Oop [184]=Oop }
                      ;*new {reexecute=0 rethrow=0 return_oop=0}
                      ; - jdk.internal.loader.BuiltinClassLoader::defineClass@95 (line 775)
  0x000002f9136443c8: ffe9 4dff 

  0x000002f9136443cc: ;   {runtime_call C1 Runtime throw_null_pointer_exception_blob}
  0x000002f9136443cc: ffff e80d 

  0x000002f9136443d0: ; ImmutableOopMap {rax=Oop [144]=Oop [160]=Oop [184]=Oop [192]=Oop }
                      ;*arraylength {reexecute=0 rethrow=0 return_oop=0}
                      ; - jdk.internal.loader.BuiltinClassLoader::defineClass@114 (line 776)
                      ;   {internal_word}
  0x000002f9136443d0: 62dc ff49 | baac 4364 | 13f9 0200 | 004d 8997 | b804 0000 

  0x000002f9136443e4: ;   {runtime_call SafepointBlob}
  0x000002f9136443e4: e977 ced1 | ff49 8b87 | 6805 0000 | 49c7 8768 | 0500 0000 | 0000 0049 | c787 7005 | 0000 0000 
  0x000002f913644404: 0000 4881 | c4e0 0000 

  0x000002f91364440c: ;   {runtime_call C1 Runtime unwind_exception_blob}
  0x000002f91364440c: 005d e94d | 4fdc fff4 | f4f4 f4f4 
[Stub Code]
  0x000002f913644418: ;   {other}
  0x000002f913644418: 0f1f 4400 

  0x000002f91364441c: ;   {static_stub}
  0x000002f91364441c: 0048 bb00 | 0000 0000 

  0x000002f913644424: ;   {runtime_call nmethod}
  0x000002f913644424: 0000 00e9 | fbff ffff 

  0x000002f91364442c: ;   {static_stub}
  0x000002f91364442c: 9048 bb00 | 0000 0000 

  0x000002f913644434: ;   {runtime_call nmethod}
  0x000002f913644434: 0000 00e9 | fbff ffff 

  0x000002f91364443c: ;   {static_stub}
  0x000002f91364443c: 9048 bb00 | 0000 0000 

  0x000002f913644444: ;   {runtime_call nmethod}
  0x000002f913644444: 0000 00e9 | fbff ffff 

  0x000002f91364444c: ;   {static_stub}
  0x000002f91364444c: 9048 bb00 | 0000 0000 

  0x000002f913644454: ;   {runtime_call nmethod}
  0x000002f913644454: 0000 00e9 | fbff ffff 

  0x000002f91364445c: ;   {static_stub}
  0x000002f91364445c: 9048 bb00 | 0000 0000 

  0x000002f913644464: ;   {runtime_call nmethod}
  0x000002f913644464: 0000 00e9 | fbff ffff 

  0x000002f91364446c: ;   {static_stub}
  0x000002f91364446c: 48bb 0000 | 0000 0000 

  0x000002f913644474: ;   {runtime_call nmethod}
  0x000002f913644474: 0000 e9fb 

  0x000002f913644478: ;   {static_stub}
  0x000002f913644478: ffff ff48 | bb00 0000 | 0000 0000 

  0x000002f913644484: ;   {runtime_call nmethod}
  0x000002f913644484: 00e9 fbff 

  0x000002f913644488: ;   {static_stub}
  0x000002f913644488: ffff 48bb | 0000 0000 | 0000 0000 

  0x000002f913644494: ;   {runtime_call nmethod}
  0x000002f913644494: e9fb ffff 

  0x000002f913644498: ;   {static_stub}
  0x000002f913644498: ff48 bb18 | e81c 3a00 

  0x000002f9136444a0: ;   {runtime_call I2C/C2I adapters}
  0x000002f9136444a0: 0000 00e9 | 9291 d1ff 

  0x000002f9136444a8: ;   {static_stub}
  0x000002f9136444a8: 48bb 40f6 | 1c3a 0000 

  0x000002f9136444b0: ;   {runtime_call I2C/C2I adapters}
  0x000002f9136444b0: 0000 e97f 

  0x000002f9136444b4: ;   {static_stub}
  0x000002f9136444b4: 1ad2 ff48 | bb70 d24a | 3a00 0000 

  0x000002f9136444c0: ;   {runtime_call I2C/C2I adapters}
  0x000002f9136444c0: 00e9 fe13 

  0x000002f9136444c4: ;   {runtime_call C1 Runtime handle_exception_from_callee_blob}
  0x000002f9136444c4: d1ff e815 

  0x000002f9136444c8: ;   {external_word}
  0x000002f9136444c8: 86dc ff48 | b938 72a7 | 9ef8 7f00 | 0048 83e4 

  0x000002f9136444d8: ;   {runtime_call}
  0x000002f9136444d8: f048 b830 | e568 9ef8 | 7f00 00ff 

  0x000002f9136444e4: ;   {runtime_call DeoptimizationBlob}
  0x000002f9136444e4: d0f4 e875 | d0d1 ffeb | f9f4 f4f4 
[/MachCode]


---------------  P R O C E S S  ---------------

Threads class SMR info:
_java_thread_list=0x000002f921b0b710, length=20, elements={
0x000002f90a67af70, 0x000002f91bb573d0, 0x000002f91bb57f80, 0x000002f91bb5d260,
0x000002f91bb5ee20, 0x000002f91bb62ab0, 0x000002f91bb70e00, 0x000002f91bb73390,
0x000002f91bc1e290, 0x000002f92006c550, 0x000002f9200bc540, 0x000002f9203fc7a0,
0x000002f9203fcf50, 0x000002f9217518c0, 0x000002f921752070, 0x000002f90a7286c0,
0x000002f9217a2680, 0x000002f92091c6e0, 0x000002f92066e4f0, 0x000002f920989610
}

Java Threads: ( => current thread )
  0x000002f90a67af70 JavaThread "main"                              [_thread_blocked, id=3688, stack(0x000000fa9c200000,0x000000fa9c300000) (1024K)]
  0x000002f91bb573d0 JavaThread "Reference Handler"          daemon [_thread_blocked, id=7820, stack(0x000000fa9cb00000,0x000000fa9cc00000) (1024K)]
  0x000002f91bb57f80 JavaThread "Finalizer"                  daemon [_thread_blocked, id=17868, stack(0x000000fa9cc00000,0x000000fa9cd00000) (1024K)]
  0x000002f91bb5d260 JavaThread "Signal Dispatcher"          daemon [_thread_blocked, id=1196, stack(0x000000fa9cd00000,0x000000fa9ce00000) (1024K)]
  0x000002f91bb5ee20 JavaThread "Attach Listener"            daemon [_thread_blocked, id=12568, stack(0x000000fa9ce00000,0x000000fa9cf00000) (1024K)]
  0x000002f91bb62ab0 JavaThread "Service Thread"             daemon [_thread_blocked, id=1932, stack(0x000000fa9cf00000,0x000000fa9d000000) (1024K)]
  0x000002f91bb70e00 JavaThread "Monitor Deflation Thread"   daemon [_thread_blocked, id=12276, stack(0x000000fa9d000000,0x000000fa9d100000) (1024K)]
  0x000002f91bb73390 JavaThread "C1 CompilerThread0"         daemon [_thread_blocked, id=1484, stack(0x000000fa9d100000,0x000000fa9d200000) (1024K)]
  0x000002f91bc1e290 JavaThread "C1 CompilerThread1"         daemon [_thread_blocked, id=13164, stack(0x000000fa9d200000,0x000000fa9d300000) (1024K)]
  0x000002f92006c550 JavaThread "C1 CompilerThread2"         daemon [_thread_blocked, id=17348, stack(0x000000fa9d300000,0x000000fa9d400000) (1024K)]
  0x000002f9200bc540 JavaThread "Common-Cleaner"             daemon [_thread_blocked, id=13116, stack(0x000000fa9d400000,0x000000fa9d500000) (1024K)]
  0x000002f9203fc7a0 JavaThread "Monitor Ctrl-Break"         daemon [_thread_in_native, id=18076, stack(0x000000fa9d700000,0x000000fa9d800000) (1024K)]
  0x000002f9203fcf50 JavaThread "Notification Thread"        daemon [_thread_blocked, id=20320, stack(0x000000fa9d800000,0x000000fa9d900000) (1024K)]
  0x000002f9217518c0 JavaThread "Catalina-utility-1"                [_thread_blocked, id=15840, stack(0x000000fa9dd00000,0x000000fa9de00000) (1024K)]
  0x000002f921752070 JavaThread "Catalina-utility-2"                [_thread_blocked, id=18912, stack(0x000000fa9e000000,0x000000fa9e100000) (1024K)]
  0x000002f90a7286c0 JavaThread "container-0"                       [_thread_blocked, id=18376, stack(0x000000fa9e100000,0x000000fa9e200000) (1024K)]
  0x000002f9217a2680 JavaThread "mysql-cj-abandoned-connection-cleanup" daemon [_thread_blocked, id=7788, stack(0x000000fa9e200000,0x000000fa9e300000) (1024K)]
  0x000002f92091c6e0 JavaThread "HikariPool-1:housekeeper"   daemon [_thread_blocked, id=5260, stack(0x000000fa9e400000,0x000000fa9e500000) (1024K)]
  0x000002f92066e4f0 JavaThread "HikariPool-1:connection-adder" daemon [_thread_in_vm, id=14484, stack(0x000000fa9e500000,0x000000fa9e600000) (1024K)]
=>0x000002f920989610 JavaThread "HikariPool-1:connection-closer" daemon [_thread_in_vm, id=10196, stack(0x000000fa9e600000,0x000000fa9e700000) (1024K)]
Total: 20

Other Threads:
  0x000002f91bb46bc0 VMThread "VM Thread"                           [id=18208, stack(0x000000fa9ca00000,0x000000fa9cb00000) (1024K)]
  0x000002f90a729970 WatcherThread "VM Periodic Task Thread"        [id=11928, stack(0x000000fa9c900000,0x000000fa9ca00000) (1024K)]
  0x000002f90a6b74d0 WorkerThread "GC Thread#0"                     [id=6532, stack(0x000000fa9c300000,0x000000fa9c400000) (1024K)]
  0x000002f9202f8980 WorkerThread "GC Thread#1"                     [id=18768, stack(0x000000fa9d500000,0x000000fa9d600000) (1024K)]
  0x000002f9203ef3b0 WorkerThread "GC Thread#2"                     [id=11968, stack(0x000000fa9d900000,0x000000fa9da00000) (1024K)]
  0x000002f9203ecce0 WorkerThread "GC Thread#3"                     [id=20652, stack(0x000000fa9da00000,0x000000fa9db00000) (1024K)]
  0x000002f9203ee6c0 WorkerThread "GC Thread#4"                     [id=12384, stack(0x000000fa9db00000,0x000000fa9dc00000) (1024K)]
  0x000002f9203ee270 WorkerThread "GC Thread#5"                     [id=18028, stack(0x000000fa9dc00000,0x000000fa9dd00000) (1024K)]
  0x000002f9203ebff0 WorkerThread "GC Thread#6"                     [id=9736, stack(0x000000fa9de00000,0x000000fa9df00000) (1024K)]
  0x000002f9203ed9d0 WorkerThread "GC Thread#7"                     [id=2888, stack(0x000000fa9df00000,0x000000fa9e000000) (1024K)]
  0x000002f90a6d1d80 ConcurrentGCThread "G1 Main Marker"            [id=21088, stack(0x000000fa9c400000,0x000000fa9c500000) (1024K)]
  0x000002f90a6d30a0 WorkerThread "G1 Conc#0"                       [id=19204, stack(0x000000fa9c500000,0x000000fa9c600000) (1024K)]
  0x000002f9203ef800 WorkerThread "G1 Conc#1"                       [id=14272, stack(0x000000fa9d600000,0x000000fa9d700000) (1024K)]
  0x000002f90a715ce0 WorkerThread "G1 Refinement Workers#0"         [id=14416, stack(0x000000fa9c700000,0x000000fa9c800000) (1024K)]
  0x000002f90a713310 ConcurrentGCThread "G1 Refine Control"         [id=11204, stack(0x000000fa9c600000,0x000000fa9c700000) (1024K)]
  0x000002f90a7174a0 ConcurrentGCThread "G1 Service"                [id=7816, stack(0x000000fa9c800000,0x000000fa9c900000) (1024K)]
Total: 16

Threads with active compile tasks:
Total: 0

VM state: not at safepoint (normal execution)

VM Mutex/Monitor currently owned by a thread:  ([mutex/lock_event])
[0x00007ff89ed4cb08] Metaspace_lock - owner thread: 0x000002f920989610

Heap address: 0x0000000082600000, size: 2010 MB, Compressed Oops mode: 32-bit

CDS archive(s) mapped at: [0x000000003a000000-0x000000003ade0000-0x000000003ade0000), size 14548992, SharedBaseAddress: 0x000000003a000000, ArchiveRelocationMode: 1.
Compressed class space mapped at: 0x000000003b000000-0x000000007b000000, reserved size: 1073741824
UseCompressedClassPointers 1, UseCompactObjectHeaders 0
Narrow klass pointer bits 32, Max shift 3
Narrow klass base: 0x000000003a000000, Narrow klass shift: 0
Encoding Range: [0x000000003a000000 - 0x000000013a000000), (4294967296 bytes)
Klass Range:    [0x000000003a000000 - 0x000000007b000000), (1090519040 bytes)
Klass ID Range:  [8 - 1090519033) (1090519025)
Protection zone: [0x000000003a000000 - 0x000000003a010000), (65536 bytes)

GC Precious Log:
 CardTable entry size: 512
 Card Set container configuration: InlinePtr #cards 5 size 8 Array Of Cards #cards 10 size 36 Howl #buckets 4 coarsen threshold 1843 Howl Bitmap #cards 512 size 80 coarsen threshold 460 Card regions per heap region 1 cards per card region 2048
 CPUs: 8 total, 8 available
 Memory: 8035M
 Large Page Support: Disabled
 NUMA Support: Disabled
 Compressed Oops: Enabled (32-bit)
 Heap Region Size: 1M
 Heap Min Capacity: 8M
 Heap Initial Capacity: 8M
 Heap Max Capacity: 2010M
 Pre-touch: Disabled
 Parallel Workers: 8
 Concurrent Workers: 2
 Concurrent Refinement Workers: 8
 Periodic GC: Disabled

Heap:
 garbage-first heap   total reserved 2058240K, committed 99328K, used 51255K [0x0000000082600000, 0x0000000100000000)
  region size 1M, 31 eden (31M), 3 survivor (3M), 18 old (18M), 1 humongous (1M), 44 free (44M)

Heap Regions: E=young(eden), S=young(survivor), O=old, HS=humongous(starts), HC=humongous(continues), CS=collection set, F=free, TAMS=top-at-mark-start, PB=parsable bottom
|    0|0x0000000082600000, 0x0000000082700000, 0x0000000082700000|100%|HS|  |TAMS 0x0000000082600000| PB 0x0000000082600000| Complete  |  0
|    1|0x0000000082700000, 0x0000000082800000, 0x0000000082800000|100%| O|  |TAMS 0x0000000082700000| PB 0x0000000082700000| Untracked |  0
|    2|0x0000000082800000, 0x0000000082900000, 0x0000000082900000|100%| O|  |TAMS 0x0000000082800000| PB 0x0000000082800000| Untracked |  0
|    3|0x0000000082900000, 0x0000000082a00000, 0x0000000082a00000|100%| O|  |TAMS 0x0000000082900000| PB 0x0000000082900000| Untracked |  0
|    4|0x0000000082a00000, 0x0000000082b00000, 0x0000000082b00000|100%| O|  |TAMS 0x0000000082a00000| PB 0x0000000082a00000| Untracked |  0
|    5|0x0000000082b00000, 0x0000000082c00000, 0x0000000082c00000|100%| O|  |TAMS 0x0000000082b00000| PB 0x0000000082b00000| Untracked |  0
|    6|0x0000000082c00000, 0x0000000082d00000, 0x0000000082d00000|100%| O|  |TAMS 0x0000000082c00000| PB 0x0000000082c00000| Untracked |  0
|    7|0x0000000082d00000, 0x0000000082e00000, 0x0000000082e00000|100%| O|  |TAMS 0x0000000082d00000| PB 0x0000000082d00000| Untracked |  0
|    8|0x0000000082e00000, 0x0000000082f00000, 0x0000000082f00000|100%| O|  |TAMS 0x0000000082e00000| PB 0x0000000082e00000| Untracked |  0
|    9|0x0000000082f00000, 0x0000000083000000, 0x0000000083000000|100%| O|  |TAMS 0x0000000082f00000| PB 0x0000000082f00000| Untracked |  0
|   10|0x0000000083000000, 0x0000000083100000, 0x0000000083100000|100%| O|  |TAMS 0x0000000083000000| PB 0x0000000083000000| Untracked |  0
|   11|0x0000000083100000, 0x0000000083200000, 0x0000000083200000|100%| O|  |TAMS 0x0000000083100000| PB 0x0000000083100000| Untracked |  0
|   12|0x0000000083200000, 0x0000000083300000, 0x0000000083300000|100%| O|  |TAMS 0x0000000083200000| PB 0x0000000083200000| Untracked |  0
|   13|0x0000000083300000, 0x0000000083400000, 0x0000000083400000|100%| O|  |TAMS 0x0000000083300000| PB 0x0000000083300000| Untracked |  0
|   14|0x0000000083400000, 0x0000000083500000, 0x0000000083500000|100%| O|  |TAMS 0x0000000083400000| PB 0x0000000083400000| Untracked |  0
|   15|0x0000000083500000, 0x0000000083600000, 0x0000000083600000|100%| O|  |TAMS 0x0000000083500000| PB 0x0000000083500000| Untracked |  0
|   16|0x0000000083600000, 0x000000008368bc80, 0x0000000083700000| 54%| O|  |TAMS 0x0000000083600000| PB 0x0000000083600000| Untracked |  0
|   17|0x0000000083700000, 0x0000000083700000, 0x0000000083800000|  0%| F|  |TAMS 0x0000000083700000| PB 0x0000000083700000| Untracked |  0
|   18|0x0000000083800000, 0x0000000083800000, 0x0000000083900000|  0%| F|  |TAMS 0x0000000083800000| PB 0x0000000083800000| Untracked |  0
|   19|0x0000000083900000, 0x0000000083900000, 0x0000000083a00000|  0%| F|  |TAMS 0x0000000083900000| PB 0x0000000083900000| Untracked |  0
|   20|0x0000000083a00000, 0x0000000083a00000, 0x0000000083b00000|  0%| F|  |TAMS 0x0000000083a00000| PB 0x0000000083a00000| Untracked |  0
|   21|0x0000000083b00000, 0x0000000083b00000, 0x0000000083c00000|  0%| F|  |TAMS 0x0000000083b00000| PB 0x0000000083b00000| Untracked |  0
|   22|0x0000000083c00000, 0x0000000083c00000, 0x0000000083d00000|  0%| F|  |TAMS 0x0000000083c00000| PB 0x0000000083c00000| Untracked |  0
|   23|0x0000000083d00000, 0x0000000083d00000, 0x0000000083e00000|  0%| F|  |TAMS 0x0000000083d00000| PB 0x0000000083d00000| Untracked |  0
|   24|0x0000000083e00000, 0x0000000083e00000, 0x0000000083f00000|  0%| F|  |TAMS 0x0000000083e00000| PB 0x0000000083e00000| Untracked |  0
|   25|0x0000000083f00000, 0x0000000083f00000, 0x0000000084000000|  0%| F|  |TAMS 0x0000000083f00000| PB 0x0000000083f00000| Untracked |  0
|   26|0x0000000084000000, 0x0000000084000000, 0x0000000084100000|  0%| F|  |TAMS 0x0000000084000000| PB 0x0000000084000000| Untracked |  0
|   27|0x0000000084100000, 0x0000000084100000, 0x0000000084200000|  0%| F|  |TAMS 0x0000000084100000| PB 0x0000000084100000| Untracked |  0
|   28|0x0000000084200000, 0x0000000084200000, 0x0000000084300000|  0%| F|  |TAMS 0x0000000084200000| PB 0x0000000084200000| Untracked |  0
|   29|0x0000000084300000, 0x0000000084300000, 0x0000000084400000|  0%| F|  |TAMS 0x0000000084300000| PB 0x0000000084300000| Untracked |  0
|   30|0x0000000084400000, 0x0000000084400000, 0x0000000084500000|  0%| F|  |TAMS 0x0000000084400000| PB 0x0000000084400000| Untracked |  0
|   31|0x0000000084500000, 0x0000000084500000, 0x0000000084600000|  0%| F|  |TAMS 0x0000000084500000| PB 0x0000000084500000| Untracked |  0
|   32|0x0000000084600000, 0x0000000084600000, 0x0000000084700000|  0%| F|  |TAMS 0x0000000084600000| PB 0x0000000084600000| Untracked |  0
|   33|0x0000000084700000, 0x0000000084700000, 0x0000000084800000|  0%| F|  |TAMS 0x0000000084700000| PB 0x0000000084700000| Untracked |  0
|   34|0x0000000084800000, 0x0000000084800000, 0x0000000084900000|  0%| F|  |TAMS 0x0000000084800000| PB 0x0000000084800000| Untracked |  0
|   35|0x0000000084900000, 0x0000000084900000, 0x0000000084a00000|  0%| F|  |TAMS 0x0000000084900000| PB 0x0000000084900000| Untracked |  0
|   36|0x0000000084a00000, 0x0000000084a00000, 0x0000000084b00000|  0%| F|  |TAMS 0x0000000084a00000| PB 0x0000000084a00000| Untracked |  0
|   37|0x0000000084b00000, 0x0000000084b00000, 0x0000000084c00000|  0%| F|  |TAMS 0x0000000084b00000| PB 0x0000000084b00000| Untracked |  0
|   38|0x0000000084c00000, 0x0000000084c00000, 0x0000000084d00000|  0%| F|  |TAMS 0x0000000084c00000| PB 0x0000000084c00000| Untracked |  0
|   39|0x0000000084d00000, 0x0000000084d00000, 0x0000000084e00000|  0%| F|  |TAMS 0x0000000084d00000| PB 0x0000000084d00000| Untracked |  0
|   40|0x0000000084e00000, 0x0000000084e00000, 0x0000000084f00000|  0%| F|  |TAMS 0x0000000084e00000| PB 0x0000000084e00000| Untracked |  0
|   41|0x0000000084f00000, 0x0000000084f00000, 0x0000000085000000|  0%| F|  |TAMS 0x0000000084f00000| PB 0x0000000084f00000| Untracked |  0
|   42|0x0000000085000000, 0x0000000085000000, 0x0000000085100000|  0%| F|  |TAMS 0x0000000085000000| PB 0x0000000085000000| Untracked |  0
|   43|0x0000000085100000, 0x0000000085100000, 0x0000000085200000|  0%| F|  |TAMS 0x0000000085100000| PB 0x0000000085100000| Untracked |  0
|   44|0x0000000085200000, 0x0000000085200000, 0x0000000085300000|  0%| F|  |TAMS 0x0000000085200000| PB 0x0000000085200000| Untracked |  0
|   45|0x0000000085300000, 0x0000000085300000, 0x0000000085400000|  0%| F|  |TAMS 0x0000000085300000| PB 0x0000000085300000| Untracked |  0
|   46|0x0000000085400000, 0x0000000085400000, 0x0000000085500000|  0%| F|  |TAMS 0x0000000085400000| PB 0x0000000085400000| Untracked |  0
|   47|0x0000000085500000, 0x0000000085500000, 0x0000000085600000|  0%| F|  |TAMS 0x0000000085500000| PB 0x0000000085500000| Untracked |  0
|   48|0x0000000085600000, 0x0000000085600000, 0x0000000085700000|  0%| F|  |TAMS 0x0000000085600000| PB 0x0000000085600000| Untracked |  0
|   49|0x0000000085700000, 0x0000000085700000, 0x0000000085800000|  0%| F|  |TAMS 0x0000000085700000| PB 0x0000000085700000| Untracked |  0
|   50|0x0000000085800000, 0x0000000085800000, 0x0000000085900000|  0%| F|  |TAMS 0x0000000085800000| PB 0x0000000085800000| Untracked |  0
|   51|0x0000000085900000, 0x0000000085900000, 0x0000000085a00000|  0%| F|  |TAMS 0x0000000085900000| PB 0x0000000085900000| Untracked |  0
|   52|0x0000000085a00000, 0x0000000085a00000, 0x0000000085b00000|  0%| F|  |TAMS 0x0000000085a00000| PB 0x0000000085a00000| Untracked |  0
|   53|0x0000000085b00000, 0x0000000085b00000, 0x0000000085c00000|  0%| F|  |TAMS 0x0000000085b00000| PB 0x0000000085b00000| Untracked |  0
|   54|0x0000000085c00000, 0x0000000085c00000, 0x0000000085d00000|  0%| F|  |TAMS 0x0000000085c00000| PB 0x0000000085c00000| Untracked |  0
|   55|0x0000000085d00000, 0x0000000085d00000, 0x0000000085e00000|  0%| F|  |TAMS 0x0000000085d00000| PB 0x0000000085d00000| Untracked |  0
|   56|0x0000000085e00000, 0x0000000085e00000, 0x0000000085f00000|  0%| F|  |TAMS 0x0000000085e00000| PB 0x0000000085e00000| Untracked |  0
|   57|0x0000000085f00000, 0x0000000085f00000, 0x0000000086000000|  0%| F|  |TAMS 0x0000000085f00000| PB 0x0000000085f00000| Untracked |  0
|   58|0x0000000086000000, 0x0000000086000000, 0x0000000086100000|  0%| F|  |TAMS 0x0000000086000000| PB 0x0000000086000000| Untracked |  0
|   59|0x0000000086100000, 0x0000000086100000, 0x0000000086200000|  0%| F|  |TAMS 0x0000000086100000| PB 0x0000000086100000| Untracked |  0
|   60|0x0000000086200000, 0x0000000086200000, 0x0000000086300000|  0%| F|  |TAMS 0x0000000086200000| PB 0x0000000086200000| Untracked |  0
|   61|0x0000000086300000, 0x000000008635b8e8, 0x0000000086400000| 35%| E|CS|TAMS 0x0000000086300000| PB 0x0000000086300000| Complete  |  0
|   62|0x0000000086400000, 0x0000000086500000, 0x0000000086500000|100%| E|CS|TAMS 0x0000000086400000| PB 0x0000000086400000| Complete  |  0
|   63|0x0000000086500000, 0x0000000086600000, 0x0000000086600000|100%| E|CS|TAMS 0x0000000086500000| PB 0x0000000086500000| Complete  |  0
|   64|0x0000000086600000, 0x0000000086700000, 0x0000000086700000|100%| E|CS|TAMS 0x0000000086600000| PB 0x0000000086600000| Complete  |  0
|   65|0x0000000086700000, 0x0000000086782368, 0x0000000086800000| 50%| S|CS|TAMS 0x0000000086700000| PB 0x0000000086700000| Complete  |  0
|   66|0x0000000086800000, 0x0000000086900000, 0x0000000086900000|100%| S|CS|TAMS 0x0000000086800000| PB 0x0000000086800000| Complete  |  0
|   67|0x0000000086900000, 0x0000000086a00000, 0x0000000086a00000|100%| S|CS|TAMS 0x0000000086900000| PB 0x0000000086900000| Complete  |  0
|   68|0x0000000086a00000, 0x0000000086b00000, 0x0000000086b00000|100%| E|CS|TAMS 0x0000000086a00000| PB 0x0000000086a00000| Complete  |  0
|   69|0x0000000086b00000, 0x0000000086c00000, 0x0000000086c00000|100%| E|CS|TAMS 0x0000000086b00000| PB 0x0000000086b00000| Complete  |  0
|   70|0x0000000086c00000, 0x0000000086d00000, 0x0000000086d00000|100%| E|CS|TAMS 0x0000000086c00000| PB 0x0000000086c00000| Complete  |  0
|   71|0x0000000086d00000, 0x0000000086e00000, 0x0000000086e00000|100%| E|CS|TAMS 0x0000000086d00000| PB 0x0000000086d00000| Complete  |  0
|   72|0x0000000086e00000, 0x0000000086f00000, 0x0000000086f00000|100%| E|CS|TAMS 0x0000000086e00000| PB 0x0000000086e00000| Complete  |  0
|   73|0x0000000086f00000, 0x0000000087000000, 0x0000000087000000|100%| E|CS|TAMS 0x0000000086f00000| PB 0x0000000086f00000| Complete  |  0
|   74|0x0000000087000000, 0x0000000087100000, 0x0000000087100000|100%| E|CS|TAMS 0x0000000087000000| PB 0x0000000087000000| Complete  |  0
|   75|0x0000000087100000, 0x0000000087200000, 0x0000000087200000|100%| E|CS|TAMS 0x0000000087100000| PB 0x0000000087100000| Complete  |  0
|   76|0x0000000087200000, 0x0000000087300000, 0x0000000087300000|100%| E|CS|TAMS 0x0000000087200000| PB 0x0000000087200000| Complete  |  0
|   77|0x0000000087300000, 0x0000000087400000, 0x0000000087400000|100%| E|CS|TAMS 0x0000000087300000| PB 0x0000000087300000| Complete  |  0
|   78|0x0000000087400000, 0x0000000087500000, 0x0000000087500000|100%| E|CS|TAMS 0x0000000087400000| PB 0x0000000087400000| Complete  |  0
|   79|0x0000000087500000, 0x0000000087600000, 0x0000000087600000|100%| E|CS|TAMS 0x0000000087500000| PB 0x0000000087500000| Complete  |  0
|   80|0x0000000087600000, 0x0000000087700000, 0x0000000087700000|100%| E|CS|TAMS 0x0000000087600000| PB 0x0000000087600000| Complete  |  0
|   81|0x0000000087700000, 0x0000000087800000, 0x0000000087800000|100%| E|CS|TAMS 0x0000000087700000| PB 0x0000000087700000| Complete  |  0
|   82|0x0000000087800000, 0x0000000087900000, 0x0000000087900000|100%| E|CS|TAMS 0x0000000087800000| PB 0x0000000087800000| Complete  |  0
|   83|0x0000000087900000, 0x0000000087a00000, 0x0000000087a00000|100%| E|CS|TAMS 0x0000000087900000| PB 0x0000000087900000| Complete  |  0
|   84|0x0000000087a00000, 0x0000000087b00000, 0x0000000087b00000|100%| E|CS|TAMS 0x0000000087a00000| PB 0x0000000087a00000| Complete  |  0
|   85|0x0000000087b00000, 0x0000000087c00000, 0x0000000087c00000|100%| E|CS|TAMS 0x0000000087b00000| PB 0x0000000087b00000| Complete  |  0
|   86|0x0000000087c00000, 0x0000000087d00000, 0x0000000087d00000|100%| E|CS|TAMS 0x0000000087c00000| PB 0x0000000087c00000| Complete  |  0
|   87|0x0000000087d00000, 0x0000000087e00000, 0x0000000087e00000|100%| E|CS|TAMS 0x0000000087d00000| PB 0x0000000087d00000| Complete  |  0
|   88|0x0000000087e00000, 0x0000000087f00000, 0x0000000087f00000|100%| E|CS|TAMS 0x0000000087e00000| PB 0x0000000087e00000| Complete  |  0
|   89|0x0000000087f00000, 0x0000000088000000, 0x0000000088000000|100%| E|CS|TAMS 0x0000000087f00000| PB 0x0000000087f00000| Complete  |  0
|   90|0x0000000088000000, 0x0000000088100000, 0x0000000088100000|100%| E|CS|TAMS 0x0000000088000000| PB 0x0000000088000000| Complete  |  0
|   91|0x0000000088100000, 0x0000000088200000, 0x0000000088200000|100%| E|CS|TAMS 0x0000000088100000| PB 0x0000000088100000| Complete  |  0
|   92|0x0000000088200000, 0x0000000088300000, 0x0000000088300000|100%| E|CS|TAMS 0x0000000088200000| PB 0x0000000088200000| Complete  |  0
|   93|0x0000000088300000, 0x0000000088400000, 0x0000000088400000|100%| E|CS|TAMS 0x0000000088300000| PB 0x0000000088300000| Complete  |  0
| 2007|0x00000000ffd00000, 0x00000000ffe00000, 0x00000000ffe00000|100%| O|  |TAMS 0x00000000ffd00000| PB 0x00000000ffd00000| Untracked |  0
| 2008|0x00000000ffe00000, 0x00000000fff00000, 0x00000000fff00000|100%| O|  |TAMS 0x00000000ffe00000| PB 0x00000000ffe00000| Untracked |  0
| 2009|0x00000000fff00000, 0x0000000100000000, 0x0000000100000000|100%| E|CS|TAMS 0x00000000fff00000| PB 0x00000000fff00000| Complete  |  0

Card table byte_map: [0x000002f916a30000,0x000002f916e20000] _byte_map_base: 0x000002f91661d000
Refinement table byte_map: [0x000002f916e20000,0x000002f917210000] _byte_map_base: 0x000002f916a0d000

Marking Bits: (CMBitMap*) 0x000002f90a6b8c60
 Bits: [0x000002f917210000, 0x000002f919178000)

Polling page: 0x000002f908520000

Metaspace:
Metaspace        used 46980K, committed 47424K, reserved 1114112K
 class space     used 6902K, committed 7104K, reserved 1048576K

Usage:
  Non-class:     39.14 MB used.
      Class:      6.74 MB used.
       Both:     45.88 MB used.

Virtual space:
  Non-class space:       64.00 MB reserved,      39.38 MB ( 62%) committed,  1 nodes.
      Class space:        1.00 GB reserved,       6.94 MB ( <1%) committed,  1 nodes.
             Both:        1.06 GB reserved,      46.31 MB (  4%) committed. 

Chunk freelists:
   Non-Class:  7.86 MB
       Class:  9.12 MB
        Both:  16.98 MB

MaxMetaspaceSize: unlimited
CompressedClassSpaceSize: 1.00 GB
Initial GC threshold: 21.00 MB
Current GC threshold: 58.75 MB
CDS: on
 - commit_granule_bytes: 65536.
 - commit_granule_words: 8192.
 - virtual_space_node_default_size: 8388608.
 - enlarge_chunks_in_place: 1.
UseCompressedClassPointers 1, UseCompactObjectHeaders 0
Narrow klass pointer bits 32, Max shift 3
Narrow klass base: 0x000000003a000000, Narrow klass shift: 0
Encoding Range: [0x000000003a000000 - 0x000000013a000000), (4294967296 bytes)
Klass Range:    [0x000000003a000000 - 0x000000007b000000), (1090519040 bytes)
Klass ID Range:  [8 - 1090519033) (1090519025)
Protection zone: [0x000000003a000000 - 0x000000003a010000), (65536 bytes)


Internal statistics:

num_allocs_failed_limit: 6.
num_arena_births: 492.
num_arena_deaths: 0.
num_vsnodes_births: 2.
num_vsnodes_deaths: 0.
num_space_committed: 740.
num_space_uncommitted: 0.
num_chunks_returned_to_freelist: 6.
num_chunks_taken_from_freelist: 2017.
num_chunk_merges: 6.
num_chunk_splits: 1500.
num_chunks_enlarged: 1233.
num_inconsistent_stats: 0.

CodeCache: size=49152Kb used=7387Kb max_used=7387Kb free=41764Kb
 bounds [0x000002f913310000, 0x000002f913a50000, 0x000002f916310000]
 total_blobs=5173, nmethods=4531, adapters=565, full_count=0
Compilation: enabled, stopped_count=0, restarted_count=0

Compilation events (20 events):
Event: 8.913 Thread 0x000002f92006c550 4569       1       java.nio.MappedByteBuffer::position (8 bytes)
Event: 8.914 Thread 0x000002f92006c550 nmethod 4569 0x000002f913a44888 code [0x000002f913a44980, 0x000002f913a44a68]
Event: 8.914 Thread 0x000002f92006c550 4570       1       java.nio.MappedByteBuffer::limit (8 bytes)
Event: 8.915 Thread 0x000002f92006c550 nmethod 4570 0x000002f913a44b88 code [0x000002f913a44c80, 0x000002f913a44d68]
Event: 8.923 Thread 0x000002f92006c550 4571       1       jdk.internal.classfile.impl.BytecodeHelpers::arrayStoreBytecode (126 bytes)
Event: 8.923 Thread 0x000002f91bc1e290 4572       1       java.lang.reflect.ProxyGenerator$PrimitiveTypeInfo::get (97 bytes)
Event: 8.924 Thread 0x000002f92006c550 nmethod 4571 0x000002f913a44e88 code [0x000002f913a44f80, 0x000002f913a45338]
Event: 8.924 Thread 0x000002f91bc1e290 nmethod 4572 0x000002f913a45388 code [0x000002f913a45480, 0x000002f913a457b0]
Event: 8.934 Thread 0x000002f92006c550 4573       1       java.lang.Long::longValue (5 bytes)
Event: 8.934 Thread 0x000002f92006c550 nmethod 4573 0x000002f913a45808 code [0x000002f913a45900, 0x000002f913a459b8]
Event: 8.948 Thread 0x000002f92006c550 4574       1       java.lang.invoke.MethodHandle::viewAsType (33 bytes)
Event: 8.948 Thread 0x000002f92006c550 nmethod 4574 0x000002f913a45b08 code [0x000002f913a45c00, 0x000002f913a45cf0]
Event: 8.955 Thread 0x000002f92006c550 4575       1       ch.qos.logback.core.pattern.FormattingConverter::write (154 bytes)
Event: 8.955 Thread 0x000002f91bb73390 4576       1       java.time.temporal.ChronoField::range (5 bytes)
Event: 8.956 Thread 0x000002f91bb73390 nmethod 4576 0x000002f913a45e08 code [0x000002f913a45f00, 0x000002f913a45fb8]
Event: 8.957 Thread 0x000002f91bb73390 4577       1       java.time.format.DateTimeFormatter::getDecimalStyle (5 bytes)
Event: 8.957 Thread 0x000002f91bc1e290 4578       1       java.time.format.DecimalStyle::getZeroDigit (5 bytes)
Event: 8.957 Thread 0x000002f91bb73390 nmethod 4577 0x000002f913a46108 code [0x000002f913a46200, 0x000002f913a462b8]
Event: 8.957 Thread 0x000002f91bc1e290 nmethod 4578 0x000002f913a46408 code [0x000002f913a46500, 0x000002f913a465c0]
Event: 8.958 Thread 0x000002f92006c550 nmethod 4575 0x000002f913a46708 code [0x000002f913a46800, 0x000002f913a46ce8]

GC Heap Usage History (20 events):
Event: 0.445 {heap Before GC invocations=3 (full 0):
 garbage-first heap   total reserved 2058240K, committed 10240K, used 5505K [0x0000000082600000, 0x0000000100000000)
  region size 1M, 1 eden (1M), 1 survivor (1M), 5 old (5M), 1 humongous (1M), 2 free (2M)
}
Event: 0.446 {heap After GC invocations=4 (full 0):
 garbage-first heap   total reserved 2058240K, committed 10240K, used 6231K [0x0000000082600000, 0x0000000100000000)
  region size 1M, 0 eden (0M), 1 survivor (1M), 6 old (6M), 1 humongous (1M), 2 free (2M)
}
Event: 0.493 {heap Before GC invocations=4 (full 0):
 garbage-first heap   total reserved 2058240K, committed 10240K, used 6231K [0x0000000082600000, 0x0000000100000000)
  region size 1M, 1 eden (1M), 1 survivor (1M), 6 old (6M), 1 humongous (1M), 1 free (1M)
}
Event: 0.495 {heap After GC invocations=5 (full 0):
 garbage-first heap   total reserved 2058240K, committed 33792K, used 6326K [0x0000000082600000, 0x0000000100000000)
  region size 1M, 0 eden (0M), 1 survivor (1M), 6 old (6M), 1 humongous (1M), 25 free (25M)
}
Event: 0.925 {heap Before GC invocations=5 (full 0):
 garbage-first heap   total reserved 2058240K, committed 33792K, used 14518K [0x0000000082600000, 0x0000000100000000)
  region size 1M, 9 eden (9M), 1 survivor (1M), 6 old (6M), 1 humongous (1M), 16 free (16M)
}
Event: 0.929 {heap After GC invocations=6 (full 0):
 garbage-first heap   total reserved 2058240K, committed 33792K, used 7443K [0x0000000082600000, 0x0000000100000000)
  region size 1M, 0 eden (0M), 2 survivor (2M), 6 old (6M), 1 humongous (1M), 24 free (24M)
}
Event: 1.306 {heap Before GC invocations=6 (full 0):
 garbage-first heap   total reserved 2058240K, committed 33792K, used 15635K [0x0000000082600000, 0x0000000100000000)
  region size 1M, 8 eden (8M), 2 survivor (2M), 6 old (6M), 1 humongous (1M), 16 free (16M)
}
Event: 1.313 {heap After GC invocations=7 (full 0):
 garbage-first heap   total reserved 2058240K, committed 33792K, used 8335K [0x0000000082600000, 0x0000000100000000)
  region size 1M, 0 eden (0M), 1 survivor (1M), 7 old (7M), 1 humongous (1M), 24 free (24M)
}
Event: 1.596 {heap Before GC invocations=7 (full 0):
 garbage-first heap   total reserved 2058240K, committed 33792K, used 18575K [0x0000000082600000, 0x0000000100000000)
  region size 1M, 10 eden (10M), 1 survivor (1M), 7 old (7M), 1 humongous (1M), 14 free (14M)
}
Event: 1.602 {heap After GC invocations=8 (full 0):
 garbage-first heap   total reserved 2058240K, committed 33792K, used 9149K [0x0000000082600000, 0x0000000100000000)
  region size 1M, 0 eden (0M), 2 survivor (2M), 7 old (7M), 1 humongous (1M), 23 free (23M)
}
Event: 1.835 {heap Before GC invocations=8 (full 0):
 garbage-first heap   total reserved 2058240K, committed 33792K, used 22461K [0x0000000082600000, 0x0000000100000000)
  region size 1M, 13 eden (13M), 2 survivor (2M), 7 old (7M), 1 humongous (1M), 10 free (10M)
}
Event: 1.841 {heap After GC invocations=9 (full 0):
 garbage-first heap   total reserved 2058240K, committed 33792K, used 10004K [0x0000000082600000, 0x0000000100000000)
  region size 1M, 0 eden (0M), 2 survivor (2M), 8 old (8M), 1 humongous (1M), 22 free (22M)
}
Event: 2.105 {heap Before GC invocations=9 (full 0):
 garbage-first heap   total reserved 2058240K, committed 33792K, used 22292K [0x0000000082600000, 0x0000000100000000)
  region size 1M, 13 eden (13M), 2 survivor (2M), 8 old (8M), 1 humongous (1M), 9 free (9M)
}
Event: 2.111 {heap After GC invocations=10 (full 0):
 garbage-first heap   total reserved 2058240K, committed 99328K, used 10910K [0x0000000082600000, 0x0000000100000000)
  region size 1M, 0 eden (0M), 2 survivor (2M), 8 old (8M), 1 humongous (1M), 86 free (86M)
}
Event: 2.791 {heap Before GC invocations=10 (full 0):
 garbage-first heap   total reserved 2058240K, committed 99328K, used 47774K [0x0000000082600000, 0x0000000100000000)
  region size 1M, 38 eden (38M), 2 survivor (2M), 8 old (8M), 1 humongous (1M), 48 free (48M)
}
Event: 2.804 {heap After GC invocations=11 (full 0):
 garbage-first heap   total reserved 2058240K, committed 99328K, used 14338K [0x0000000082600000, 0x0000000100000000)
  region size 1M, 0 eden (0M), 6 survivor (6M), 8 old (8M), 1 humongous (1M), 82 free (82M)
}
Event: 4.563 {heap Before GC invocations=12 (full 0):
 garbage-first heap   total reserved 2058240K, committed 99328K, used 67586K [0x0000000082600000, 0x0000000100000000)
  region size 1M, 52 eden (52M), 6 survivor (6M), 8 old (8M), 1 humongous (1M), 30 free (30M)
}
Event: 4.580 {heap After GC invocations=13 (full 0):
 garbage-first heap   total reserved 2058240K, committed 99328K, used 18971K [0x0000000082600000, 0x0000000100000000)
  region size 1M, 0 eden (0M), 8 survivor (8M), 10 old (10M), 1 humongous (1M), 78 free (78M)
}
Event: 5.407 {heap Before GC invocations=13 (full 0):
 garbage-first heap   total reserved 2058240K, committed 99328K, used 45595K [0x0000000082600000, 0x0000000100000000)
  region size 1M, 27 eden (27M), 8 survivor (8M), 10 old (10M), 1 humongous (1M), 51 free (51M)
}
Event: 5.418 {heap After GC invocations=14 (full 0):
 garbage-first heap   total reserved 2058240K, committed 99328K, used 21559K [0x0000000082600000, 0x0000000100000000)
  region size 1M, 0 eden (0M), 3 survivor (3M), 18 old (18M), 1 humongous (1M), 75 free (75M)
}

Metaspace Usage History (20 events):
Event: 0.445 {metaspace Before GC invocations=3 (full 0):
 Metaspace       used 308K, committed 512K, reserved 1114112K
  class space    used 13K, committed 128K, reserved 1048576K
}
Event: 0.446 {metaspace After GC invocations=4 (full 0):
 Metaspace       used 308K, committed 512K, reserved 1114112K
  class space    used 13K, committed 128K, reserved 1048576K
}
Event: 0.493 {metaspace Before GC invocations=4 (full 0):
 Metaspace       used 905K, committed 1024K, reserved 1114112K
  class space    used 84K, committed 128K, reserved 1048576K
}
Event: 0.495 {metaspace After GC invocations=5 (full 0):
 Metaspace       used 905K, committed 1024K, reserved 1114112K
  class space    used 84K, committed 128K, reserved 1048576K
}
Event: 0.925 {metaspace Before GC invocations=5 (full 0):
 Metaspace       used 3926K, committed 4032K, reserved 1114112K
  class space    used 486K, committed 512K, reserved 1048576K
}
Event: 0.929 {metaspace After GC invocations=6 (full 0):
 Metaspace       used 3926K, committed 4032K, reserved 1114112K
  class space    used 486K, committed 512K, reserved 1048576K
}
Event: 1.306 {metaspace Before GC invocations=6 (full 0):
 Metaspace       used 6701K, committed 6912K, reserved 1114112K
  class space    used 872K, committed 960K, reserved 1048576K
}
Event: 1.313 {metaspace After GC invocations=7 (full 0):
 Metaspace       used 6701K, committed 6912K, reserved 1114112K
  class space    used 872K, committed 960K, reserved 1048576K
}
Event: 1.596 {metaspace Before GC invocations=7 (full 0):
 Metaspace       used 8336K, committed 8576K, reserved 1114112K
  class space    used 1156K, committed 1280K, reserved 1048576K
}
Event: 1.602 {metaspace After GC invocations=8 (full 0):
 Metaspace       used 8336K, committed 8576K, reserved 1114112K
  class space    used 1156K, committed 1280K, reserved 1048576K
}
Event: 1.836 {metaspace Before GC invocations=8 (full 0):
 Metaspace       used 11687K, committed 11904K, reserved 1114112K
  class space    used 1710K, committed 1792K, reserved 1048576K
}
Event: 1.841 {metaspace After GC invocations=9 (full 0):
 Metaspace       used 11687K, committed 11904K, reserved 1114112K
  class space    used 1710K, committed 1792K, reserved 1048576K
}
Event: 2.105 {metaspace Before GC invocations=9 (full 0):
 Metaspace       used 15165K, committed 15424K, reserved 1114112K
  class space    used 2229K, committed 2368K, reserved 1048576K
}
Event: 2.111 {metaspace After GC invocations=10 (full 0):
 Metaspace       used 15165K, committed 15424K, reserved 1114112K
  class space    used 2229K, committed 2368K, reserved 1048576K
}
Event: 2.791 {metaspace Before GC invocations=10 (full 0):
 Metaspace       used 21171K, committed 21504K, reserved 1114112K
  class space    used 3035K, committed 3200K, reserved 1048576K
}
Event: 2.804 {metaspace After GC invocations=11 (full 0):
 Metaspace       used 21171K, committed 21504K, reserved 1114112K
  class space    used 3035K, committed 3200K, reserved 1048576K
}
Event: 4.563 {metaspace Before GC invocations=12 (full 0):
 Metaspace       used 29234K, committed 29568K, reserved 1114112K
  class space    used 4267K, committed 4416K, reserved 1048576K
}
Event: 4.580 {metaspace After GC invocations=13 (full 0):
 Metaspace       used 29234K, committed 29568K, reserved 1114112K
  class space    used 4267K, committed 4416K, reserved 1048576K
}
Event: 5.407 {metaspace Before GC invocations=13 (full 0):
 Metaspace       used 35542K, committed 35968K, reserved 1114112K
  class space    used 5339K, committed 5568K, reserved 1048576K
}
Event: 5.418 {metaspace After GC invocations=14 (full 0):
 Metaspace       used 35542K, committed 35968K, reserved 1114112K
  class space    used 5339K, committed 5568K, reserved 1048576K
}

Dll operation events (20 events):
Event: 0.285 Attempting to load shared library C:\Program Files\Java\jdk-26.0.1\bin\zip.dll
Event: 0.286 Loaded shared library C:\Program Files\Java\jdk-26.0.1\bin\zip.dll
Event: 0.293 Attempting to load shared library C:\Program Files\Java\jdk-26.0.1\bin\instrument.dll
Event: 0.293 Loaded shared library C:\Program Files\Java\jdk-26.0.1\bin\instrument.dll
Event: 0.301 Attempting to load shared library C:\Program Files\Java\jdk-26.0.1\bin\net.dll
Event: 0.302 Loaded shared library C:\Program Files\Java\jdk-26.0.1\bin\net.dll
Event: 0.305 Attempting to load shared library C:\Program Files\Java\jdk-26.0.1\bin\nio.dll
Event: 0.306 Loaded shared library C:\Program Files\Java\jdk-26.0.1\bin\nio.dll
Event: 0.318 Attempting to load shared library C:\Program Files\Java\jdk-26.0.1\bin\zip.dll
Event: 0.318 Loaded shared library C:\Program Files\Java\jdk-26.0.1\bin\zip.dll
Event: 0.475 Attempting to load shared library C:\Program Files\Java\jdk-26.0.1\bin\extnet.dll
Event: 0.476 Loaded shared library C:\Program Files\Java\jdk-26.0.1\bin\extnet.dll
Event: 0.500 Attempting to load shared library C:\Program Files\Java\jdk-26.0.1\bin\jimage.dll
Event: 0.500 Loaded shared library C:\Program Files\Java\jdk-26.0.1\bin\jimage.dll
Event: 2.452 Attempting to load shared library C:\Program Files\Java\jdk-26.0.1\bin\sunmscapi.dll
Event: 2.455 Loaded shared library C:\Program Files\Java\jdk-26.0.1\bin\sunmscapi.dll
Event: 4.357 Attempting to load shared library C:\Program Files\Java\jdk-26.0.1\bin\management.dll
Event: 4.357 Loaded shared library C:\Program Files\Java\jdk-26.0.1\bin\management.dll
Event: 4.359 Attempting to load shared library C:\Program Files\Java\jdk-26.0.1\bin\management_ext.dll
Event: 4.360 Loaded shared library C:\Program Files\Java\jdk-26.0.1\bin\management_ext.dll

Deoptimization events (8 events):
Event: 1.436 Thread 0x000002f90a67af70 DEOPT PACKING pc=0x000002f9136b49ac sp=0x000000fa9c2fc6a0
Event: 1.436 Thread 0x000002f90a67af70 DEOPT UNPACKING pc=0x000002f913361a02 sp=0x000000fa9c2fbb98 mode 0
Event: 4.582 Thread 0x000002f9217518c0 DEOPT PACKING pc=0x000002f9137e5ad1 sp=0x000000fa9ddfed60
Event: 4.582 Thread 0x000002f9217518c0 DEOPT UNPACKING pc=0x000002f913361a02 sp=0x000000fa9ddfe1b8 mode 3
Event: 4.582 Thread 0x000002f921752070 DEOPT PACKING pc=0x000002f9136cd056 sp=0x000000fa9e0fec40
Event: 4.582 Thread 0x000002f921752070 DEOPT UNPACKING pc=0x000002f913361a02 sp=0x000000fa9e0fe0d8 mode 3
Event: 6.199 Thread 0x000002f90a67af70 DEOPT PACKING pc=0x000002f91379ac4c sp=0x000000fa9c2f9d40
Event: 6.199 Thread 0x000002f90a67af70 DEOPT UNPACKING pc=0x000002f913361a02 sp=0x000000fa9c2f9270 mode 0

Classes loaded (20 events):
Event: 6.693 Loading class javax/security/auth/callback/Callback
Event: 6.693 Loading class javax/security/auth/callback/Callback done
Event: 6.700 Loading class sun/security/ssl/PostHandshakeContext
Event: 6.701 Loading class sun/security/ssl/PostHandshakeContext done
Event: 6.701 Loading class sun/security/ssl/NewSessionTicket$T13NewSessionTicketMessage
Event: 6.701 Loading class sun/security/ssl/NewSessionTicket$NewSessionTicketMessage
Event: 6.701 Loading class sun/security/ssl/NewSessionTicket$NewSessionTicketMessage done
Event: 6.701 Loading class sun/security/ssl/NewSessionTicket$T13NewSessionTicketMessage done
Event: 6.702 Loading class sun/security/util/MemoryCache$QueueCacheEntry
Event: 6.702 Loading class sun/security/util/MemoryCache$QueueCacheEntry done
Event: 6.758 Loading class java/util/concurrent/ThreadPoolExecutor$CallerRunsPolicy
Event: 6.758 Loading class java/util/concurrent/ThreadPoolExecutor$CallerRunsPolicy done
Event: 6.759 Loading class java/util/concurrent/atomic/AtomicReferenceFieldUpdater
Event: 6.759 Loading class java/util/concurrent/atomic/AtomicReferenceFieldUpdater done
Event: 6.759 Loading class java/util/concurrent/atomic/AtomicReferenceFieldUpdater$AtomicReferenceFieldUpdaterImpl
Event: 6.759 Loading class java/util/concurrent/atomic/AtomicReferenceFieldUpdater$AtomicReferenceFieldUpdaterImpl done
Event: 6.771 Loading class java/util/TimerTask
Event: 6.771 Loading class java/util/TimerTask done
Event: 8.912 Loading class java/lang/StringIndexOutOfBoundsException
Event: 8.912 Loading class java/lang/StringIndexOutOfBoundsException done

Classes unloaded (0 events):
No events

Classes redefined (0 events):
No events

Internal exceptions (20 events):
Event: 4.060 Thread 0x000002f90a67af70 Exception <a 'java/lang/IncompatibleClassChangeError'{0x0000000086006190}: Found class java.lang.Object, but interface was expected> (0x0000000086006190) 
thrown [s\open\src\hotspot\share\interpreter\linkResolver.cpp, line 871]
Event: 4.061 Thread 0x000002f90a67af70 Exception <a 'java/lang/IncompatibleClassChangeError'{0x0000000086016580}: Found class java.lang.Object, but interface was expected> (0x0000000086016580) 
thrown [s\open\src\hotspot\share\interpreter\linkResolver.cpp, line 871]
Event: 4.061 Thread 0x000002f90a67af70 Exception <a 'java/lang/IncompatibleClassChangeError'{0x000000008602eba8}: Found class java.lang.Object, but interface was expected> (0x000000008602eba8) 
thrown [s\open\src\hotspot\share\interpreter\linkResolver.cpp, line 871]
Event: 4.069 Thread 0x000002f90a67af70 Exception <a 'java/lang/NoSuchMethodError'{0x00000000860aa788}: 'void java.lang.invoke.DirectMethodHandle$Holder.invokeStatic(java.lang.Object, java.lang.Object, java.lang.Object, int, java.lang.Object)'> (0x00000000860aa788) 
thrown [s\open\src\hotspot\share\interpreter\linkResolver.cpp, line 804]
Event: 4.077 Thread 0x000002f90a67af70 Exception <a 'java/lang/NoSuchMethodError'{0x0000000085f93d78}: 'void java.lang.invoke.DirectMethodHandle$Holder.invokeStatic(java.lang.Object, int, java.lang.Object)'> (0x0000000085f93d78) 
thrown [s\open\src\hotspot\share\interpreter\linkResolver.cpp, line 804]
Event: 4.115 Thread 0x000002f90a67af70 Exception <a 'java/lang/NoSuchMethodError'{0x00000000856207d8}: 'java.lang.Object java.lang.invoke.DirectMethodHandle$Holder.invokeVirtual(java.lang.Object, java.lang.Object, java.lang.Object, java.lang.Object, java.lang.Object)'> (0x00000000856207d8) 
thrown [s\open\src\hotspot\share\interpreter\linkResolver.cpp, line 804]
Event: 4.190 Thread 0x000002f90a67af70 Exception <a 'java/lang/NoSuchMethodError'{0x00000000854308f0}: 'java.lang.Object java.lang.invoke.DirectMethodHandle$Holder.invokeStaticInit(java.lang.Object, java.lang.Object, int, int, int, int)'> (0x00000000854308f0) 
thrown [s\open\src\hotspot\share\interpreter\linkResolver.cpp, line 804]
Event: 4.327 Thread 0x000002f90a67af70 Exception <a 'java/lang/NoSuchMethodError'{0x00000000851ea840}: 'int java.lang.invoke.DirectMethodHandle$Holder.invokeVirtual(java.lang.Object, java.lang.Object, java.lang.Object, java.lang.Object)'> (0x00000000851ea840) 
thrown [s\open\src\hotspot\share\interpreter\linkResolver.cpp, line 804]
Event: 4.374 Thread 0x000002f90a67af70 Exception <a 'java/io/FileNotFoundException'{0x0000000084f11748}> (0x0000000084f11748) 
thrown [s\open\src\hotspot\share\prims\jni.cpp, line 514]
Event: 4.477 Thread 0x000002f90a67af70 Exception <a 'java/lang/NoSuchMethodError'{0x0000000084d098a0}: 'int java.lang.invoke.DirectMethodHandle$Holder.invokeInterface(java.lang.Object, java.lang.Object, java.lang.Object, java.lang.Object)'> (0x0000000084d098a0) 
thrown [s\open\src\hotspot\share\interpreter\linkResolver.cpp, line 804]
Event: 4.544 Thread 0x000002f90a67af70 Exception <a 'java/lang/NoSuchMethodError'{0x0000000084b55678}: 'long java.lang.invoke.DirectMethodHandle$Holder.invokeVirtual(java.lang.Object, java.lang.Object)'> (0x0000000084b55678) 
thrown [s\open\src\hotspot\share\interpreter\linkResolver.cpp, line 804]
Event: 4.607 Thread 0x000002f90a67af70 Exception <a 'java/lang/NoSuchMethodError'{0x0000000088390f00}: 'void java.lang.invoke.DirectMethodHandle$Holder.invokeVirtual(java.lang.Object, java.lang.Object, long)'> (0x0000000088390f00) 
thrown [s\open\src\hotspot\share\interpreter\linkResolver.cpp, line 804]
Event: 4.687 Thread 0x000002f90a67af70 Exception <a 'java/lang/NoSuchMethodError'{0x00000000880751b0}: 'java.lang.Object java.lang.invoke.DirectMethodHandle$Holder.newInvokeSpecial(java.lang.Object, java.lang.Object, java.lang.Object, java.lang.Object, java.lang.Object, java.lang.Object, java.lang.Object, java.lang.Object, java.lang.Object, java.lang.Object, java.lang.Object)'> (0x00000000880751b0) 
thrown [s\open\src\hotspot\share\interpreter\linkResolver.cpp, line 804]
Event: 4.835 Thread 0x000002f90a67af70 Exception <a 'java/lang/NoSuchMethodError'{0x0000000087b5f218}: 'void java.lang.invoke.DelegatingMethodHandle$Holder.reinvoke_L(java.lang.Object, java.lang.Object, java.lang.Object, java.lang.Object, int, java.lang.Object, java.lang.Object, java.lang.Object)'> (0x0000000087b5f218) 
thrown [s\open\src\hotspot\share\interpreter\linkResolver.cpp, line 804]
Event: 4.839 Thread 0x000002f90a67af70 Exception <a 'java/lang/NoSuchMethodError'{0x0000000087bb3488}: 'java.lang.Object java.lang.invoke.DirectMethodHandle$Holder.invokeStatic(java.lang.Object, java.lang.Object, java.lang.Object, java.lang.Object, java.lang.Object, java.lang.Object, java.lang.Object, java.lang.Object, java.lang.Object, java.lang.Object)'> (0x0000000087bb3488) 
thrown [s\open\src\hotspot\share\interpreter\linkResolver.cpp, line 804]
Event: 5.465 Thread 0x000002f90a67af70 Exception <a 'java/lang/IncompatibleClassChangeError'{0x000000008832c170}: Found class java.lang.Object, but interface was expected> (0x000000008832c170) 
thrown [s\open\src\hotspot\share\interpreter\linkResolver.cpp, line 871]
Event: 6.209 Thread 0x000002f90a67af70 Exception <a 'sun/nio/fs/WindowsException'{0x0000000086ff40c8}> (0x0000000086ff40c8) 
thrown [s\open\src\hotspot\share\prims\jni.cpp, line 514]
Event: 6.338 Thread 0x000002f90a67af70 Exception <a 'java/lang/NoSuchMethodError'{0x0000000086ef4510}: 'java.lang.Object java.lang.invoke.DirectMethodHandle$Holder.invokeStaticInit(java.lang.Object, int)'> (0x0000000086ef4510) 
thrown [s\open\src\hotspot\share\interpreter\linkResolver.cpp, line 804]
Event: 6.610 Thread 0x000002f90a67af70 Exception <a 'java/lang/NoSuchMethodError'{0x0000000086d926f0}: 'java.lang.Object java.lang.invoke.Invokers$Holder.invoke_MT(java.lang.Object, java.lang.Object, java.lang.Object, java.lang.Object, java.lang.Object, java.lang.Object)'> (0x0000000086d926f0) 
thrown [s\open\src\hotspot\share\interpreter\linkResolver.cpp, line 804]
Event: 8.919 Thread 0x000002f90a67af70 Exception <a 'java/lang/NoSuchMethodError'{0x00000000865adf08}: 'java.lang.Object java.lang.invoke.DirectMethodHandle$Holder.invokeStaticInit(java.lang.Object, java.lang.Object, java.lang.Object, java.lang.Object)'> (0x00000000865adf08) 
thrown [s\open\src\hotspot\share\interpreter\linkResolver.cpp, line 804]

VM Operations (20 events):
Event: 4.557 Executing non-safepoint VM operation: HandshakeAllThreads (Deoptimize)
Event: 4.557 Executing non-safepoint VM operation: HandshakeAllThreads (Deoptimize) done
Event: 4.563 Executing safepoint VM operation: G1CollectForAllocation (G1 Evacuation Pause)
Event: 4.580 Executing safepoint VM operation: G1CollectForAllocation (G1 Evacuation Pause) done
Event: 5.407 Executing safepoint VM operation: CollectForMetadataAllocation (Metadata GC Threshold)
Event: 5.418 Executing safepoint VM operation: CollectForMetadataAllocation (Metadata GC Threshold) done
Event: 5.435 Executing safepoint VM operation: G1PauseRemark
Event: 5.438 Executing safepoint VM operation: G1PauseRemark done
Event: 5.451 Executing safepoint VM operation: G1PauseCleanup
Event: 5.451 Executing safepoint VM operation: G1PauseCleanup done
Event: 6.188 Executing non-safepoint VM operation: HandshakeAllThreads (Deoptimize)
Event: 6.188 Executing non-safepoint VM operation: HandshakeAllThreads (Deoptimize) done
Event: 6.199 Executing non-safepoint VM operation: HandshakeAllThreads (Deoptimize)
Event: 6.199 Executing non-safepoint VM operation: HandshakeAllThreads (Deoptimize) done
Event: 6.211 Executing non-safepoint VM operation: HandshakeAllThreads (Deoptimize)
Event: 6.211 Executing non-safepoint VM operation: HandshakeAllThreads (Deoptimize) done
Event: 6.220 Executing non-safepoint VM operation: HandshakeAllThreads (Deoptimize)
Event: 6.221 Executing non-safepoint VM operation: HandshakeAllThreads (Deoptimize) done
Event: 6.646 Executing non-safepoint VM operation: HandshakeAllThreads (Deoptimize)
Event: 6.646 Executing non-safepoint VM operation: HandshakeAllThreads (Deoptimize) done

Memory protections (0 events):
No events

Nmethod flushes (20 events):
Event: 5.437 Thread 0x000002f91bb46bc0 flushing  nmethod 0x000002f913859a88
Event: 5.437 Thread 0x000002f91bb46bc0 flushing  nmethod 0x000002f913874a88
Event: 5.437 Thread 0x000002f91bb46bc0 flushing  nmethod 0x000002f9136b3e88
Event: 5.437 Thread 0x000002f91bb46bc0 flushing  nmethod 0x000002f9136b4708
Event: 5.437 Thread 0x000002f91bb46bc0 flushing  nmethod 0x000002f9136cae08
Event: 5.437 Thread 0x000002f91bb46bc0 flushing  nmethod 0x000002f9135ad708
Event: 5.437 Thread 0x000002f91bb46bc0 flushing  nmethod 0x000002f9135adf88
Event: 5.437 Thread 0x000002f91bb46bc0 flushing  nmethod 0x000002f9135d3688
Event: 5.437 Thread 0x000002f91bb46bc0 flushing  nmethod 0x000002f91361b808
Event: 5.437 Thread 0x000002f91bb46bc0 flushing  nmethod 0x000002f913652408
Event: 5.437 Thread 0x000002f91bb46bc0 flushing  nmethod 0x000002f9136b0588
Event: 5.437 Thread 0x000002f91bb46bc0 flushing  nmethod 0x000002f91388df08
Event: 5.437 Thread 0x000002f91bb46bc0 flushing  nmethod 0x000002f91358a208
Event: 5.437 Thread 0x000002f91bb46bc0 flushing  nmethod 0x000002f913598d08
Event: 5.437 Thread 0x000002f91bb46bc0 flushing  nmethod 0x000002f913599008
Event: 5.437 Thread 0x000002f91bb46bc0 flushing  nmethod 0x000002f913599388
Event: 5.437 Thread 0x000002f91bb46bc0 flushing  nmethod 0x000002f913599e08
Event: 5.437 Thread 0x000002f91bb46bc0 flushing  nmethod 0x000002f91359a108
Event: 5.437 Thread 0x000002f91bb46bc0 flushing  nmethod 0x000002f91359a488
Event: 5.437 Thread 0x000002f91bb46bc0 flushing  nmethod 0x000002f9136a9488

Events (20 events):
Event: 0.082 Thread 0x000002f90a67af70 Thread added: 0x000002f91bb5ee20
Event: 0.082 Thread 0x000002f90a67af70 Thread added: 0x000002f91bb62ab0
Event: 0.082 Thread 0x000002f90a67af70 Thread added: 0x000002f91bb70e00
Event: 0.082 Thread 0x000002f90a67af70 Thread added: 0x000002f91bb73390
Event: 0.250 Thread 0x000002f91bb73390 Thread added: 0x000002f91bc1e290
Event: 0.252 Thread 0x000002f91bb73390 Thread added: 0x000002f92006c550
Event: 0.299 Thread 0x000002f90a67af70 Thread added: 0x000002f9200bc540
Event: 0.452 Thread 0x000002f90a67af70 Thread added: 0x000002f9203fc7a0
Event: 0.453 Thread 0x000002f90a67af70 Thread added: 0x000002f9203fcf50
Event: 1.670 Thread 0x000002f90a67af70 Thread added: 0x000002f920e15f90
Event: 2.206 Thread 0x000002f90a67af70 Thread added: 0x000002f9211a0d40
Event: 2.247 Thread 0x000002f9211a0d40 Thread exited: 0x000002f9211a0d40
Event: 2.524 Thread 0x000002f920e15f90 Thread exited: 0x000002f920e15f90
Event: 4.562 Thread 0x000002f90a67af70 Thread added: 0x000002f9217518c0
Event: 4.581 Thread 0x000002f9217518c0 Thread added: 0x000002f921752070
Event: 4.589 Thread 0x000002f90a67af70 Thread added: 0x000002f90a7286c0
Event: 4.649 Thread 0x000002f90a67af70 Thread added: 0x000002f9217a2680
Event: 6.756 Thread 0x000002f90a67af70 Thread added: 0x000002f92091c6e0
Event: 7.860 Thread 0x000002f92091c6e0 Thread added: 0x000002f92066e4f0
Event: 8.959 Thread 0x000002f90a67af70 Thread added: 0x000002f920989610


Dynamic libraries:
0x00007ff6ed8d0000 - 0x00007ff6ed8e0000 	C:\Program Files\Java\jdk-26.0.1\bin\java.exe
0x00007ff91c6e0000 - 0x00007ff91c946000 	C:\WINDOWS\SYSTEM32\ntdll.dll
0x00007ff91b000000 - 0x00007ff91b0c9000 	C:\WINDOWS\System32\KERNEL32.DLL
0x00007ff919950000 - 0x00007ff919d4f000 	C:\WINDOWS\System32\KERNELBASE.dll
0x00007ff919d60000 - 0x00007ff919eac000 	C:\WINDOWS\System32\ucrtbase.dll
0x00007ff914800000 - 0x00007ff91481e000 	C:\Program Files\Java\jdk-26.0.1\bin\VCRUNTIME140.dll
0x00007ff914820000 - 0x00007ff914837000 	C:\Program Files\Java\jdk-26.0.1\bin\jli.dll
0x00007ff91a8c0000 - 0x00007ff91aa86000 	C:\WINDOWS\System32\USER32.dll
0x00007ff900370000 - 0x00007ff900601000 	C:\WINDOWS\WinSxS\amd64_microsoft.windows.common-controls_6595b64144ccf1df_6.0.26100.8972_none_3e0da176e32f9d4b\COMCTL32.dll
0x00007ff91a020000 - 0x00007ff91a047000 	C:\WINDOWS\System32\win32u.dll
0x00007ff91aba0000 - 0x00007ff91ac49000 	C:\WINDOWS\System32\msvcrt.dll
0x00007ff91afd0000 - 0x00007ff91affb000 	C:\WINDOWS\System32\GDI32.dll
0x00007ff91a270000 - 0x00007ff91a399000 	C:\WINDOWS\System32\gdi32full.dll
0x00007ff919f70000 - 0x00007ff91a013000 	C:\WINDOWS\System32\msvcp_win.dll
0x00007ff91a7a0000 - 0x00007ff91a7d2000 	C:\WINDOWS\System32\IMM32.DLL
0x00007ff9147f0000 - 0x00007ff9147fc000 	C:\Program Files\Java\jdk-26.0.1\bin\vcruntime140_1.dll
0x00007ff912430000 - 0x00007ff9124bd000 	C:\Program Files\Java\jdk-26.0.1\bin\msvcp140.dll
0x00007ff89df70000 - 0x00007ff89ee3e000 	C:\Program Files\Java\jdk-26.0.1\bin\server\jvm.dll
0x00007ff91b0d0000 - 0x00007ff91b18c000 	C:\WINDOWS\System32\ADVAPI32.dll
0x00007ff91ae40000 - 0x00007ff91aeea000 	C:\WINDOWS\System32\sechost.dll
0x00007ff91ac60000 - 0x00007ff91ad78000 	C:\WINDOWS\System32\RPCRT4.dll
0x00007ff91c610000 - 0x00007ff91c692000 	C:\WINDOWS\System32\WS2_32.dll
0x00007ff9197b0000 - 0x00007ff91980e000 	C:\WINDOWS\SYSTEM32\POWRPROF.dll
0x00007ff9015a0000 - 0x00007ff9015d6000 	C:\WINDOWS\SYSTEM32\WINMM.dll
0x00007ff90ff50000 - 0x00007ff90ff5b000 	C:\WINDOWS\SYSTEM32\VERSION.dll
0x00007ff919790000 - 0x00007ff9197a5000 	C:\WINDOWS\SYSTEM32\UMPDC.dll
0x00007ff918670000 - 0x00007ff91868b000 	C:\WINDOWS\SYSTEM32\kernel.appcore.dll
0x00007ff9147e0000 - 0x00007ff9147ea000 	C:\Program Files\Java\jdk-26.0.1\bin\jimage.dll
0x00007ff9171e0000 - 0x00007ff917422000 	C:\WINDOWS\SYSTEM32\DBGHELP.DLL
0x00007ff91b1b0000 - 0x00007ff91b535000 	C:\WINDOWS\System32\combase.dll
0x00007ff91aef0000 - 0x00007ff91afc9000 	C:\WINDOWS\System32\OLEAUT32.dll
0x00007ff900940000 - 0x00007ff90097b000 	C:\WINDOWS\SYSTEM32\dbgcore.DLL
0x00007ff91a3a0000 - 0x00007ff91a44c000 	C:\WINDOWS\System32\bcryptPrimitives.dll
0x00007ff914630000 - 0x00007ff914640000 	C:\Program Files\Java\jdk-26.0.1\bin\instrument.dll
0x00007ff9147b0000 - 0x00007ff9147cf000 	C:\Program Files\Java\jdk-26.0.1\bin\java.dll
0x00007ff91bef0000 - 0x00007ff91c089000 	C:\WINDOWS\System32\ole32.dll
0x00007ff91b540000 - 0x00007ff91bcc8000 	C:\WINDOWS\System32\SHELL32.dll
0x00007ff917480000 - 0x00007ff917d1b000 	C:\WINDOWS\SYSTEM32\windows.storage.dll
0x00007ff91a6a0000 - 0x00007ff91a799000 	C:\WINDOWS\System32\SHCORE.dll
0x00007ff91c090000 - 0x00007ff91c0f6000 	C:\WINDOWS\System32\shlwapi.dll
0x00007ff919870000 - 0x00007ff919899000 	C:\WINDOWS\SYSTEM32\profapi.dll
0x00007ff9123f0000 - 0x00007ff912407000 	C:\Program Files\Java\jdk-26.0.1\bin\zip.dll
0x00007ff9144f0000 - 0x00007ff914502000 	C:\Program Files\Java\jdk-26.0.1\bin\net.dll
0x00007ff918be0000 - 0x00007ff918c4c000 	C:\WINDOWS\system32\mswsock.dll
0x00007ff912410000 - 0x00007ff912426000 	C:\Program Files\Java\jdk-26.0.1\bin\nio.dll
0x00007ff914620000 - 0x00007ff914629000 	C:\Program Files\Java\jdk-26.0.1\bin\extnet.dll
0x00007ff9123e0000 - 0x00007ff9123ee000 	C:\Program Files\Java\jdk-26.0.1\bin\sunmscapi.dll
0x00007ff91a050000 - 0x00007ff91a1ce000 	C:\WINDOWS\System32\CRYPT32.dll
0x00007ff919140000 - 0x00007ff919170000 	C:\WINDOWS\SYSTEM32\ncrypt.dll
0x00007ff9190f0000 - 0x00007ff91912f000 	C:\WINDOWS\SYSTEM32\NTASN1.dll
0x00007ff918fd0000 - 0x00007ff918feb000 	C:\WINDOWS\SYSTEM32\CRYPTSP.dll
0x00007ff9185d0000 - 0x00007ff918609000 	C:\WINDOWS\system32\rsaenh.dll
0x00007ff918c80000 - 0x00007ff918cb2000 	C:\WINDOWS\SYSTEM32\USERENV.dll
0x00007ff919840000 - 0x00007ff91986a000 	C:\WINDOWS\SYSTEM32\bcrypt.dll
0x00007ff918fb0000 - 0x00007ff918fbc000 	C:\WINDOWS\SYSTEM32\CRYPTBASE.dll
0x00007ff918030000 - 0x00007ff918063000 	C:\WINDOWS\SYSTEM32\IPHLPAPI.DLL
0x00007ff91a530000 - 0x00007ff91a53a000 	C:\WINDOWS\System32\NSI.dll
0x00007ff9144e0000 - 0x00007ff9144ea000 	C:\Program Files\Java\jdk-26.0.1\bin\management.dll
0x00007ff9126b0000 - 0x00007ff9126bc000 	C:\Program Files\Java\jdk-26.0.1\bin\management_ext.dll
0x00007ff91ac50000 - 0x00007ff91ac58000 	C:\WINDOWS\System32\PSAPI.DLL
0x00007ff918120000 - 0x00007ff918278000 	C:\WINDOWS\SYSTEM32\DNSAPI.dll
0x00007ff918a10000 - 0x00007ff918a1d000 	C:\WINDOWS\SYSTEM32\DSPARSE.dll
0x00007ff910130000 - 0x00007ff91013b000 	C:\Windows\System32\rasadhlp.dll
0x00007ff910930000 - 0x00007ff9109b6000 	C:\WINDOWS\System32\fwpuclnt.dll

JVMTI agents:
C:\Program Files\JetBrains\IntelliJ IDEA 2026.2.1\lib\idea_rt.jar path:C:\Program Files\Java\jdk-26.0.1\bin\instrument.dll, loaded, initialized, instrumentlib options:50941

dbghelp: loaded successfully - version: 4.0.5 - missing functions: none
symbol engine: initialized successfully - sym options: 0x614 - pdb path: .;C:\Program Files\Java\jdk-26.0.1\bin;C:\WINDOWS\SYSTEM32;C:\WINDOWS\WinSxS\amd64_microsoft.windows.common-controls_6595b64144ccf1df_6.0.26100.8972_none_3e0da176e32f9d4b;C:\Program Files\Java\jdk-26.0.1\bin\server

VM Arguments:
jvm_args: -XX:TieredStopAtLevel=1 -Dspring.output.ansi.enabled=always -javaagent:C:\Program Files\JetBrains\IntelliJ IDEA 2026.2.1\lib\idea_rt.jar=50941 -Dfile.encoding=UTF-8 -Dsun.stdout.encoding=UTF-8 -Dsun.stderr.encoding=UTF-8 
java_command: com.LibraryDesk.LibraryDeskApplication
java_class_path (initial): C:\Users\Basit\.vscode\java\LibraryDesk\LibraryDesk\target\classes;C:\Users\Basit\.m2\repository\com\mysql\mysql-connector-j\9.7.0\mysql-connector-j-9.7.0.jar;C:\Users\Basit\.m2\repository\org\springframework\boot\spring-boot-starter-data-jpa\4.1.1\spring-boot-starter-data-jpa-4.1.1.jar;C:\Users\Basit\.m2\repository\org\springframework\boot\spring-boot-starter\4.1.1\spring-boot-starter-4.1.1.jar;C:\Users\Basit\.m2\repository\org\springframework\boot\spring-boot-starter-logging\4.1.1\spring-boot-starter-logging-4.1.1.jar;C:\Users\Basit\.m2\repository\ch\qos\logback\logback-classic\1.5.38\logback-classic-1.5.38.jar;C:\Users\Basit\.m2\repository\ch\qos\logback\logback-core\1.5.38\logback-core-1.5.38.jar;C:\Users\Basit\.m2\repository\org\apache\logging\log4j\log4j-to-slf4j\2.25.5\log4j-to-slf4j-2.25.5.jar;C:\Users\Basit\.m2\repository\org\apache\logging\log4j\log4j-api\2.25.5\log4j-api-2.25.5.jar;C:\Users\Basit\.m2\repository\org\slf4j\jul-to-slf4j\2.0.18\jul-to-slf4j-2.0.18.jar;C:\Users\Basit\.m2\repository\org\springframework\boot\spring-boot-autoconfigure\4.1.1\spring-boot-autoconfigure-4.1.1.jar;C:\Users\Basit\.m2\repository\jakarta\annotation\jakarta.annotation-api\3.0.0\jakarta.annotation-api-3.0.0.jar;C:\Users\Basit\.m2\repository\org\yaml\snakeyaml\2.6\snakeyaml-2.6.jar;C:\Users\Basit\.m2\repository\org\springframework\boot\spring-boot-starter-jdbc\4.1.1\spring-boot-starter-jdbc-4.1.1.jar;C:\Users\Basit\.m2\repository\com\zaxxer\HikariCP\7.0.2\HikariCP-7.0.2.jar;C:\Users\Basit\.m2\repository\org\springframework\boot\spring-boot-data-jpa\4.1.1\spring-boot-data-jpa-4.1.1.jar;C:\Users\Basit\.m2\repository\org\springframework\boot\spring-boot-data-commons\4.1.1\spring-boot-data-commons-4.1.1.jar;C:\Users\Basit\.m2\repository\org\springframework\boot\spring-boot-persistence\4.1.1\spring-boot-persistence-4.1.1.jar;C:\Users\Basit\.m2\repository\org\springframework\data\spring-data-commons\4.1.1\spring-data-commons-4.1.1.jar;C:\Users\Basit\.m2\repository\org\springframework\boot\spring-boot-hibernate\4.1.1\spring-boot-hibernate-4.1.1.jar;C:\Users\Basit\.m2\repository\org\springframework\boot\spring-boot-jpa\4.1.1\spring-boot-jpa-4.1.1.jar;C:\Users\Basit\.m2\repository\jakarta\persistence\jakarta.persistence-api\3.2.0\jakarta.persistence-api-3.2.0.jar;C:\Users\Basit\.m2\repository\org\hibernate\orm\hibernate-core\7.4.5.Final\hibernate-core-7.4.5.Final.jar;C:\Users\Basit\.m2\repository\jakarta\transaction\jakarta.transaction-api\2.0.1\jakarta.transaction-api-2.0.1.jar;C:\Users\Basit\.m2\repository\org\hibernate\models\hibernate-models\1.1.1\hibernate-models-1.1.1.jar;C:\Users\Basit\.m2\repository\org\glassfish\jaxb\jaxb-runtime\4.0.9\jaxb-runtime-4.0.9.jar;C:\Users\Basit\.m2\repository\org\glassfish\jaxb\jaxb-core\4.0.9\jaxb-core-4.0.9.jar;C:\Users\Basit\.m2\repository\org\eclipse\angus\angus-activation\2.0.3\angus-activation-2.0.3.jar;C:\Users\Basit\.m2\repository\org\glassfish\jaxb\txw2\4.0.9\txw2-4.0.9.jar;C:\Users\Basit\.m2\repository\com\sun\istack\istack-commons-runtime\4.1.2\istack-commons-runtime-4.1.2.jar;C:\Users\Basit\.m2\repository\jakarta\inject\jakarta.inject-api\2.0.1\jakarta.inject-api-2.0.1.jar;C:\Users\Basit\.m2\repository\org\springframework\spring-orm\7.0.9\spring-orm-7.0.9.jar;C:\Users\Basit\.m2\repository\org\springframework\data\spring-data-jpa\4.1.1\spring-data-jpa-4.1.1.jar;C:\Users\Basit\.m2\repository\org\springframework\spring-context\7.0.9\spring-context-7.0.9.jar;C:\Users\Basit\.m2\repository\org\springframework\spring-tx\7.0.9\spring-tx-7.0.9.jar;C:\Users\Basit\.m2\repository\org\springframework\spring-beans\7.0.9\spring-beans-7.0.9.jar;C:\Users\Basit\.m2\repository\org\antlr\antlr4-runtime\4.13.2\antlr4-runtime-4.13.2.jar;C:\Users\Basit\.m2\repository\org\springframework\spring-aspects\7.0.9\spring-aspects-7.0.9.jar;C:\Users\Basit\.m2\repository\org\aspectj\aspectjweaver\1.9.25.1\aspectjweaver-1.9.25.1.jar;C:\Users\Basit\.m2\repository\org\springframework\boot\spring-boot-jdbc\4.1.1\spring-boot-jdbc-4.1.1.jar;C:\Users\Basit\.m2\repository\org\springframework\boot\spring-boot\4.1.1\spring-boot-4.1.1.jar;C:\Users\Basit\.m2\repository\org\springframework\boot\spring-boot-sql\4.1.1\spring-boot-sql-4.1.1.jar;C:\Users\Basit\.m2\repository\org\springframework\boot\spring-boot-transaction\4.1.1\spring-boot-transaction-4.1.1.jar;C:\Users\Basit\.m2\repository\org\springframework\spring-jdbc\7.0.9\spring-jdbc-7.0.9.jar;C:\Users\Basit\.m2\repository\org\springframework\boot\spring-boot-starter-thymeleaf\4.1.1\spring-boot-starter-thymeleaf-4.1.1.jar;C:\Users\Basit\.m2\repository\org\springframework\boot\spring-boot-thymeleaf\4.1.1\spring-boot-thymeleaf-4.1.1.jar;C:\Users\Basit\.m2\repository\org\springframework\spring-web\7.0.9\spring-web-7.0.9.jar;C:\Users\Basit\.m2\repository\io\micrometer\micrometer-observation\1.17.1\micrometer-observation-1.17.1.jar;C:\Users\Basit\.m2\repository\io\micrometer\micrometer-commons\1.17.1\micrometer-commons-1.17.1.jar;C:\Users\Basit\.m2\repository\org\springframework\boot\spring-boot-starter-validation\4.1.1\spring-boot-starter-validation-4.1.1.jar;C:\Users\Basit\.m2\repository\org\springframework\boot\spring-boot-validation\4.1.1\spring-boot-validation-4.1.1.jar;C:\Users\Basit\.m2\repository\org\apache\tomcat\embed\tomcat-embed-el\11.0.24\tomcat-embed-el-11.0.24.jar;C:\Users\Basit\.m2\repository\org\hibernate\validator\hibernate-validator\9.1.3.Final\hibernate-validator-9.1.3.Final.jar;C:\Users\Basit\.m2\repository\jakarta\validation\jakarta.validation-api\3.1.1\jakarta.validation-api-3.1.1.jar;C:\Users\Basit\.m2\repository\org\jboss\logging\jboss-logging\3.6.3.Final\jboss-logging-3.6.3.Final.jar;C:\Users\Basit\.m2\repository\com\fasterxml\classmate\1.7.3\classmate-1.7.3.jar;C:\Users\Basit\.m2\repository\org\springframework\boot\spring-boot-starter-webmvc\4.1.1\spring-boot-starter-webmvc-4.1.1.jar;C:\Users\Basit\.m2\repository\org\springframework\boot\spring-boot-starter-jackson\4.1.1\spring-boot-starter-jackson-4.1.1.jar;C:\Users\Basit\.m2\repository\org\springframework\boot\spring-boot-jackson\4.1.1\spring-boot-jackson-4.1.1.jar;C:\Users\Basit\.m2\repository\tools\jackson\core\jackson-databind\3.1.5\jackson-databind-3.1.5.jar;C:\Users\Basit\.m2\repository\com\fasterxml\jackson\core\jackson-annotations\2.21\jackson-annotations-2.21.jar;C:\Users\Basit\.m2\repository\tools\jackson\core\jackson-core\3.1.5\jackson-core-3.1.5.jar;C:\Users\Basit\.m2\repository\org\springframework\boot\spring-boot-starter-tomcat\4.1.1\spring-boot-starter-tomcat-4.1.1.jar;C:\Users\Basit\.m2\repository\org\springframework\boot\spring-boot-starter-tomcat-runtime\4.1.1\spring-boot-starter-tomcat-runtime-4.1.1.jar;C:\Users\Basit\.m2\repository\org\apache\tomcat\embed\tomcat-embed-core\11.0.24\tomcat-embed-core-11.0.24.jar;C:\Users\Basit\.m2\repository\org\apache\tomcat\embed\tomcat-embed-websocket\11.0.24\tomcat-embed-websocket-11.0.24.jar;C:\Users\Basit\.m2\repository\org\springframework\boot\spring-boot-tomcat\4.1.1\spring-boot-tomcat-4.1.1.jar;C:\Users\Basit\.m2\repository\org\springframework\boot\spring-boot-http-converter\4.1.1\spring-boot-http-converter-4.1.1.jar;C:\Users\Basit\.m2\repository\org\springframework\boot\spring-boot-webmvc\4.1.1\spring-boot-webmvc-4.1.1.jar;C:\Users\Basit\.m2\repository\org\springframework\boot\spring-boot-servlet\4.1.1\spring-boot-servlet-4.1.1.jar;C:\Users\Basit\.m2\repository\org\springframework\spring-webmvc\7.0.9\spring-webmvc-7.0.9.jar;C:\Users\Basit\.m2\repository\org\springframework\spring-expression\7.0.9\spring-expression-7.0.9.jar;C:\Users\Basit\.m2\repository\org\thymeleaf\extras\thymeleaf-extras-springsecurity6\3.1.5.RELEASE\thymeleaf-extras-springsecurity6-3.1.5.RELEASE.jar;C:\Users\Basit\.m2\repository\org\thymeleaf\thymeleaf-spring6\3.1.5.RELEASE\thymeleaf-spring6-3.1.5.RELEASE.jar;C:\Users\Basit\.m2\repository\org\thymeleaf\thymeleaf\3.1.5.RELEASE\thymeleaf-3.1.5.RELEASE.jar;C:\Users\Basit\.m2\repository\org\attoparser\attoparser\2.0.7.RELEASE\attoparser-2.0.7.RELEASE.jar;C:\Users\Basit\.m2\repository\org\unbescape\unbescape\1.1.6.RELEASE\unbescape-1.1.6.RELEASE.jar;C:\Users\Basit\.m2\repository\org\slf4j\slf4j-api\2.0.18\slf4j-api-2.0.18.jar;C:\Users\Basit\.m2\repository\org\springframework\spring-aop\7.0.9\spring-aop-7.0.9.jar;C:\Users\Basit\.m2\repository\jakarta\xml\bind\jakarta.xml.bind-api\4.0.5\jakarta.xml.bind-api-4.0.5.jar;C:\Users\Basit\.m2\repository\jakarta\activation\jakarta.activation-api\2.1.4\jakarta.activation-api-2.1.4.jar;C:\Users\Basit\.m2\repository\net\bytebuddy\byte-buddy\1.18.11\byte-buddy-1.18.11.jar;C:\Users\Basit\.m2\repository\org\springframework\spring-core\7.0.9\spring-core-7.0.9.jar;C:\Users\Basit\.m2\repository\commons-logging\commons-logging\1.3.6\commons-logging-1.3.6.jar;C:\Users\Basit\.m2\repository\org\jspecify\jspecify\1.0.1\jspecify-1.0.1.jar;C:\Users\Basit\.m2\repository\org\springframework\boot\spring-boot-web-server\4.1.1\spring-boot-web-server-4.1.1.jar
Launcher Type: SUN_STANDARD

[Global flags]
     bool AOTAdapterCaching                        = false                                  {diagnostic} {ergonomic}
     bool AOTInvokeDynamicLinking                  = false                                  {diagnostic} {ergonomic}
     bool AOTRecordTraining                        = false                                  {diagnostic} {ergonomic}
     bool AOTReplayTraining                        = false                                  {diagnostic} {ergonomic}
     bool AOTStubCaching                           = false                                  {diagnostic} {ergonomic}
     intx CICompilerCount                          = 4                                         {product} {ergonomic}
     uint ConcGCThreads                            = 2                                         {product} {ergonomic}
     uint G1ConcRefinementThreads                  = 8                                         {product} {ergonomic}
     uint G1EagerReclaimRemSetThreshold            = 10                                   {experimental} {ergonomic}
   size_t G1HeapRegionSize                         = 1048576                                   {product} {ergonomic}
     uint G1RemSetArrayOfCardsEntries              = 10                                   {experimental} {ergonomic}
     uint G1RemSetHowlMaxNumBuckets                = 8                                    {experimental} {ergonomic}
     uint G1RemSetHowlNumBuckets                   = 4                                    {experimental} {ergonomic}
   size_t InitialHeapSize                          = 8388608                                   {product} {ergonomic}
     bool IntelJccErratumMitigation                = true                              {ARCH diagnostic} {ergonomic}
   size_t MarkStackSize                            = 4194304                                   {product} {ergonomic}
   size_t MarkStackSizeMax                         = 536870912                                 {product} {ergonomic}
   size_t MaxHeapSize                              = 2107637760                                {product} {ergonomic}
   size_t MaxNewSize                               = 1264582656                                {product} {ergonomic}
 uint64_t MaxRAM                                   = 8425529344                                {product} {ergonomic}
   size_t MinHeapDeltaBytes                        = 1048576                                   {product} {ergonomic}
   size_t MinHeapSize                              = 8388608                                   {product} {ergonomic}
   size_t NonNMethodCodeHeapSize                   = 4096                                   {pd product} {ergonomic}
   size_t NonProfiledCodeHeapSize                  = 0                                      {pd product} {ergonomic}
     bool ProfileInterpreter                       = false                                  {pd product} {command line}
   size_t ProfiledCodeHeapSize                     = 0                                      {pd product} {ergonomic}
   size_t SoftMaxHeapSize                          = 2107637760                             {manageable} {ergonomic}
     intx TieredStopAtLevel                        = 1                                         {product} {command line}
     bool UseCompressedOops                        = true                           {product lp64_product} {ergonomic}
     bool UseCondCardMark                          = true                                      {product} {ergonomic}
     bool UseFastUnorderedTimeStamps               = true                                 {experimental} {ergonomic}
     bool UseG1GC                                  = true                                      {product} {ergonomic}
     bool UseLargePagesIndividualAllocation        = false                                  {pd product} {ergonomic}
      int X86ICacheSync                            = 2                                 {ARCH diagnostic} {ergonomic}

Logging:
Log output configuration:
 #0: stdout all=warning uptime,level,tags foldmultilines=false
 #1: stderr all=off uptime,level,tags foldmultilines=false

Release file:
IMPLEMENTOR="Oracle Corporation" 
JAVA_RUNTIME_VERSION="26.0.1+8-34" 
JAVA_VERSION="26.0.1" 
JAVA_VERSION_DATE="2026-04-21" 
LIBC="default" 
MODULES="java.base java.compiler java.datatransfer java.xml java.prefs java.desktop java.instrument java.logging java.management java.security.sasl java.naming java.rmi java.management.rmi java.net.http java.scripting java.security.jgss java.transaction.xa java.sql java.sql.rowset java.xml.crypto java.se java.smartcardio jdk.accessibility jdk.internal.jvmstat jdk.attach jdk.charsets jdk.internal.opt jdk.zipfs jdk.compiler jdk.crypto.cryptoki jdk.crypto.ec jdk.crypto.mscapi jdk.dynalink jdk.internal.ed jdk.editpad jdk.internal.vm.ci jdk.graal.compiler jdk.graal.compiler.management jdk.hotspot.agent jdk.httpserver jdk.incubator.vector jdk.internal.le jdk.internal.md jdk.jartool jdk.javadoc jdk.jcmd jdk.management jdk.management.agent jdk.jconsole jdk.jdeps jdk.jdwp.agent jdk.jdi jdk.jfr jdk.jlink jdk.jpackage jdk.jshell jdk.jstatd jdk.localedata jdk.management.jfr jdk.naming.dns jdk.naming.rmi jdk.net jdk.nio.mapmode jdk.sctp jdk.security.auth jdk.security.jgss jdk.unsupported jdk.unsupported.desktop jdk.xml.dom" 
OS_ARCH="x86_64" 
OS_NAME="Windows" 
SOURCE=".:git:8fcde8268d22 open:git:fcc00fc4aee7" 

Environment Variables:
PATH=C:\Program Files\Common Files\Oracle\Java\javapath;C:\WINDOWS\system32;C:\WINDOWS;C:\WINDOWS\System32\Wbem;C:\WINDOWS\System32\WindowsPowerShell\v1.0\;C:\WINDOWS\System32\OpenSSH\;C:\Program Files (x86)\Intel\Intel(R) Management Engine Components\DAL;C:\Program Files\Intel\Intel(R) Management Engine Components\DAL;C:\Program Files (x86)\Microchip\MPLAB C32 Suite\bin;C:\Program Files\Polyspace\R2021a\bin;C:\Program Files\Git\cmd;C:\Program Files\MySQL\MySQL Shell 8.0\bin\;C:\Users\Basit\.local\bin;C:\Users\Basit\AppData\Local\Microsoft\WindowsApps;C:\Users\Basit\AppData\Local\Programs\Microsoft VS Code\bin;C:\Users\Basit\AppData\Local\Programs\cursor\resources\app\bin;C:\Users\Basit\AppData\Local\Python\bin;
USERNAME=Basit
OS=Windows_NT
PROCESSOR_IDENTIFIER=Intel64 Family 6 Model 142 Stepping 10, GenuineIntel
TMP=C:\Users\Basit\AppData\Local\Temp
TEMP=C:\Users\Basit\AppData\Local\Temp




Compilation memory statistics disabled.

Periodic native trim disabled

---------------  S Y S T E M  ---------------

OS:
 Windows 11 , 64 bit Build 26100 (10.0.26100.9168)
OS uptime: 1 days 10:05 hours
Hyper-V role detected

CPU: total 8 (initial active 8) (4 cores per cpu, 2 threads per core) family 6 model 142 stepping 10 microcode 0xf6, cx8, cmov, fxsr, ht, mmx, 3dnowpref, sse, sse2, sse3, ssse3, sse4.1, sse4.2, popcnt, lzcnt, tsc, tscinvbit, avx, avx2, aes, erms, clmul, bmi1, bmi2, rtm, adx, fma, vzeroupper, clflush, clflushopt, hv, rdtscp, f16c
Processor Information for processor 0
  Max Mhz: 1896, Current Mhz: 1496, Mhz Limit: 1687
Processor Information for processor 1
  Max Mhz: 1896, Current Mhz: 1496, Mhz Limit: 1687
Processor Information for processor 2
  Max Mhz: 1896, Current Mhz: 1496, Mhz Limit: 1687
Processor Information for processor 3
  Max Mhz: 1896, Current Mhz: 1496, Mhz Limit: 1687
Processor Information for processor 4
  Max Mhz: 1896, Current Mhz: 1696, Mhz Limit: 1687
Processor Information for processor 5
  Max Mhz: 1896, Current Mhz: 1496, Mhz Limit: 1687
Processor Information for processor 6
  Max Mhz: 1896, Current Mhz: 1496, Mhz Limit: 1687
Processor Information for processor 7
  Max Mhz: 1896, Current Mhz: 1496, Mhz Limit: 1687

Memory: 4k page, system-wide physical 8035M (310M free)
TotalPageFile size 10083M (AvailPageFile size 1M)
current process WorkingSet (physical memory assigned to process): 213M, peak: 214M
current process commit charge ("private bytes"): 251M, peak: 252M

vm_info: Java HotSpot(TM) 64-Bit Server VM (26.0.1+8-34) for windows-amd64 JRE (26.0.1+8-34), built on 2026-03-10T17:24:10Z with MS VC++ 17.13 (VS2022)

END.
