#
# There is insufficient memory for the Java Runtime Environment to continue.
# Native memory allocation (mmap) failed to map 65536 bytes. Error detail: Failed to commit metaspace.
# Possible reasons:
#   The system is out of physical RAM or swap space
#   This process is running with CompressedOops enabled, and the Java Heap may be blocking the growth of the native heap
# Possible solutions:
#   Reduce memory load on the system
#   Increase physical memory or swap space
#   Check if swap backing store is full
#   Decrease Java heap size (-Xmx/-Xms)
#   Decrease number of Java threads
#   Decrease Java thread stack sizes (-Xss)
#   Set larger code cache with -XX:ReservedCodeCacheSize=
#   JVM is running with Unscaled Compressed Oops mode in which the Java heap is
#     placed in the first 4GB address space. The Java Heap base address is the
#     maximum limit for the native heap growth. Please use -XX:HeapBaseMinAddress
#     to set the Java Heap base and to place the Java Heap above 4GB virtual address.
# This output file may be truncated or incomplete.
#
#  Out of Memory Error (virtualSpaceNode.cpp:113), pid=12880, tid=15832
#
# JRE version: Java(TM) SE Runtime Environment (26.0.1+8) (build 26.0.1+8-34)
# Java VM: Java HotSpot(TM) 64-Bit Server VM (26.0.1+8-34, mixed mode, emulated-client, sharing, tiered, compressed oops, compressed class ptrs, g1 gc, windows-amd64)
# No core dump will be written. Minidumps are not enabled by default on client versions of Windows
#

---------------  S U M M A R Y ------------

Command Line: -XX:TieredStopAtLevel=1 -Dspring.output.ansi.enabled=always -javaagent:C:\Program Files\JetBrains\IntelliJ IDEA 2026.2.1\lib\idea_rt.jar=63080 -Dfile.encoding=UTF-8 -Dsun.stdout.encoding=UTF-8 -Dsun.stderr.encoding=UTF-8 com.LibraryDesk.LibraryDeskApplication

Host: Intel(R) Core(TM) i5-8350U CPU @ 1.70GHz, 8 cores, 7G,  Windows 11 , 64 bit Build 26100 (10.0.26100.9168)
Time: Thu Sep 10 15:17:23 2026 Pakistan Standard Time elapsed time: 16.026253 seconds (0d 0h 0m 16s)

---------------  T H R E A D  ---------------

Current thread (0x000002737f58bb60):  JavaThread "main"             [_thread_in_vm, id=15832, stack(0x000000e16dd00000,0x000000e16de00000) (1024K)]

Stack: [0x000000e16dd00000,0x000000e16de00000]
Native frames: (J=compiled Java code, j=interpreted, Vv=VM code, C=native code)
V  [jvm.dll+0x7d5879]  (no source info available)
V  [jvm.dll+0x7a37dd]  (no source info available)
V  [jvm.dll+0x9b0c10]  (no source info available)
V  [jvm.dll+0x9b3061]  (no source info available)
V  [jvm.dll+0x9b3773]  (no source info available)
V  [jvm.dll+0x30df76]  (no source info available)
V  [jvm.dll+0x9ad9ce]  (no source info available)
V  [jvm.dll+0x773cd4]  (no source info available)
V  [jvm.dll+0x268f28]  (no source info available)
V  [jvm.dll+0x268cee]  (no source info available)
V  [jvm.dll+0x7766e2]  (no source info available)
V  [jvm.dll+0x7763b5]  (no source info available)
V  [jvm.dll+0x2aba92]  (no source info available)
V  [jvm.dll+0x7746fe]  (no source info available)
V  [jvm.dll+0x77b82c]  (no source info available)
V  [jvm.dll+0x31562b]  (no source info available)
V  [jvm.dll+0x316bc0]  (no source info available)
V  [jvm.dll+0x293361]  (no source info available)
V  [jvm.dll+0x292a4d]  (no source info available)
V  [jvm.dll+0x69edc8]  (no source info available)
V  [jvm.dll+0x91e1c4]  (no source info available)
V  [jvm.dll+0x91e2b4]  (no source info available)
V  [jvm.dll+0x531dde]  (no source info available)
V  [jvm.dll+0x537d78]  (no source info available)
C  [java.dll+0x17d6]  (no source info available)
C  0x0000027308ed0e7a  (no source info available)

The last pc belongs to native nmethod (printed below).
Java frames: (J=compiled Java code, j=interpreted, Vv=VM code)
J 724  java.lang.ClassLoader.defineClass1(Ljava/lang/ClassLoader;Ljava/lang/String;[BIILjava/security/ProtectionDomain;Ljava/lang/String;)Ljava/lang/Class; java.base@26.0.1 (0 bytes) @ 0x0000027308ed0e41 [0x0000027308ed0d80+0x00000000000000c1]
J 1061 c1 java.lang.ClassLoader.defineClass(Ljava/lang/String;[BIILjava/security/ProtectionDomain;)Ljava/lang/Class; java.base@26.0.1 (43 bytes) @ 0x0000027308f3291c [0x0000027308f32800+0x000000000000011c]
J 949 c1 jdk.internal.loader.BuiltinClassLoader.defineClass(Ljava/lang/String;Ljdk/internal/loader/Resource;)Ljava/lang/Class; java.base@26.0.1 (121 bytes) @ 0x0000027308f14f9c [0x0000027308f14d00+0x000000000000029c]
J 948 c1 jdk.internal.loader.BuiltinClassLoader.findClassOnClassPathOrNull(Ljava/lang/String;)Ljava/lang/Class; java.base@26.0.1 (38 bytes) @ 0x0000027308f13ff4 [0x0000027308f13d80+0x0000000000000274]
J 604 c1 jdk.internal.loader.BuiltinClassLoader.loadClassOrNull(Ljava/lang/String;Z)Ljava/lang/Class; java.base@26.0.1 (143 bytes) @ 0x0000027308eb339c [0x0000027308eb2f80+0x000000000000041c]
J 735 c1 jdk.internal.loader.BuiltinClassLoader.loadClass(Ljava/lang/String;Z)Ljava/lang/Class; java.base@26.0.1 (22 bytes) @ 0x0000027308ed36dc [0x0000027308ed3680+0x000000000000005c]
J 734 c1 java.lang.ClassLoader.loadClass(Ljava/lang/String;)Ljava/lang/Class; java.base@26.0.1 (7 bytes) @ 0x0000027308ed33d4 [0x0000027308ed3380+0x0000000000000054]
v  ~StubRoutines::Stub Generator call_stub_stub 0x0000027308be18e2
j  org.hibernate.query.internal.QueryEngineImpl.createCriteriaBuilder(Lorg/hibernate/type/BindingContext;Lorg/hibernate/query/spi/QueryEngine;Lorg/hibernate/query/spi/QueryEngineOptions;Ljava/lang/String;Ljava/lang/String;)Lorg/hibernate/query/sqm/internal/SqmCriteriaNodeBuilder;+0
j  org.hibernate.query.internal.QueryEngineImpl.<init>(Lorg/hibernate/boot/spi/MetadataImplementor;Lorg/hibernate/query/spi/QueryEngineOptions;Lorg/hibernate/type/BindingContext;Lorg/hibernate/service/spi/ServiceRegistryImplementor;Ljava/util/Map;Ljava/lang/String;)V+132
j  org.hibernate.internal.SessionFactoryImpl.<init>(Lorg/hibernate/boot/spi/MetadataImplementor;Lorg/hibernate/boot/spi/SessionFactoryOptions;Lorg/hibernate/boot/spi/BootstrapContext;)V+514
j  org.hibernate.internal.SessionFactoryRegistry.instantiateSessionFactory(Lorg/hibernate/boot/spi/MetadataImplementor;Lorg/hibernate/boot/spi/SessionFactoryOptions;Lorg/hibernate/boot/spi/BootstrapContext;)Lorg/hibernate/engine/spi/SessionFactoryImplementor;+7
j  org.hibernate.boot.internal.SessionFactoryBuilderImpl.build()Lorg/hibernate/SessionFactory;+12
j  org.hibernate.jpa.boot.internal.EntityManagerFactoryBuilderImpl.build()Ljakarta/persistence/EntityManagerFactory;+8
j  org.springframework.orm.jpa.vendor.SpringHibernateJpaPersistenceProvider.createContainerEntityManagerFactory(Ljakarta/persistence/spi/PersistenceUnitInfo;Ljava/util/Map;)Ljakarta/persistence/EntityManagerFactory;+113
j  org.springframework.orm.jpa.LocalContainerEntityManagerFactoryBean.createNativeEntityManagerFactory()Ljakarta/persistence/EntityManagerFactory;+111
j  org.springframework.orm.jpa.AbstractEntityManagerFactoryBean.buildNativeEntityManagerFactory()Ljakarta/persistence/EntityManagerFactory;+1
j  org.springframework.orm.jpa.AbstractEntityManagerFactoryBean.afterPropertiesSet()V+234
j  org.springframework.orm.jpa.LocalContainerEntityManagerFactoryBean.afterPropertiesSet()V+238
j  org.springframework.beans.factory.support.AbstractAutowireCapableBeanFactory.invokeInitMethods(Ljava/lang/String;Ljava/lang/Object;Lorg/springframework/beans/factory/support/RootBeanDefinition;)V+56
j  org.springframework.beans.factory.support.AbstractAutowireCapableBeanFactory.initializeBean(Ljava/lang/String;Ljava/lang/Object;Lorg/springframework/beans/factory/support/RootBeanDefinition;)Ljava/lang/Object;+46
j  org.springframework.beans.factory.support.AbstractAutowireCapableBeanFactory.doCreateBean(Ljava/lang/String;Lorg/springframework/beans/factory/support/RootBeanDefinition;[Ljava/lang/Object;)Ljava/lang/Object;+228
j  org.springframework.beans.factory.support.AbstractAutowireCapableBeanFactory.createBean(Ljava/lang/String;Lorg/springframework/beans/factory/support/RootBeanDefinition;[Ljava/lang/Object;)Ljava/lang/Object;+153
j  org.springframework.beans.factory.support.AbstractBeanFactory.lambda$doGetBean$0(Ljava/lang/String;Lorg/springframework/beans/factory/support/RootBeanDefinition;[Ljava/lang/Object;)Ljava/lang/Object;+4
j  org.springframework.beans.factory.support.AbstractBeanFactory$$Lambda+0x000000001d225448.getObject()Ljava/lang/Object;+16
j  org.springframework.beans.factory.support.DefaultSingletonBeanRegistry.getSingleton(Ljava/lang/String;Lorg/springframework/beans/factory/ObjectFactory;)Ljava/lang/Object;+897
J 2870 c1 org.springframework.beans.factory.support.AbstractBeanFactory.doGetBean(Ljava/lang/String;Ljava/lang/Class;[Ljava/lang/Object;Z)Ljava/lang/Object; (791 bytes) @ 0x00000273091368ec [0x0000027309136200+0x00000000000006ec]
J 2997 c1 org.springframework.beans.factory.support.AbstractBeanFactory.getBean(Ljava/lang/String;Ljava/lang/Class;)Ljava/lang/Object; (9 bytes) @ 0x0000027309158bd4 [0x0000027309158b80+0x0000000000000054]
j  org.springframework.context.support.AbstractApplicationContext.finishBeanFactoryInitialization(Lorg/springframework/beans/factory/config/ConfigurableListableBeanFactory;)V+226
j  org.springframework.context.support.AbstractApplicationContext.refresh()V+94
j  org.springframework.boot.web.server.servlet.context.ServletWebServerApplicationContext.refresh()V+1
j  org.springframework.boot.SpringApplication.refresh(Lorg/springframework/context/ConfigurableApplicationContext;)V+1
j  org.springframework.boot.SpringApplication.refreshContext(Lorg/springframework/context/ConfigurableApplicationContext;)V+19
j  org.springframework.boot.SpringApplication.run([Ljava/lang/String;)Lorg/springframework/context/ConfigurableApplicationContext;+113
j  org.springframework.boot.SpringApplication.run([Ljava/lang/Class;[Ljava/lang/String;)Lorg/springframework/context/ConfigurableApplicationContext;+9
j  org.springframework.boot.SpringApplication.run(Ljava/lang/Class;[Ljava/lang/String;)Lorg/springframework/context/ConfigurableApplicationContext;+9
j  com.LibraryDesk.LibraryDeskApplication.main([Ljava/lang/String;)V+3
v  ~StubRoutines::Stub Generator call_stub_stub 0x0000027308be18e2
Lock stack of current Java thread (top to bottom):
LockStack[1]: java.lang.Object 
{0x0000000086ba5308} - klass: 'java/lang/Object' - flags: 

 - ---- fields (total size 2 words):
LockStack[0]: [I 
{0x0000000084450050} - klass: {type array int} - flags: is_cloneable_fast 

 - length: 0


Compiled method (n/a) 16397  724     n 0       java.lang.ClassLoader::defineClass1 (native)
 total in heap  [0x0000027308ed0c88,0x0000027308ed10a8] = 1056
 main code      [0x0000027308ed0d80,0x0000027308ed10a3] = 803
 stub code      [0x0000027308ed10a3,0x0000027308ed10a8] = 5
 mutable data [0x0000027315143c60,0x0000027315143c80] = 32
 relocation     [0x0000027315143c60,0x0000027315143c80] = 32

[Constant Pool (empty)]


Loading hsdis library failed, undisassembled code is shown in MachCode section
[MachCode]
[Entry Point]
  # {method} {0x000000001c4acea0} 'defineClass1' '(Ljava/lang/ClassLoader;Ljava/lang/String;[BIILjava/security/ProtectionDomain;Ljava/lang/String;)Ljava/lang/Class;' in 'java/lang/ClassLoader'
  # parm0:    rdx:rdx   = 'java/lang/ClassLoader'
  # parm1:    r8:r8     = 'java/lang/String'
  # parm2:    r9:r9     = '[B'
  # parm3:    rdi       = int
  # parm4:    rsi       = int
  # parm5:    rcx:rcx   = 'java/security/ProtectionDomain'
  # parm6:    [sp+0xa0]   = 'java/lang/String'  (sp of caller)
  0x0000027308ed0d80: 6690 448b | 5208 443b 

  0x0000027308ed0d88: ;   {runtime_call Shared Runtime ic_miss_blob}
  0x0000027308ed0d88: 5008 0f85 | 50e0 d5ff 
[Verified Entry Point]
  0x0000027308ed0d90: 8984 2400 | 80ff ff55 | 488b ec48 | 81ec 9000 | 0000 6690 | 4181 7f20 | 0900 0000 

  0x0000027308ed0dac: ;   {runtime_call Stub::Stub Generator method_entry_barrier_stub}
  0x0000027308ed0dac: 7405 e8cd | 32d4 ff48 | 837d 1000 | 488d 4510 | 480f 4445 | 1048 8944 | 2440 4889 | 4c24 7048 
  0x0000027308ed0dcc: 83f9 0048 | 8d44 2470 | 480f 4444 | 2470 4889 | 4424 3848 | 8974 2430 | 4889 7c24 | 284c 894c 
  0x0000027308ed0dec: 2458 4983 | f900 488d | 4424 5848 | 0f44 4424 | 5848 8944 | 2420 4c89 | 4424 5049 | 83f8 004c 
  0x0000027308ed0e0c: 8d4c 2450 | 4c0f 444c | 2450 4889 | 5424 4848 | 83fa 004c | 8d44 2448 | 4c0f 4444 

  0x0000027308ed0e28: ;   {oop(a 'java/lang/Class'{0x00000000ffe3ede8} = 'java/lang/ClassLoader')}
  0x0000027308ed0e28: 2448 49be | e8ed e3ff | 0000 0000 | 4c89 7424 | 784c 8d74 | 2478 498b | d6c5 f877 

  0x0000027308ed0e44: ;   {internal_word}
  0x0000027308ed0e44: 49ba 410e | ed08 7302 | 0000 4d89 | 9718 0400 | 0049 89a7 | 1004 0000 | 498d 8f30 | 0400 0041 
  0x0000027308ed0e64: c787 ac04 | 0000 0400 

  0x0000027308ed0e6c: ;   {runtime_call}
  0x0000027308ed0e6c: 0000 48b8 | 8c16 65b6 | f87f 0000 | ffd0 c5f8 | 7741 c787 | ac04 0000 | 0500 0000 | f083 4424 
  0x0000027308ed0e8c: c000 493b | 6f28 0f87 | 0e00 0000 | 4183 bfa8 | 0400 0000 | 0f84 2b00 | 0000 c5f8 | 7748 8945 
  0x0000027308ed0eac: f849 8bcf | 4c8b e448 | 83ec 2048 

  0x0000027308ed0eb8: ;   {runtime_call}
  0x0000027308ed0eb8: 83e4 f048 | b850 06e4 | 3ff8 7f00 | 00ff d049 | 8be4 4d33 | e448 8b45 | f841 c787 | ac04 0000 
  0x0000027308ed0ed8: 0800 0000 | 4183 bf30 | 0500 0002 | 0f84 8c01 | 0000 49c7 | 8710 0400 | 0000 0000 | 0049 c787 
  0x0000027308ed0ef8: 1804 0000 | 0000 0000 | c5f8 7748 | 85c0 0f84 | 2a01 0000 | a803 0f85 | 0800 0000 | 488b 00e9 
  0x0000027308ed0f18: 1a01 0000 | a801 0f85 | 0900 0000 | 488b 40fe | e909 0100 | 0048 8b40 | ff41 807f | 4800 0f84 
  0x0000027308ed0f38: fa00 0000 | 4885 c00f | 84f1 0000 | 0049 8b4f | 3848 85c9 | 7414 4883 | e908 4989 | 4f38 4903 
  0x0000027308ed0f58: 4f40 4889 | 01e9 d400 | 0000 4883 | ec70 4889 | 0424 4889 | 4c24 0848 | 8954 2410 | 4c89 4424 
  0x0000027308ed0f78: 184c 894c | 2420 4c89 | 5424 284c | 895c 2430 | c5fb 1144 | 2440 c5fb | 114c 2448 | c5fb 1154 
  0x0000027308ed0f98: 2450 c5fb | 115c 2458 | c5fb 1164 | 2460 c5fb | 116c 2468 | 498b d748 | 8bc8 4883 | ec20 40f6 
  0x0000027308ed0fb8: ;   {other}
  0x0000027308ed0fb8: c40f 0f84 | 1900 0000 | 4883 ec08 

  0x0000027308ed0fc4: ;   {runtime_call}
  0x0000027308ed0fc4: 48b8 80ad | d63f f87f | 0000 ffd0 | 4883 c408 | e90c 0000 

  0x0000027308ed0fd8: ;   {runtime_call}
  0x0000027308ed0fd8: 0048 b880 | add6 3ff8 | 7f00 00ff | d048 83c4 | 20c5 fb10 | 6c24 68c5 | fb10 6424 | 60c5 fb10 
  0x0000027308ed0ff8: 5c24 58c5 | fb10 5424 | 50c5 fb10 | 4c24 48c5 | fb10 4424 | 404c 8b5c | 2430 4c8b | 5424 284c 
  0x0000027308ed1018: 8b4c 2420 | 4c8b 4424 | 1848 8b54 | 2410 488b | 4c24 0848 | 8b04 2448 | 83c4 70c5 | f877 498b 
  0x0000027308ed1038: 8f90 0400 | 00c7 8100 | 0100 0000 | 0000 00c9 

  0x0000027308ed1048: ;   {poll_return}
  0x0000027308ed1048: 41f6 4728 

  0x0000027308ed104c: ;   {internal_word}
  0x0000027308ed104c: 0174 1649 | ba48 10ed | 0873 0200 | 004d 8997 | b804 0000 

  0x0000027308ed1060: ;   {runtime_call SafepointBlob}
  0x0000027308ed1060: e9fb 01d6 | ff49 837f | 0800 0f85 | 0100 0000 

  0x0000027308ed1070: ;   {runtime_call Stub::Stub Generator forward_exception_stub}
  0x0000027308ed1070: c3e9 6a07 | d1ff c5f8 | 7748 8945 | f84c 8be4 | 4883 ec20 | 4883 e4f0 

  0x0000027308ed1088: ;   {runtime_call}
  0x0000027308ed1088: 48b8 9037 | 1f40 f87f | 0000 ffd0 | 498b e44d | 33e4 488b | 45f8 e947 | feff fff4 | f4f4 f4f4 
[/MachCode]


Compiled method (c1) 16433 1061       1       java.lang.ClassLoader::defineClass (43 bytes)
 total in heap  [0x0000027308f32708,0x0000027308f32a28] = 800
 main code      [0x0000027308f32800,0x0000027308f329c0] = 448
 stub code      [0x0000027308f329c0,0x0000027308f32a28] = 104
 mutable data [0x000002731585cab0,0x000002731585cb58] = 168
 relocation     [0x000002731585cab0,0x000002731585cb18] = 104
 metadata       [0x000002731585cb18,0x000002731585cb58] = 64
 immutable data [0x000002731578a700,0x000002731578a89c] = 412
 dependencies   [0x000002731578a700,0x000002731578a718] = 24
 nul chk table  [0x000002731578a718,0x000002731578a740] = 40
 scopes pcs     [0x000002731578a740,0x000002731578a7e0] = 160
 scopes data    [0x000002731578a7e0,0x000002731578a898] = 184

[Constant Pool (empty)]


Loading hsdis library failed, undisassembled code is shown in MachCode section
[MachCode]
[Instructions begin]
  0x0000027308f32800: 6666 660f | 1f84 0000 | 0000 0066 | 6666 9066 | 6690 448b | 5208 443b 

  0x0000027308f32818: ;   {runtime_call Shared Runtime ic_miss_blob}
  0x0000027308f32818: 5008 0f85 | c0c5 cfff 
[Verified Entry Point]
  0x0000027308f32820: 8984 2400 | 80ff ff55 | 4881 ecb0 | 0000 0090 | 4181 7f20 | 0900 0000 

  0x0000027308f32838: ;   {runtime_call Stub::Stub Generator method_entry_barrier_stub}
  0x0000027308f32838: 7405 e841 | 18ce ff48 | 8954 2478 | 89b4 2494 | 0000 0089 | bc24 9000 | 0000 4c89 | 8c24 8800 
  0x0000027308f32858: 0000 498b | d84c 8bc3 | 4c8b c948 | 8bca 488b | d148 899c | 2480 0000 | 0066 0f1f 

  0x0000027308f32874: ;   {optimized virtual_call}
  0x0000027308f32874: 4400 00e8 

  0x0000027308f32878: ; ImmutableOopMap {[120]=Oop [128]=Oop [136]=Oop }
                      ;*invokevirtual preDefineClass {reexecute=0 rethrow=0 return_oop=0}
                      ; - java.lang.ClassLoader::defineClass@4 (line 972)
  0x0000027308f32878: a410 0000 

  0x0000027308f3287c: ;   {post_call_nop}
  0x0000027308f3287c: 0f1f 8400 | 7401 0000 | 4889 8424 | 9800 0000 

  0x0000027308f3288c: ; implicit exception: dispatches to 0x0000027308f32967
  0x0000027308f3288c: 448b 4010 | 4d85 c00f | 850f 0000 

  0x0000027308f32898: ;   {oop(nullptr)}
  0x0000027308f32898: 0048 bb00 | 0000 0000 | 0000 00e9 | 3f00 0000 

  0x0000027308f328a8: ; implicit exception: dispatches to 0x0000027308f3296c
  0x0000027308f328a8: 458b 400c | 4d85 c00f | 850f 0000 

  0x0000027308f328b4: ;   {oop(nullptr)}
  0x0000027308f328b4: 0048 bb00 | 0000 0000 | 0000 00e9 | 2300 0000 

  0x0000027308f328c4: ; implicit exception: dispatches to 0x0000027308f32971
  0x0000027308f328c4: 418b 5038 

  0x0000027308f328c8: ; implicit exception: dispatches to 0x0000027308f32976
  0x0000027308f328c8: 483b 020f 

  0x0000027308f328cc: ;   {optimized virtual_call}
  0x0000027308f328cc: 1f40 00e8 

  0x0000027308f328d0: ; ImmutableOopMap {[120]=Oop [128]=Oop [136]=Oop [152]=Oop }
                      ;*invokevirtual toExternalForm {reexecute=0 rethrow=0 return_oop=0}
                      ; - java.net.URL::toExternalForm@5 (line 1154)
                      ; - java.net.URL::toString@1 (line 1140)
                      ; - java.lang.ClassLoader::defineClassSourceLocation@22 (line 876)
                      ; - java.lang.ClassLoader::defineClass@12 (line 973)
  0x0000027308f328d0: 4c20 fbff 

  0x0000027308f328d4: ;   {post_call_nop}
  0x0000027308f328d4: 0f1f 8400 | cc01 0001 | 488b d848 | 8b84 2498 | 0000 008b | b424 9400 | 0000 8bbc | 2490 0000 
  0x0000027308f328f4: 004c 8b8c | 2488 0000 | 004c 8b84 | 2480 0000 | 0048 8b54 | 2478 4c8b | da49 8bd3 | 488b c848 
  0x0000027308f32914: ;   {static_call}
  0x0000027308f32914: 891c 24e8 

  0x0000027308f32918: ; ImmutableOopMap {[120]=Oop [152]=Oop }
                      ;*invokestatic defineClass1 {reexecute=0 rethrow=0 return_oop=0}
                      ; - java.lang.ClassLoader::defineClass@27 (line 974)
  0x0000027308f32918: 74e4 f9ff 

  0x0000027308f3291c: ;   {post_call_nop}
  0x0000027308f3291c: 0f1f 8400 | 1402 0002 | 4c8b c04c | 8b8c 2498 | 0000 0048 | 8b54 2478 | 4889 8424 | a000 0000 
  0x0000027308f3293c: ;   {optimized virtual_call}
  0x0000027308f3293c: 6666 90e8 

  0x0000027308f32940: ; ImmutableOopMap {[160]=Oop }
                      ;*invokevirtual postDefineClass {reexecute=0 rethrow=0 return_oop=0}
                      ; - java.lang.ClassLoader::defineClass@37 (line 975)
  0x0000027308f32940: 5c18 0000 

  0x0000027308f32944: ;   {post_call_nop}
  0x0000027308f32944: 0f1f 8400 | 3c02 0003 | 488b 8424 | a000 0000 | 4881 c4b0 | 0000 005d 

  0x0000027308f3295c: ;   {poll_return}
  0x0000027308f3295c: 493b 6728 | 0f87 1500 

  0x0000027308f32964: ;   {runtime_call C1 Runtime throw_null_pointer_exception_blob}
  0x0000027308f32964: 0000 c3e8 

  0x0000027308f32968: ; ImmutableOopMap {rax=Oop [120]=Oop [128]=Oop [136]=Oop [152]=Oop }
                      ;*invokevirtual getCodeSource {reexecute=0 rethrow=0 return_oop=0}
                      ; - java.lang.ClassLoader::defineClassSourceLocation@1 (line 873)
                      ; - java.lang.ClassLoader::defineClass@12 (line 973)
  0x0000027308f32968: 748b daff 

  0x0000027308f3296c: ;   {runtime_call C1 Runtime throw_null_pointer_exception_blob}
  0x0000027308f3296c: e86f 8bda 

  0x0000027308f32970: ; ImmutableOopMap {rax=Oop [120]=Oop [128]=Oop [136]=Oop [152]=Oop }
                      ;*invokevirtual getLocation {reexecute=0 rethrow=0 return_oop=0}
                      ; - java.lang.ClassLoader::defineClassSourceLocation@12 (line 875)
                      ; - java.lang.ClassLoader::defineClass@12 (line 973)
                      ;   {runtime_call C1 Runtime throw_null_pointer_exception_blob}
  0x0000027308f32970: ffe8 6a8b 

  0x0000027308f32974: ; ImmutableOopMap {r8=Oop [120]=Oop [128]=Oop [136]=Oop [152]=Oop }
                      ;*invokevirtual toString {reexecute=0 rethrow=0 return_oop=0}
                      ; - java.lang.ClassLoader::defineClassSourceLocation@22 (line 876)
                      ; - java.lang.ClassLoader::defineClass@12 (line 973)
                      ;   {runtime_call C1 Runtime throw_null_pointer_exception_blob}
  0x0000027308f32974: daff e865 

  0x0000027308f32978: ; ImmutableOopMap {r8=Oop rdx=Oop [120]=Oop [128]=Oop [136]=Oop [152]=Oop }
                      ;*invokevirtual toExternalForm {reexecute=0 rethrow=0 return_oop=0}
                      ; - java.net.URL::toExternalForm@5 (line 1154)
                      ; - java.net.URL::toString@1 (line 1140)
                      ; - java.lang.ClassLoader::defineClassSourceLocation@22 (line 876)
                      ; - java.lang.ClassLoader::defineClass@12 (line 973)
                      ;   {internal_word}
  0x0000027308f32978: 8bda ff49 | ba5c 29f3 | 0873 0200 | 004d 8997 | b804 0000 

  0x0000027308f3298c: ;   {runtime_call SafepointBlob}
  0x0000027308f3298c: e9cf e8cf | ff49 8b87 | 6805 0000 | 49c7 8768 | 0500 0000 | 0000 0049 | c787 7005 | 0000 0000 
  0x0000027308f329ac: 0000 4881 | c4b0 0000 

  0x0000027308f329b4: ;   {runtime_call C1 Runtime unwind_exception_blob}
  0x0000027308f329b4: 005d e925 | 74da fff4 | f4f4 f4f4 
[Stub Code]
  0x0000027308f329c0: ;   {other}
  0x0000027308f329c0: 0f1f 4400 

  0x0000027308f329c4: ;   {static_stub}
  0x0000027308f329c4: 0048 bb00 | 0000 0000 

  0x0000027308f329cc: ;   {runtime_call nmethod}
  0x0000027308f329cc: 0000 00e9 | fbff ffff 

  0x0000027308f329d4: ;   {static_stub}
  0x0000027308f329d4: 48bb 58cf | 4a1c 0000 

  0x0000027308f329dc: ;   {runtime_call I2C/C2I adapters}
  0x0000027308f329dc: 0000 e957 

  0x0000027308f329e0: ;   {static_stub}
  0x0000027308f329e0: accf ff48 | bb00 0000 | 0000 0000 

  0x0000027308f329ec: ;   {runtime_call nmethod}
  0x0000027308f329ec: 00e9 fbff 

  0x0000027308f329f0: ;   {static_stub}
  0x0000027308f329f0: ffff 48bb | 40ce 4a1c | 0000 0000 

  0x0000027308f329fc: ;   {runtime_call I2C/C2I adapters}
  0x0000027308f329fc: e939 accf 

  0x0000027308f32a00: ;   {runtime_call C1 Runtime handle_exception_from_callee_blob}
  0x0000027308f32a00: ffe8 daac 

  0x0000027308f32a04: ;   {external_word}
  0x0000027308f32a04: daff 48b9 | 3872 4a40 | f87f 0000 | 4883 e4f0 

  0x0000027308f32a14: ;   {runtime_call}
  0x0000027308f32a14: 48b8 30e5 | 0b40 f87f | 0000 ffd0 

  0x0000027308f32a20: ;   {runtime_call DeoptimizationBlob}
  0x0000027308f32a20: f4e8 3aeb | cfff ebf9 
[/MachCode]


Compiled method (c1) 16470  949       1       jdk.internal.loader.BuiltinClassLoader::defineClass (121 bytes)
 total in heap  [0x0000027308f14c08,0x0000027308f150f0] = 1256
 main code      [0x0000027308f14d00,0x0000027308f15018] = 792
 stub code      [0x0000027308f15018,0x0000027308f150f0] = 216
 mutable data [0x00000273157570e0,0x00000273157571f8] = 280
 relocation     [0x00000273157570e0,0x00000273157571b0] = 208
 metadata       [0x00000273157571b0,0x00000273157571f8] = 72
 immutable data [0x0000027315778440,0x00000273157786fc] = 700
 dependencies   [0x0000027315778440,0x0000027315778458] = 24
 nul chk table  [0x0000027315778458,0x0000027315778478] = 32
 scopes pcs     [0x0000027315778478,0x0000027315778588] = 272
 scopes data    [0x0000027315778588,0x00000273157786f8] = 368

[Constant Pool (empty)]


Loading hsdis library failed, undisassembled code is shown in MachCode section
[MachCode]
[Instructions begin]
  0x0000027308f14d00: 6666 660f | 1f84 0000 | 0000 0066 | 6666 9066 | 6690 448b | 5208 443b 

  0x0000027308f14d18: ;   {runtime_call Shared Runtime ic_miss_blob}
  0x0000027308f14d18: 5008 0f85 | c0a0 d1ff 
[Verified Entry Point]
  0x0000027308f14d20: 8984 2400 | 80ff ff55 | 4881 ece0 | 0000 0090 | 4181 7f20 | 0900 0000 

  0x0000027308f14d38: ;   {runtime_call Stub::Stub Generator method_entry_barrier_stub}
  0x0000027308f14d38: 7405 e841 | f3cf ff48 | 8994 24a0 | 0000 004c | 8984 2490 | 0000 004c | 898c 2498 | 0000 0049 
  0x0000027308f14d58: 8bd1 6666 | 9048 b880 | 9411 1573 

  0x0000027308f14d64: ;   {virtual_call}
  0x0000027308f14d64: 0200 00e8 

  0x0000027308f14d68: ; ImmutableOopMap {[144]=Oop [152]=Oop [160]=Oop }
                      ;*invokevirtual getCodeSourceURL {reexecute=0 rethrow=0 return_oop=0}
                      ; - jdk.internal.loader.BuiltinClassLoader::defineClass@1 (line 756)
  0x0000027308f14d68: fc2e 0800 

  0x0000027308f14d6c: ;   {post_call_nop}
  0x0000027308f14d6c: 0f1f 8400 | 6401 0000 | 4889 8424 | a800 0000 | 4c8b 8424 | 9000 0000 

  0x0000027308f14d84: ; implicit exception: dispatches to 0x0000027308f14fb7
  0x0000027308f14d84: 418b 7014 

  0x0000027308f14d88: ; implicit exception: dispatches to 0x0000027308f14fbc
  0x0000027308f14d88: 8b56 0c45 | 0fbe 4810 | 498b c9c1 | e118 c1f9 | 18d3 fa48 | 8bfa ffcf | 4585 c9ba | 0000 0000 
  0x0000027308f14da8: 7505 ba01 | 0000 0083 | e201 85d2 | 488b d641 | b82e 0000 | 004c 8bcf | 0f84 1300 

  0x0000027308f14dc4: ;   {static_call}
  0x0000027308f14dc4: 0000 90e8 

  0x0000027308f14dc8: ; ImmutableOopMap {[144]=Oop [152]=Oop [160]=Oop [168]=Oop }
                      ;*invokestatic lastIndexOf {reexecute=0 rethrow=0 return_oop=0}
                      ; - java.lang.String::lastIndexOf@13 (line 2925)
                      ; - java.lang.String::lastIndexOf@8 (line 2887)
                      ; - jdk.internal.loader.BuiltinClassLoader::defineClass@8 (line 759)
  0x0000027308f14dc8: 340e dfff 

  0x0000027308f14dcc: ;   {post_call_nop}
  0x0000027308f14dcc: 0f1f 8400 | c401 0001 | e913 0000 | 0066 0f1f 

  0x0000027308f14ddc: ;   {static_call}
  0x0000027308f14ddc: 4400 00e8 

  0x0000027308f14de0: ; ImmutableOopMap {[144]=Oop [152]=Oop [160]=Oop [168]=Oop }
                      ;*invokestatic lastIndexOf {reexecute=0 rethrow=0 return_oop=0}
                      ; - java.lang.String::lastIndexOf@25 (line 2926)
                      ; - java.lang.String::lastIndexOf@8 (line 2887)
                      ; - jdk.internal.loader.BuiltinClassLoader::defineClass@8 (line 759)
  0x0000027308f14de0: fca8 d1ff 

  0x0000027308f14de4: ;   {post_call_nop}
  0x0000027308f14de4: 0f1f 8400 | dc01 0002 | 83f8 ff0f | 847f 0000 | 0041 b800 | 0000 004c | 8bc8 488b | 9424 9000 
  0x0000027308f14e04: ;   {optimized virtual_call}
  0x0000027308f14e04: 0000 90e8 

  0x0000027308f14e08: ; ImmutableOopMap {[144]=Oop [152]=Oop [160]=Oop [168]=Oop }
                      ;*invokevirtual substring {reexecute=0 rethrow=0 return_oop=0}
                      ; - jdk.internal.loader.BuiltinClassLoader::defineClass@23 (line 761)
  0x0000027308f14e08: 9473 f1ff 

  0x0000027308f14e0c: ;   {post_call_nop}
  0x0000027308f14e0c: 0f1f 8400 | 0402 0003 | 488b 9424 | 9800 0000 | 4889 8424 | b000 0000 | 9048 b8a8 | 9411 1573 
  0x0000027308f14e2c: ;   {virtual_call}
  0x0000027308f14e2c: 0200 00e8 

  0x0000027308f14e30: ; ImmutableOopMap {[144]=Oop [152]=Oop [160]=Oop [168]=Oop [176]=Oop }
                      ;*invokevirtual getManifest {reexecute=0 rethrow=0 return_oop=0}
                      ; - jdk.internal.loader.BuiltinClassLoader::defineClass@29 (line 762)
  0x0000027308f14e30: ac2b 0800 

  0x0000027308f14e34: ;   {post_call_nop}
  0x0000027308f14e34: 0f1f 8400 | 2c02 0004 | 4c8b 8424 | b000 0000 | 4c8b c848 | 8bbc 24a8 | 0000 0048 | 8b94 24a0 
  0x0000027308f14e54: 0000 0066 | 0f1f 4400 | 0048 b8d0 | 9411 1573 

  0x0000027308f14e64: ;   {virtual_call}
  0x0000027308f14e64: 0200 00e8 

  0x0000027308f14e68: ; ImmutableOopMap {[144]=Oop [152]=Oop [160]=Oop [168]=Oop }
                      ;*invokevirtual defineOrCheckPackage {reexecute=0 rethrow=0 return_oop=0}
                      ; - jdk.internal.loader.BuiltinClassLoader::defineClass@40 (line 763)
  0x0000027308f14e68: a6f5 ffff 

  0x0000027308f14e6c: ;   {post_call_nop}
  0x0000027308f14e6c: 0f1f 8400 | 6402 0005 | 4c8b 8c24 | 9800 0000 | 498b d166 | 0f1f 4400 | 0048 b8f8 | 9411 1573 
  0x0000027308f14e8c: ;   {virtual_call}
  0x0000027308f14e8c: 0200 00e8 

  0x0000027308f14e90: ; ImmutableOopMap {[144]=Oop [152]=Oop [160]=Oop [168]=Oop }
                      ;*invokevirtual getBytes {reexecute=0 rethrow=0 return_oop=0}
                      ; - jdk.internal.loader.BuiltinClassLoader::defineClass@84 (line 773)
  0x0000027308f14e90: cc6e ddff 

  0x0000027308f14e94: ;   {post_call_nop}
  0x0000027308f14e94: 0f1f 8400 | 8c02 0006 | 4889 8424 | b800 0000 | 488b 9424 | 9800 0000 | 9048 b820 | 9511 1573 
  0x0000027308f14eb4: ;   {virtual_call}
  0x0000027308f14eb4: 0200 00e8 

  0x0000027308f14eb8: ; ImmutableOopMap {[144]=Oop [160]=Oop [168]=Oop [184]=Oop }
                      ;*invokevirtual getCodeSigners {reexecute=0 rethrow=0 return_oop=0}
                      ; - jdk.internal.loader.BuiltinClassLoader::defineClass@90 (line 774)
  0x0000027308f14eb8: 7c6e ddff 

  0x0000027308f14ebc: ;   {post_call_nop}
  0x0000027308f14ebc: 0f1f 8400 | b402 0007 

  0x0000027308f14ec4: ;   {metadata('java/security/CodeSource')}
  0x0000027308f14ec4: 4c8b c848 | ba50 e21c | 1c00 0000 | 0049 8b87 | b001 0000 | 488d 7828 | 493b bfc0 | 0100 000f 
  0x0000027308f14ee4: 87d8 0000 | 0049 89bf | b001 0000 | 48c7 0001 | 0000 0048 | 8bca 41ba | 0000 001c | 492b ca89 
  0x0000027308f14f04: 4808 4833 | c989 480c | 4833 c948 | 8948 1048 | 8948 1848 | 8948 204c | 8b84 24a8 | 0000 0048 
  0x0000027308f14f24: 8bd0 4889 | 8424 c000 

  0x0000027308f14f2c: ;   {optimized virtual_call}
  0x0000027308f14f2c: 0000 90e8 

  0x0000027308f14f30: ; ImmutableOopMap {[144]=Oop [160]=Oop [184]=Oop [192]=Oop }
                      ;*invokespecial <init> {reexecute=0 rethrow=0 return_oop=0}
                      ; - jdk.internal.loader.BuiltinClassLoader::defineClass@102 (line 775)
  0x0000027308f14f30: ec27 0000 

  0x0000027308f14f34: ;   {post_call_nop}
  0x0000027308f14f34: 0f1f 8400 | 2c03 0008 | 488b 8424 | b800 0000 

  0x0000027308f14f44: ; implicit exception: dispatches to 0x0000027308f14fce
  0x0000027308f14f44: 8b70 0c4c | 8b84 24c0 | 0000 0048 | 8b94 24a0 | 0000 0089 | b424 c800 

  0x0000027308f14f5c: ;   {optimized virtual_call}
  0x0000027308f14f5c: 0000 90e8 

  0x0000027308f14f60: ; ImmutableOopMap {[144]=Oop [160]=Oop [184]=Oop }
                      ;*invokevirtual getProtectionDomain {reexecute=0 rethrow=0 return_oop=0}
                      ; - java.security.SecureClassLoader::defineClass@9 (line 145)
                      ; - jdk.internal.loader.BuiltinClassLoader::defineClass@117 (line 776)
  0x0000027308f14f60: 3c2c 0000 

  0x0000027308f14f64: ;   {post_call_nop}
  0x0000027308f14f64: 0f1f 8400 | 5c03 0009 | 4c8b 8424 | 9000 0000 | 4c8b 8c24 | b800 0000 | bf00 0000 | 008b b424 
  0x0000027308f14f84: c800 0000 | 488b c848 | 8b94 24a0 | 0000 000f 

  0x0000027308f14f94: ;   {optimized virtual_call}
  0x0000027308f14f94: 1f40 00e8 

  0x0000027308f14f98: ; ImmutableOopMap {}
                      ;*invokevirtual defineClass {reexecute=0 rethrow=0 return_oop=0}
                      ; - java.security.SecureClassLoader::defineClass@12 (line 145)
                      ; - jdk.internal.loader.BuiltinClassLoader::defineClass@117 (line 776)
  0x0000027308f14f98: 84d8 0100 

  0x0000027308f14f9c: ;   {post_call_nop}
  0x0000027308f14f9c: 0f1f 8400 | 9403 000a | 4881 c4e0 | 0000 005d 

  0x0000027308f14fac: ;   {poll_return}
  0x0000027308f14fac: 493b 6728 | 0f87 1d00 

  0x0000027308f14fb4: ;   {runtime_call C1 Runtime throw_null_pointer_exception_blob}
  0x0000027308f14fb4: 0000 c3e8 

  0x0000027308f14fb8: ; ImmutableOopMap {rax=Oop r8=Oop [144]=Oop [152]=Oop [160]=Oop [168]=Oop }
                      ;*invokevirtual lastIndexOf {reexecute=0 rethrow=0 return_oop=0}
                      ; - jdk.internal.loader.BuiltinClassLoader::defineClass@8 (line 759)
  0x0000027308f14fb8: 2465 dcff 

  0x0000027308f14fbc: ;   {runtime_call C1 Runtime throw_null_pointer_exception_blob}
  0x0000027308f14fbc: e81f 65dc 

  0x0000027308f14fc0: ; ImmutableOopMap {rax=Oop r8=Oop rsi=Oop [144]=Oop [152]=Oop [160]=Oop [168]=Oop }
                      ;*arraylength {reexecute=0 rethrow=0 return_oop=0}
                      ; - java.lang.String::length@4 (line 1744)
                      ; - java.lang.String::lastIndexOf@3 (line 2887)
                      ; - jdk.internal.loader.BuiltinClassLoader::defineClass@8 (line 759)
  0x0000027308f14fc0: ff48 8bd2 

  0x0000027308f14fc4: ;   {runtime_call C1 Runtime fast_new_instance_blob}
  0x0000027308f14fc4: e817 72dc 

  0x0000027308f14fc8: ; ImmutableOopMap {r9=Oop [144]=Oop [160]=Oop [168]=Oop [184]=Oop }
                      ;*new {reexecute=0 rethrow=0 return_oop=0}
                      ; - jdk.internal.loader.BuiltinClassLoader::defineClass@95 (line 775)
  0x0000027308f14fc8: ffe9 4dff 

  0x0000027308f14fcc: ;   {runtime_call C1 Runtime throw_null_pointer_exception_blob}
  0x0000027308f14fcc: ffff e80d 

  0x0000027308f14fd0: ; ImmutableOopMap {rax=Oop [144]=Oop [160]=Oop [184]=Oop [192]=Oop }
                      ;*arraylength {reexecute=0 rethrow=0 return_oop=0}
                      ; - jdk.internal.loader.BuiltinClassLoader::defineClass@114 (line 776)
                      ;   {internal_word}
  0x0000027308f14fd0: 65dc ff49 | baac 4ff1 | 0873 0200 | 004d 8997 | b804 0000 

  0x0000027308f14fe4: ;   {runtime_call SafepointBlob}
  0x0000027308f14fe4: e977 c2d1 | ff49 8b87 | 6805 0000 | 49c7 8768 | 0500 0000 | 0000 0049 | c787 7005 | 0000 0000 
  0x0000027308f15004: 0000 4881 | c4e0 0000 

  0x0000027308f1500c: ;   {runtime_call C1 Runtime unwind_exception_blob}
  0x0000027308f1500c: 005d e9cd | 4ddc fff4 | f4f4 f4f4 
[Stub Code]
  0x0000027308f15018: ;   {other}
  0x0000027308f15018: 0f1f 4400 

  0x0000027308f1501c: ;   {static_stub}
  0x0000027308f1501c: 0048 bb00 | 0000 0000 

  0x0000027308f15024: ;   {runtime_call nmethod}
  0x0000027308f15024: 0000 00e9 | fbff ffff 

  0x0000027308f1502c: ;   {static_stub}
  0x0000027308f1502c: 9048 bb00 | 0000 0000 

  0x0000027308f15034: ;   {runtime_call nmethod}
  0x0000027308f15034: 0000 00e9 | fbff ffff 

  0x0000027308f1503c: ;   {static_stub}
  0x0000027308f1503c: 9048 bb00 | 0000 0000 

  0x0000027308f15044: ;   {runtime_call nmethod}
  0x0000027308f15044: 0000 00e9 | fbff ffff 

  0x0000027308f1504c: ;   {static_stub}
  0x0000027308f1504c: 9048 bb00 | 0000 0000 

  0x0000027308f15054: ;   {runtime_call nmethod}
  0x0000027308f15054: 0000 00e9 | fbff ffff 

  0x0000027308f1505c: ;   {static_stub}
  0x0000027308f1505c: 9048 bb00 | 0000 0000 

  0x0000027308f15064: ;   {runtime_call nmethod}
  0x0000027308f15064: 0000 00e9 | fbff ffff 

  0x0000027308f1506c: ;   {static_stub}
  0x0000027308f1506c: 48bb 0000 | 0000 0000 

  0x0000027308f15074: ;   {runtime_call nmethod}
  0x0000027308f15074: 0000 e9fb 

  0x0000027308f15078: ;   {static_stub}
  0x0000027308f15078: ffff ff48 | bb00 0000 | 0000 0000 

  0x0000027308f15084: ;   {runtime_call nmethod}
  0x0000027308f15084: 00e9 fbff 

  0x0000027308f15088: ;   {static_stub}
  0x0000027308f15088: ffff 48bb | 0000 0000 | 0000 0000 

  0x0000027308f15094: ;   {runtime_call nmethod}
  0x0000027308f15094: e9fb ffff 

  0x0000027308f15098: ;   {static_stub}
  0x0000027308f15098: ff48 bb00 | 0000 0000 

  0x0000027308f150a0: ;   {runtime_call nmethod}
  0x0000027308f150a0: 0000 00e9 | fbff ffff 

  0x0000027308f150a8: ;   {static_stub}
  0x0000027308f150a8: 48bb 70d2 | 4a1c 0000 

  0x0000027308f150b0: ;   {runtime_call I2C/C2I adapters}
  0x0000027308f150b0: 0000 e90d 

  0x0000027308f150b4: ;   {static_stub}
  0x0000027308f150b4: 08d1 ff48 | bb00 0000 | 0000 0000 

  0x0000027308f150c0: ;   {runtime_call nmethod}
  0x0000027308f150c0: 00e9 fbff 

  0x0000027308f150c4: ;   {runtime_call C1 Runtime handle_exception_from_callee_blob}
  0x0000027308f150c4: ffff e815 

  0x0000027308f150c8: ;   {external_word}
  0x0000027308f150c8: 86dc ff48 | b938 724a | 40f8 7f00 | 0048 83e4 

  0x0000027308f150d8: ;   {runtime_call}
  0x0000027308f150d8: f048 b830 | e50b 40f8 | 7f00 00ff 

  0x0000027308f150e4: ;   {runtime_call DeoptimizationBlob}
  0x0000027308f150e4: d0f4 e875 | c4d1 ffeb | f9f4 f4f4 
[/MachCode]


---------------  P R O C E S S  ---------------

Threads class SMR info:
_java_thread_list=0x00000273160a6b60, length=17, elements={
0x000002737f58bb60, 0x0000027310ad0c70, 0x0000027310ad16c0, 0x0000027310ad4780,
0x0000027310ad7c00, 0x0000027310ada7c0, 0x0000027310ae6f90, 0x0000027310ae7740,
0x0000027310c57460, 0x00000273150a74f0, 0x00000273150a7ca0, 0x000002731554fa50,
0x0000027315458660, 0x0000027315478a30, 0x000002731547fb50, 0x0000027315a52da0,
0x0000027315a525d0
}

Java Threads: ( => current thread )
=>0x000002737f58bb60 JavaThread "main"                              [_thread_in_vm, id=15832, stack(0x000000e16dd00000,0x000000e16de00000) (1024K)]
  0x0000027310ad0c70 JavaThread "Reference Handler"          daemon [_thread_blocked, id=8208, stack(0x000000e16e600000,0x000000e16e700000) (1024K)]
  0x0000027310ad16c0 JavaThread "Finalizer"                  daemon [_thread_blocked, id=6208, stack(0x000000e16e700000,0x000000e16e800000) (1024K)]
  0x0000027310ad4780 JavaThread "Signal Dispatcher"          daemon [_thread_blocked, id=12520, stack(0x000000e16e800000,0x000000e16e900000) (1024K)]
  0x0000027310ad7c00 JavaThread "Attach Listener"            daemon [_thread_blocked, id=776, stack(0x000000e16e900000,0x000000e16ea00000) (1024K)]
  0x0000027310ada7c0 JavaThread "Service Thread"             daemon [_thread_blocked, id=18564, stack(0x000000e16ea00000,0x000000e16eb00000) (1024K)]
  0x0000027310ae6f90 JavaThread "Monitor Deflation Thread"   daemon [_thread_blocked, id=5136, stack(0x000000e16eb00000,0x000000e16ec00000) (1024K)]
  0x0000027310ae7740 JavaThread "C1 CompilerThread0"         daemon [_thread_blocked, id=7484, stack(0x000000e16ec00000,0x000000e16ed00000) (1024K)]
  0x0000027310c57460 JavaThread "Common-Cleaner"             daemon [_thread_blocked, id=15096, stack(0x000000e16ef00000,0x000000e16f000000) (1024K)]
  0x00000273150a74f0 JavaThread "Monitor Ctrl-Break"         daemon [_thread_in_native, id=4532, stack(0x000000e16f200000,0x000000e16f300000) (1024K)]
  0x00000273150a7ca0 JavaThread "Notification Thread"        daemon [_thread_blocked, id=1144, stack(0x000000e16f300000,0x000000e16f400000) (1024K)]
  0x000002731554fa50 JavaThread "Catalina-utility-1"                [_thread_in_vm, id=5516, stack(0x000000e16f800000,0x000000e16f900000) (1024K)]
  0x0000027315458660 JavaThread "Catalina-utility-2"                [_thread_in_vm, id=17508, stack(0x000000e16fb00000,0x000000e16fc00000) (1024K)]
  0x0000027315478a30 JavaThread "container-0"                       [_thread_blocked, id=13704, stack(0x000000e16fc00000,0x000000e16fd00000) (1024K)]
  0x000002731547fb50 JavaThread "mysql-cj-abandoned-connection-cleanup" daemon [_thread_blocked, id=18232, stack(0x000000e16fd00000,0x000000e16fe00000) (1024K)]
  0x0000027315a52da0 JavaThread "HikariPool-1:housekeeper"   daemon [_thread_blocked, id=17212, stack(0x000000e16ff00000,0x000000e170000000) (1024K)]
  0x0000027315a525d0 JavaThread "HikariPool-1:connection-adder" daemon [_thread_in_native, id=11436, stack(0x000000e170000000,0x000000e170100000) (1024K)]
Total: 17

Other Threads:
  0x0000027310ac1e10 VMThread "VM Thread"                           [id=9248, stack(0x000000e16e500000,0x000000e16e600000) (1024K)]
  0x0000027310aae0e0 WatcherThread "VM Periodic Task Thread"        [id=324, stack(0x000000e16e400000,0x000000e16e500000) (1024K)]
  0x000002737f5c81f0 WorkerThread "GC Thread#0"                     [id=15012, stack(0x000000e16de00000,0x000000e16df00000) (1024K)]
  0x0000027310e73a60 WorkerThread "GC Thread#1"                     [id=20068, stack(0x000000e16f000000,0x000000e16f100000) (1024K)]
  0x0000027310f86d40 WorkerThread "GC Thread#2"                     [id=9820, stack(0x000000e16f400000,0x000000e16f500000) (1024K)]
  0x0000027310f857b0 WorkerThread "GC Thread#3"                     [id=18964, stack(0x000000e16f500000,0x000000e16f600000) (1024K)]
  0x0000027310f87190 WorkerThread "GC Thread#4"                     [id=3308, stack(0x000000e16f600000,0x000000e16f700000) (1024K)]
  0x0000027310f87a30 WorkerThread "GC Thread#5"                     [id=15284, stack(0x000000e16f700000,0x000000e16f800000) (1024K)]
  0x0000027310f86050 WorkerThread "GC Thread#6"                     [id=14708, stack(0x000000e16f900000,0x000000e16fa00000) (1024K)]
  0x0000027310f875e0 WorkerThread "GC Thread#7"                     [id=18932, stack(0x000000e16fa00000,0x000000e16fb00000) (1024K)]
  0x000002737f5e1a80 ConcurrentGCThread "G1 Main Marker"            [id=11328, stack(0x000000e16df00000,0x000000e16e000000) (1024K)]
  0x000002737f5e2da0 WorkerThread "G1 Conc#0"                       [id=5256, stack(0x000000e16e000000,0x000000e16e100000) (1024K)]
  0x0000027310f84f10 WorkerThread "G1 Conc#1"                       [id=11788, stack(0x000000e16f100000,0x000000e16f200000) (1024K)]
  0x000002737f621370 WorkerThread "G1 Refinement Workers#0"         [id=16040, stack(0x000000e16e200000,0x000000e16e300000) (1024K)]
  0x000002737f61f7a0 ConcurrentGCThread "G1 Refine Control"         [id=11588, stack(0x000000e16e100000,0x000000e16e200000) (1024K)]
  0x000002737f622d30 ConcurrentGCThread "G1 Service"                [id=592, stack(0x000000e16e300000,0x000000e16e400000) (1024K)]
Total: 16

Threads with active compile tasks:
Total: 0

VM state: not at safepoint (normal execution)

VM Mutex/Monitor currently owned by a thread:  ([mutex/lock_event])
[0x00007ff84077cb08] Metaspace_lock - owner thread: 0x000002737f58bb60

Heap address: 0x0000000082600000, size: 2010 MB, Compressed Oops mode: 32-bit

CDS archive(s) mapped at: [0x000000001c000000-0x000000001cde0000-0x000000001cde0000), size 14548992, SharedBaseAddress: 0x000000001c000000, ArchiveRelocationMode: 1.
Compressed class space mapped at: 0x000000001d000000-0x000000005d000000, reserved size: 1073741824
UseCompressedClassPointers 1, UseCompactObjectHeaders 0
Narrow klass pointer bits 32, Max shift 3
Narrow klass base: 0x000000001c000000, Narrow klass shift: 0
Encoding Range: [0x000000001c000000 - 0x000000011c000000), (4294967296 bytes)
Klass Range:    [0x000000001c000000 - 0x000000005d000000), (1090519040 bytes)
Klass ID Range:  [8 - 1090519033) (1090519025)
Protection zone: [0x000000001c000000 - 0x000000001c010000), (65536 bytes)

GC Precious Log:
 CardTable entry size: 512
 Card Set container configuration: InlinePtr #cards 5 size 8 Array Of Cards #cards 10 size 36 Howl #buckets 4 coarsen threshold 1843 Howl Bitmap #cards 512 size 80 coarsen threshold 460 Card regions per heap region 1 cards per card region 2048
 CPUs: 8 total, 8 available
 Memory: 8035M
 Large Page Support: Disabled
 NUMA Support: Disabled
 Compressed Oops: Enabled (32-bit)
 Heap Region Size: 1M
 Heap Min Capacity: 8M
 Heap Initial Capacity: 8M
 Heap Max Capacity: 2010M
 Pre-touch: Disabled
 Parallel Workers: 8
 Concurrent Workers: 2
 Concurrent Refinement Workers: 8
 Periodic GC: Disabled

Heap:
 garbage-first heap   total reserved 2058240K, committed 79872K, used 33880K [0x0000000082600000, 0x0000000100000000)
  region size 1M, 9 eden (9M), 6 survivor (6M), 19 old (19M), 1 humongous (1M), 43 free (43M)

Heap Regions: E=young(eden), S=young(survivor), O=old, HS=humongous(starts), HC=humongous(continues), CS=collection set, F=free, TAMS=top-at-mark-start, PB=parsable bottom
|    0|0x0000000082600000, 0x0000000082700000, 0x0000000082700000|100%|HS|  |TAMS 0x0000000082600000| PB 0x0000000082600000| Complete  |  0
|    1|0x0000000082700000, 0x0000000082800000, 0x0000000082800000|100%| O|  |TAMS 0x0000000082700000| PB 0x0000000082700000| Untracked |  0
|    2|0x0000000082800000, 0x0000000082900000, 0x0000000082900000|100%| O|  |TAMS 0x0000000082800000| PB 0x0000000082800000| Untracked |  0
|    3|0x0000000082900000, 0x0000000082a00000, 0x0000000082a00000|100%| O|  |TAMS 0x0000000082900000| PB 0x0000000082900000| Untracked |  0
|    4|0x0000000082a00000, 0x0000000082b00000, 0x0000000082b00000|100%| O|  |TAMS 0x0000000082a00000| PB 0x0000000082a00000| Untracked |  0
|    5|0x0000000082b00000, 0x0000000082c00000, 0x0000000082c00000|100%| O|  |TAMS 0x0000000082b00000| PB 0x0000000082b00000| Untracked |  0
|    6|0x0000000082c00000, 0x0000000082d00000, 0x0000000082d00000|100%| O|  |TAMS 0x0000000082c00000| PB 0x0000000082c00000| Untracked |  0
|    7|0x0000000082d00000, 0x0000000082e00000, 0x0000000082e00000|100%| O|  |TAMS 0x0000000082d00000| PB 0x0000000082d00000| Untracked |  0
|    8|0x0000000082e00000, 0x0000000082f00000, 0x0000000082f00000|100%| O|  |TAMS 0x0000000082e00000| PB 0x0000000082e00000| Untracked |  0
|    9|0x0000000082f00000, 0x0000000083000000, 0x0000000083000000|100%| O|  |TAMS 0x0000000082f00000| PB 0x0000000082f00000| Untracked |  0
|   10|0x0000000083000000, 0x0000000083100000, 0x0000000083100000|100%| O|  |TAMS 0x0000000083000000| PB 0x0000000083000000| Untracked |  0
|   11|0x0000000083100000, 0x0000000083200000, 0x0000000083200000|100%| O|  |TAMS 0x0000000083100000| PB 0x0000000083100000| Untracked |  0
|   12|0x0000000083200000, 0x0000000083300000, 0x0000000083300000|100%| O|  |TAMS 0x0000000083200000| PB 0x0000000083200000| Untracked |  0
|   13|0x0000000083300000, 0x0000000083400000, 0x0000000083400000|100%| O|Cm|TAMS 0x0000000083300000| PB 0x0000000083300000| Complete  |  0
|   14|0x0000000083400000, 0x0000000083500000, 0x0000000083500000|100%| O|  |TAMS 0x0000000083400000| PB 0x0000000083400000| Untracked |  0
|   15|0x0000000083500000, 0x0000000083600000, 0x0000000083600000|100%| O|  |TAMS 0x0000000083500000| PB 0x0000000083500000| Untracked |  0
|   16|0x0000000083600000, 0x0000000083700000, 0x0000000083700000|100%| O|  |TAMS 0x0000000083600000| PB 0x0000000083600000| Untracked |  0
|   17|0x0000000083700000, 0x0000000083800000, 0x0000000083800000|100%| O|  |TAMS 0x0000000083700000| PB 0x0000000083700000| Untracked |  0
|   18|0x0000000083800000, 0x00000000838161a0, 0x0000000083900000|  8%| O|  |TAMS 0x0000000083800000| PB 0x0000000083800000| Untracked |  0
|   19|0x0000000083900000, 0x0000000083900000, 0x0000000083a00000|  0%| F|  |TAMS 0x0000000083900000| PB 0x0000000083900000| Untracked |  0
|   20|0x0000000083a00000, 0x0000000083a00000, 0x0000000083b00000|  0%| F|  |TAMS 0x0000000083a00000| PB 0x0000000083a00000| Untracked |  0
|   21|0x0000000083b00000, 0x0000000083b00000, 0x0000000083c00000|  0%| F|  |TAMS 0x0000000083b00000| PB 0x0000000083b00000| Untracked |  0
|   22|0x0000000083c00000, 0x0000000083c00000, 0x0000000083d00000|  0%| F|  |TAMS 0x0000000083c00000| PB 0x0000000083c00000| Untracked |  0
|   23|0x0000000083d00000, 0x0000000083d00000, 0x0000000083e00000|  0%| F|  |TAMS 0x0000000083d00000| PB 0x0000000083d00000| Untracked |  0
|   24|0x0000000083e00000, 0x0000000083e00000, 0x0000000083f00000|  0%| F|  |TAMS 0x0000000083e00000| PB 0x0000000083e00000| Untracked |  0
|   25|0x0000000083f00000, 0x0000000084000000, 0x0000000084000000|100%| S|CS|TAMS 0x0000000083f00000| PB 0x0000000083f00000| Complete  |  0
|   26|0x0000000084000000, 0x0000000084100000, 0x0000000084100000|100%| S|CS|TAMS 0x0000000084000000| PB 0x0000000084000000| Complete  |  0
|   27|0x0000000084100000, 0x0000000084200000, 0x0000000084200000|100%| S|CS|TAMS 0x0000000084100000| PB 0x0000000084100000| Complete  |  0
|   28|0x0000000084200000, 0x0000000084300000, 0x0000000084300000|100%| S|CS|TAMS 0x0000000084200000| PB 0x0000000084200000| Complete  |  0
|   29|0x0000000084300000, 0x0000000084400000, 0x0000000084400000|100%| S|CS|TAMS 0x0000000084300000| PB 0x0000000084300000| Complete  |  0
|   30|0x0000000084400000, 0x0000000084500000, 0x0000000084500000|100%| S|CS|TAMS 0x0000000084400000| PB 0x0000000084400000| Complete  |  0
|   31|0x0000000084500000, 0x0000000084500000, 0x0000000084600000|  0%| F|  |TAMS 0x0000000084500000| PB 0x0000000084500000| Untracked |  0
|   32|0x0000000084600000, 0x0000000084600000, 0x0000000084700000|  0%| F|  |TAMS 0x0000000084600000| PB 0x0000000084600000| Untracked |  0
|   33|0x0000000084700000, 0x0000000084700000, 0x0000000084800000|  0%| F|  |TAMS 0x0000000084700000| PB 0x0000000084700000| Untracked |  0
|   34|0x0000000084800000, 0x0000000084800000, 0x0000000084900000|  0%| F|  |TAMS 0x0000000084800000| PB 0x0000000084800000| Untracked |  0
|   35|0x0000000084900000, 0x0000000084900000, 0x0000000084a00000|  0%| F|  |TAMS 0x0000000084900000| PB 0x0000000084900000| Untracked |  0
|   36|0x0000000084a00000, 0x0000000084a00000, 0x0000000084b00000|  0%| F|  |TAMS 0x0000000084a00000| PB 0x0000000084a00000| Untracked |  0
|   37|0x0000000084b00000, 0x0000000084b00000, 0x0000000084c00000|  0%| F|  |TAMS 0x0000000084b00000| PB 0x0000000084b00000| Untracked |  0
|   38|0x0000000084c00000, 0x0000000084c00000, 0x0000000084d00000|  0%| F|  |TAMS 0x0000000084c00000| PB 0x0000000084c00000| Untracked |  0
|   39|0x0000000084d00000, 0x0000000084d00000, 0x0000000084e00000|  0%| F|  |TAMS 0x0000000084d00000| PB 0x0000000084d00000| Untracked |  0
|   40|0x0000000084e00000, 0x0000000084e00000, 0x0000000084f00000|  0%| F|  |TAMS 0x0000000084e00000| PB 0x0000000084e00000| Untracked |  0
|   41|0x0000000084f00000, 0x0000000084f00000, 0x0000000085000000|  0%| F|  |TAMS 0x0000000084f00000| PB 0x0000000084f00000| Untracked |  0
|   42|0x0000000085000000, 0x0000000085000000, 0x0000000085100000|  0%| F|  |TAMS 0x0000000085000000| PB 0x0000000085000000| Untracked |  0
|   43|0x0000000085100000, 0x0000000085100000, 0x0000000085200000|  0%| F|  |TAMS 0x0000000085100000| PB 0x0000000085100000| Untracked |  0
|   44|0x0000000085200000, 0x0000000085200000, 0x0000000085300000|  0%| F|  |TAMS 0x0000000085200000| PB 0x0000000085200000| Untracked |  0
|   45|0x0000000085300000, 0x0000000085300000, 0x0000000085400000|  0%| F|  |TAMS 0x0000000085300000| PB 0x0000000085300000| Untracked |  0
|   46|0x0000000085400000, 0x0000000085400000, 0x0000000085500000|  0%| F|  |TAMS 0x0000000085400000| PB 0x0000000085400000| Untracked |  0
|   47|0x0000000085500000, 0x0000000085500000, 0x0000000085600000|  0%| F|  |TAMS 0x0000000085500000| PB 0x0000000085500000| Untracked |  0
|   48|0x0000000085600000, 0x0000000085600000, 0x0000000085700000|  0%| F|  |TAMS 0x0000000085600000| PB 0x0000000085600000| Untracked |  0
|   49|0x0000000085700000, 0x0000000085700000, 0x0000000085800000|  0%| F|  |TAMS 0x0000000085700000| PB 0x0000000085700000| Untracked |  0
|   50|0x0000000085800000, 0x0000000085800000, 0x0000000085900000|  0%| F|  |TAMS 0x0000000085800000| PB 0x0000000085800000| Untracked |  0
|   51|0x0000000085900000, 0x0000000085900000, 0x0000000085a00000|  0%| F|  |TAMS 0x0000000085900000| PB 0x0000000085900000| Untracked |  0
|   52|0x0000000085a00000, 0x0000000085a00000, 0x0000000085b00000|  0%| F|  |TAMS 0x0000000085a00000| PB 0x0000000085a00000| Untracked |  0
|   53|0x0000000085b00000, 0x0000000085b00000, 0x0000000085c00000|  0%| F|  |TAMS 0x0000000085b00000| PB 0x0000000085b00000| Untracked |  0
|   54|0x0000000085c00000, 0x0000000085c00000, 0x0000000085d00000|  0%| F|  |TAMS 0x0000000085c00000| PB 0x0000000085c00000| Untracked |  0
|   55|0x0000000085d00000, 0x0000000085d00000, 0x0000000085e00000|  0%| F|  |TAMS 0x0000000085d00000| PB 0x0000000085d00000| Untracked |  0
|   56|0x0000000085e00000, 0x0000000085e00000, 0x0000000085f00000|  0%| F|  |TAMS 0x0000000085e00000| PB 0x0000000085e00000| Untracked |  0
|   57|0x0000000085f00000, 0x0000000085f00000, 0x0000000086000000|  0%| F|  |TAMS 0x0000000085f00000| PB 0x0000000085f00000| Untracked |  0
|   58|0x0000000086000000, 0x0000000086000000, 0x0000000086100000|  0%| F|  |TAMS 0x0000000086000000| PB 0x0000000086000000| Untracked |  0
|   59|0x0000000086100000, 0x0000000086100000, 0x0000000086200000|  0%| F|  |TAMS 0x0000000086100000| PB 0x0000000086100000| Untracked |  0
|   60|0x0000000086200000, 0x0000000086200000, 0x0000000086300000|  0%| F|  |TAMS 0x0000000086200000| PB 0x0000000086200000| Untracked |  0
|   61|0x0000000086300000, 0x0000000086300000, 0x0000000086400000|  0%| F|  |TAMS 0x0000000086300000| PB 0x0000000086300000| Untracked |  0
|   62|0x0000000086400000, 0x0000000086400000, 0x0000000086500000|  0%| F|  |TAMS 0x0000000086400000| PB 0x0000000086400000| Untracked |  0
|   63|0x0000000086500000, 0x0000000086500000, 0x0000000086600000|  0%| F|  |TAMS 0x0000000086500000| PB 0x0000000086500000| Untracked |  0
|   64|0x0000000086600000, 0x0000000086600000, 0x0000000086700000|  0%| F|  |TAMS 0x0000000086600000| PB 0x0000000086600000| Untracked |  0
|   65|0x0000000086700000, 0x0000000086700000, 0x0000000086800000|  0%| F|  |TAMS 0x0000000086700000| PB 0x0000000086700000| Untracked |  0
|   66|0x0000000086800000, 0x0000000086800000, 0x0000000086900000|  0%| F|  |TAMS 0x0000000086800000| PB 0x0000000086800000| Untracked |  0
|   67|0x0000000086900000, 0x0000000086900000, 0x0000000086a00000|  0%| F|  |TAMS 0x0000000086900000| PB 0x0000000086900000| Untracked |  0
|   68|0x0000000086a00000, 0x0000000086a43fa8, 0x0000000086b00000| 26%| E|CS|TAMS 0x0000000086a00000| PB 0x0000000086a00000| Complete  |  0
|   69|0x0000000086b00000, 0x0000000086c00000, 0x0000000086c00000|100%| E|CS|TAMS 0x0000000086b00000| PB 0x0000000086b00000| Complete  |  0
|   70|0x0000000086c00000, 0x0000000086d00000, 0x0000000086d00000|100%| E|CS|TAMS 0x0000000086c00000| PB 0x0000000086c00000| Complete  |  0
|   71|0x0000000086d00000, 0x0000000086e00000, 0x0000000086e00000|100%| E|CS|TAMS 0x0000000086d00000| PB 0x0000000086d00000| Complete  |  0
|   72|0x0000000086e00000, 0x0000000086f00000, 0x0000000086f00000|100%| E|CS|TAMS 0x0000000086e00000| PB 0x0000000086e00000| Complete  |  0
|   73|0x0000000086f00000, 0x0000000087000000, 0x0000000087000000|100%| E|CS|TAMS 0x0000000086f00000| PB 0x0000000086f00000| Complete  |  0
|   74|0x0000000087000000, 0x0000000087100000, 0x0000000087100000|100%| E|CS|TAMS 0x0000000087000000| PB 0x0000000087000000| Complete  |  0
|   75|0x0000000087100000, 0x0000000087200000, 0x0000000087200000|100%| E|CS|TAMS 0x0000000087100000| PB 0x0000000087100000| Complete  |  0
| 2008|0x00000000ffe00000, 0x00000000fff00000, 0x00000000fff00000|100%| O|  |TAMS 0x00000000ffe00000| PB 0x00000000ffe00000| Untracked |  0
| 2009|0x00000000fff00000, 0x0000000100000000, 0x0000000100000000|100%| E|CS|TAMS 0x00000000fff00000| PB 0x00000000fff00000| Complete  |  0

Card table byte_map: [0x000002730bbe0000,0x000002730bfd0000] _byte_map_base: 0x000002730b7cd000
Refinement table byte_map: [0x000002730bfd0000,0x000002730c3c0000] _byte_map_base: 0x000002730bbbd000

Marking Bits: (CMBitMap*) 0x000002737f5c8970
 Bits: [0x000002730c3c0000, 0x000002730e328000)

Polling page: 0x000002737d670000

Metaspace:
Metaspace        used 53182K, committed 53632K, reserved 1114112K
 class space     used 7778K, committed 8000K, reserved 1048576K

Usage:
  Non-class:     44.34 MB used.
      Class:      7.60 MB used.
       Both:     51.94 MB used.

Virtual space:
  Non-class space:       64.00 MB reserved,      44.56 MB ( 70%) committed,  1 nodes.
      Class space:        1.00 GB reserved,       7.81 MB ( <1%) committed,  1 nodes.
             Both:        1.06 GB reserved,      52.38 MB (  5%) committed. 

Chunk freelists:
   Non-Class:  2.61 MB
       Class:  8.23 MB
        Both:  10.84 MB

MaxMetaspaceSize: unlimited
CompressedClassSpaceSize: 1.00 GB
Initial GC threshold: 21.00 MB
Current GC threshold: 58.88 MB
CDS: on
 - commit_granule_bytes: 65536.
 - commit_granule_words: 8192.
 - virtual_space_node_default_size: 8388608.
 - enlarge_chunks_in_place: 1.
UseCompressedClassPointers 1, UseCompactObjectHeaders 0
Narrow klass pointer bits 32, Max shift 3
Narrow klass base: 0x000000001c000000, Narrow klass shift: 0
Encoding Range: [0x000000001c000000 - 0x000000011c000000), (4294967296 bytes)
Klass Range:    [0x000000001c000000 - 0x000000005d000000), (1090519040 bytes)
Klass ID Range:  [8 - 1090519033) (1090519025)
Protection zone: [0x000000001c000000 - 0x000000001c010000), (65536 bytes)


Internal statistics:

num_allocs_failed_limit: 6.
num_arena_births: 534.
num_arena_deaths: 0.
num_vsnodes_births: 2.
num_vsnodes_deaths: 0.
num_space_committed: 838.
num_space_uncommitted: 0.
num_chunks_returned_to_freelist: 6.
num_chunks_taken_from_freelist: 2293.
num_chunk_merges: 6.
num_chunk_splits: 1711.
num_chunks_enlarged: 1433.
num_inconsistent_stats: 0.

CodeCache: size=49152Kb used=6533Kb max_used=7570Kb free=42618Kb
 bounds [0x0000027308be0000, 0x0000027309350000, 0x000002730bbe0000]
 total_blobs=5399, nmethods=4744, adapters=580, full_count=0
Compilation: enabled, stopped_count=0, restarted_count=0

Compilation events (20 events):
Event: 11.667 Thread 0x0000027310ae7740 4780       1       java.util.Collections$EmptyMap::isEmpty (2 bytes)
Event: 11.667 Thread 0x0000027310ae7740 nmethod 4780 0x0000027308e0d208 code [0x0000027308e0d300, 0x0000027308e0d3b8]
Event: 11.691 Thread 0x0000027310ae7740 4781       1       java.util.stream.ReferencePipeline::iterator (8 bytes)
Event: 11.692 Thread 0x0000027310ae7740 nmethod 4781 0x0000027308e0ce88 code [0x0000027308e0cf80, 0x0000027308e0d1b0]
Event: 11.692 Thread 0x0000027310ae7740 4782       1       java.util.Spliterators::iterator (14 bytes)
Event: 11.692 Thread 0x0000027310ae7740 nmethod 4782 0x0000027308e0cb88 code [0x0000027308e0cc80, 0x0000027308e0ce68]
Event: 11.692 Thread 0x0000027310ae7740 4783       1       java.util.Spliterators$1Adapter::<init> (15 bytes)
Event: 11.692 Thread 0x0000027310ae7740 nmethod 4783 0x0000027308e0c888 code [0x0000027308e0c980, 0x0000027308e0ca80]
Event: 11.707 Thread 0x0000027310ae7740 4784       1       org.hibernate.type.descriptor.java.AbstractClassJavaType::getJavaType (5 bytes)
Event: 11.707 Thread 0x0000027310ae7740 nmethod 4784 0x0000027308e0c588 code [0x0000027308e0c680, 0x0000027308e0c738]
Event: 11.717 Thread 0x0000027310ae7740 4786       1       jdk.internal.classfile.impl.UnboundAttribute::writeTo (6 bytes)
Event: 11.718 Thread 0x0000027310ae7740 nmethod 4786 0x0000027308e0bf88 code [0x0000027308e0c080, 0x0000027308e0c1c0]
Event: 11.780 Thread 0x0000027310ae7740 4788       1       java.lang.StringBuilder::setLength (6 bytes)
Event: 11.780 Thread 0x0000027310ae7740 nmethod 4788 0x0000027308e0b188 code [0x0000027308e0b280, 0x0000027308e0b360]
Event: 11.784 Thread 0x0000027310ae7740 4789       1       org.hibernate.internal.util.collections.CaseInsensitiveDictionary::trueKey (8 bytes)
Event: 11.784 Thread 0x0000027310ae7740 nmethod 4789 0x0000027308e0ae88 code [0x0000027308e0af80, 0x0000027308e0b0c0]
Event: 11.787 Thread 0x0000027310ae7740 4790       1       org.hibernate.type.BasicTypeReference::getName (5 bytes)
Event: 11.787 Thread 0x0000027310ae7740 nmethod 4790 0x0000027308e0ab88 code [0x0000027308e0ac80, 0x0000027308e0ad38]
Event: 11.812 Thread 0x0000027310ae7740 4791       1       org.hibernate.type.descriptor.java.AbstractClassJavaType::getJavaTypeClass (5 bytes)
Event: 11.813 Thread 0x0000027310ae7740 nmethod 4791 0x0000027308e0a888 code [0x0000027308e0a980, 0x0000027308e0aa68]

GC Heap Usage History (20 events):
Event: 0.679 {heap Before GC invocations=5 (full 0):
 garbage-first heap   total reserved 2058240K, committed 10240K, used 7562K [0x0000000082600000, 0x0000000100000000)
  region size 1M, 1 eden (1M), 1 survivor (1M), 5 old (5M), 1 humongous (1M), 2 free (2M)
}
Event: 0.681 {heap After GC invocations=6 (full 0):
 garbage-first heap   total reserved 2058240K, committed 26624K, used 6672K [0x0000000082600000, 0x0000000100000000)
  region size 1M, 0 eden (0M), 1 survivor (1M), 5 old (5M), 1 humongous (1M), 19 free (19M)
}
Event: 1.160 {heap Before GC invocations=7 (full 0):
 garbage-first heap   total reserved 2058240K, committed 26624K, used 14864K [0x0000000082600000, 0x0000000100000000)
  region size 1M, 8 eden (8M), 1 survivor (1M), 5 old (5M), 1 humongous (1M), 11 free (11M)
}
Event: 1.163 {heap After GC invocations=8 (full 0):
 garbage-first heap   total reserved 2058240K, committed 26624K, used 8037K [0x0000000082600000, 0x0000000100000000)
  region size 1M, 0 eden (0M), 2 survivor (2M), 5 old (5M), 1 humongous (1M), 18 free (18M)
}
Event: 1.570 {heap Before GC invocations=8 (full 0):
 garbage-first heap   total reserved 2058240K, committed 26624K, used 17253K [0x0000000082600000, 0x0000000100000000)
  region size 1M, 10 eden (10M), 2 survivor (2M), 5 old (5M), 1 humongous (1M), 8 free (8M)
}
Event: 1.576 {heap After GC invocations=9 (full 0):
 garbage-first heap   total reserved 2058240K, committed 26624K, used 8702K [0x0000000082600000, 0x0000000100000000)
  region size 1M, 0 eden (0M), 2 survivor (2M), 6 old (6M), 1 humongous (1M), 17 free (17M)
}
Event: 1.887 {heap Before GC invocations=9 (full 0):
 garbage-first heap   total reserved 2058240K, committed 26624K, used 17918K [0x0000000082600000, 0x0000000100000000)
  region size 1M, 10 eden (10M), 2 survivor (2M), 6 old (6M), 1 humongous (1M), 7 free (7M)
}
Event: 1.896 {heap After GC invocations=10 (full 0):
 garbage-first heap   total reserved 2058240K, committed 26624K, used 9494K [0x0000000082600000, 0x0000000100000000)
  region size 1M, 0 eden (0M), 2 survivor (2M), 7 old (7M), 1 humongous (1M), 16 free (16M)
}
Event: 2.248 {heap Before GC invocations=10 (full 0):
 garbage-first heap   total reserved 2058240K, committed 26624K, used 19734K [0x0000000082600000, 0x0000000100000000)
  region size 1M, 11 eden (11M), 2 survivor (2M), 7 old (7M), 1 humongous (1M), 5 free (5M)
}
Event: 2.254 {heap After GC invocations=11 (full 0):
 garbage-first heap   total reserved 2058240K, committed 26624K, used 10096K [0x0000000082600000, 0x0000000100000000)
  region size 1M, 0 eden (0M), 2 survivor (2M), 8 old (8M), 1 humongous (1M), 15 free (15M)
}
Event: 2.579 {heap Before GC invocations=11 (full 0):
 garbage-first heap   total reserved 2058240K, committed 26624K, used 20336K [0x0000000082600000, 0x0000000100000000)
  region size 1M, 11 eden (11M), 2 survivor (2M), 8 old (8M), 1 humongous (1M), 4 free (4M)
}
Event: 2.586 {heap After GC invocations=12 (full 0):
 garbage-first heap   total reserved 2058240K, committed 79872K, used 11142K [0x0000000082600000, 0x0000000100000000)
  region size 1M, 0 eden (0M), 2 survivor (2M), 9 old (9M), 1 humongous (1M), 66 free (66M)
}
Event: 3.738 {heap Before GC invocations=12 (full 0):
 garbage-first heap   total reserved 2058240K, committed 79872K, used 53126K [0x0000000082600000, 0x0000000100000000)
  region size 1M, 43 eden (43M), 2 survivor (2M), 9 old (9M), 1 humongous (1M), 23 free (23M)
}
Event: 3.756 {heap After GC invocations=13 (full 0):
 garbage-first heap   total reserved 2058240K, committed 79872K, used 15072K [0x0000000082600000, 0x0000000100000000)
  region size 1M, 0 eden (0M), 6 survivor (6M), 9 old (9M), 1 humongous (1M), 62 free (62M)
}
Event: 5.502 {heap Before GC invocations=14 (full 0):
 garbage-first heap   total reserved 2058240K, committed 79872K, used 56032K [0x0000000082600000, 0x0000000100000000)
  region size 1M, 40 eden (40M), 6 survivor (6M), 9 old (9M), 1 humongous (1M), 22 free (22M)
}
Event: 5.547 {heap After GC invocations=15 (full 0):
 garbage-first heap   total reserved 2058240K, committed 79872K, used 18794K [0x0000000082600000, 0x0000000100000000)
  region size 1M, 0 eden (0M), 4 survivor (4M), 14 old (14M), 1 humongous (1M), 59 free (59M)
}
Event: 7.074 {heap Before GC invocations=15 (full 0):
 garbage-first heap   total reserved 2058240K, committed 79872K, used 56682K [0x0000000082600000, 0x0000000100000000)
  region size 1M, 38 eden (38M), 4 survivor (4M), 14 old (14M), 1 humongous (1M), 21 free (21M)
}
Event: 7.081 {heap After GC invocations=16 (full 0):
 garbage-first heap   total reserved 2058240K, committed 79872K, used 22164K [0x0000000082600000, 0x0000000100000000)
  region size 1M, 0 eden (0M), 4 survivor (4M), 18 old (18M), 1 humongous (1M), 55 free (55M)
}
Event: 11.564 {heap Before GC invocations=17 (full 0):
 garbage-first heap   total reserved 2058240K, committed 79872K, used 65172K [0x0000000082600000, 0x0000000100000000)
  region size 1M, 42 eden (42M), 4 survivor (4M), 18 old (18M), 1 humongous (1M), 13 free (13M)
}
Event: 11.585 {heap After GC invocations=18 (full 0):
 garbage-first heap   total reserved 2058240K, committed 79872K, used 25688K [0x0000000082600000, 0x0000000100000000)
  region size 1M, 0 eden (0M), 6 survivor (6M), 19 old (19M), 1 humongous (1M), 52 free (52M)
}

Metaspace Usage History (20 events):
Event: 0.679 {metaspace Before GC invocations=5 (full 0):
 Metaspace       used 1017K, committed 1088K, reserved 1114112K
  class space    used 92K, committed 128K, reserved 1048576K
}
Event: 0.681 {metaspace After GC invocations=6 (full 0):
 Metaspace       used 1017K, committed 1088K, reserved 1114112K
  class space    used 92K, committed 128K, reserved 1048576K
}
Event: 1.160 {metaspace Before GC invocations=7 (full 0):
 Metaspace       used 3712K, committed 3904K, reserved 1114112K
  class space    used 459K, committed 512K, reserved 1048576K
}
Event: 1.164 {metaspace After GC invocations=8 (full 0):
 Metaspace       used 3712K, committed 3904K, reserved 1114112K
  class space    used 459K, committed 512K, reserved 1048576K
}
Event: 1.570 {metaspace Before GC invocations=8 (full 0):
 Metaspace       used 6943K, committed 7104K, reserved 1114112K
  class space    used 910K, committed 960K, reserved 1048576K
}
Event: 1.576 {metaspace After GC invocations=9 (full 0):
 Metaspace       used 6943K, committed 7104K, reserved 1114112K
  class space    used 910K, committed 960K, reserved 1048576K
}
Event: 1.887 {metaspace Before GC invocations=9 (full 0):
 Metaspace       used 8571K, committed 8896K, reserved 1114112K
  class space    used 1208K, committed 1344K, reserved 1048576K
}
Event: 1.896 {metaspace After GC invocations=10 (full 0):
 Metaspace       used 8571K, committed 8896K, reserved 1114112K
  class space    used 1208K, committed 1344K, reserved 1048576K
}
Event: 2.248 {metaspace Before GC invocations=10 (full 0):
 Metaspace       used 11591K, committed 11840K, reserved 1114112K
  class space    used 1677K, committed 1792K, reserved 1048576K
}
Event: 2.254 {metaspace After GC invocations=11 (full 0):
 Metaspace       used 11591K, committed 11840K, reserved 1114112K
  class space    used 1677K, committed 1792K, reserved 1048576K
}
Event: 2.579 {metaspace Before GC invocations=11 (full 0):
 Metaspace       used 14280K, committed 14528K, reserved 1114112K
  class space    used 2117K, committed 2240K, reserved 1048576K
}
Event: 2.586 {metaspace After GC invocations=12 (full 0):
 Metaspace       used 14280K, committed 14528K, reserved 1114112K
  class space    used 2117K, committed 2240K, reserved 1048576K
}
Event: 3.738 {metaspace Before GC invocations=12 (full 0):
 Metaspace       used 21241K, committed 21504K, reserved 1114112K
  class space    used 3044K, committed 3200K, reserved 1048576K
}
Event: 3.756 {metaspace After GC invocations=13 (full 0):
 Metaspace       used 21241K, committed 21504K, reserved 1114112K
  class space    used 3044K, committed 3200K, reserved 1048576K
}
Event: 5.502 {metaspace Before GC invocations=14 (full 0):
 Metaspace       used 26478K, committed 26880K, reserved 1114112K
  class space    used 3919K, committed 4096K, reserved 1048576K
}
Event: 5.547 {metaspace After GC invocations=15 (full 0):
 Metaspace       used 26478K, committed 26880K, reserved 1114112K
  class space    used 3919K, committed 4096K, reserved 1048576K
}
Event: 7.074 {metaspace Before GC invocations=15 (full 0):
 Metaspace       used 35571K, committed 35968K, reserved 1114112K
  class space    used 5329K, committed 5504K, reserved 1048576K
}
Event: 7.081 {metaspace After GC invocations=16 (full 0):
 Metaspace       used 35571K, committed 35968K, reserved 1114112K
  class space    used 5329K, committed 5504K, reserved 1048576K
}
Event: 11.564 {metaspace Before GC invocations=17 (full 0):
 Metaspace       used 50607K, committed 51072K, reserved 1114112K
  class space    used 7443K, committed 7616K, reserved 1048576K
}
Event: 11.585 {metaspace After GC invocations=18 (full 0):
 Metaspace       used 50607K, committed 51072K, reserved 1114112K
  class space    used 7443K, committed 7616K, reserved 1048576K
}

Dll operation events (20 events):
Event: 0.260 Attempting to load shared library C:\Program Files\Java\jdk-26.0.1\bin\zip.dll
Event: 0.261 Loaded shared library C:\Program Files\Java\jdk-26.0.1\bin\zip.dll
Event: 0.265 Attempting to load shared library C:\Program Files\Java\jdk-26.0.1\bin\instrument.dll
Event: 0.265 Loaded shared library C:\Program Files\Java\jdk-26.0.1\bin\instrument.dll
Event: 0.272 Attempting to load shared library C:\Program Files\Java\jdk-26.0.1\bin\net.dll
Event: 0.272 Loaded shared library C:\Program Files\Java\jdk-26.0.1\bin\net.dll
Event: 0.275 Attempting to load shared library C:\Program Files\Java\jdk-26.0.1\bin\nio.dll
Event: 0.275 Loaded shared library C:\Program Files\Java\jdk-26.0.1\bin\nio.dll
Event: 0.282 Attempting to load shared library C:\Program Files\Java\jdk-26.0.1\bin\zip.dll
Event: 0.282 Loaded shared library C:\Program Files\Java\jdk-26.0.1\bin\zip.dll
Event: 0.624 Attempting to load shared library C:\Program Files\Java\jdk-26.0.1\bin\extnet.dll
Event: 0.626 Loaded shared library C:\Program Files\Java\jdk-26.0.1\bin\extnet.dll
Event: 0.658 Attempting to load shared library C:\Program Files\Java\jdk-26.0.1\bin\jimage.dll
Event: 0.658 Loaded shared library C:\Program Files\Java\jdk-26.0.1\bin\jimage.dll
Event: 3.339 Attempting to load shared library C:\Program Files\Java\jdk-26.0.1\bin\sunmscapi.dll
Event: 3.344 Loaded shared library C:\Program Files\Java\jdk-26.0.1\bin\sunmscapi.dll
Event: 5.900 Attempting to load shared library C:\Program Files\Java\jdk-26.0.1\bin\management.dll
Event: 5.901 Loaded shared library C:\Program Files\Java\jdk-26.0.1\bin\management.dll
Event: 5.903 Attempting to load shared library C:\Program Files\Java\jdk-26.0.1\bin\management_ext.dll
Event: 5.904 Loaded shared library C:\Program Files\Java\jdk-26.0.1\bin\management_ext.dll

Deoptimization events (8 events):
Event: 1.668 Thread 0x000002737f58bb60 DEOPT PACKING pc=0x0000027308f8282c sp=0x000000e16ddfc9d0
Event: 1.668 Thread 0x000002737f58bb60 DEOPT UNPACKING pc=0x0000027308c31a02 sp=0x000000e16ddfbec8 mode 0
Event: 6.134 Thread 0x000002731554fa50 DEOPT PACKING pc=0x0000027308f96e51 sp=0x000000e16f8ff0d0
Event: 6.134 Thread 0x000002731554fa50 DEOPT UNPACKING pc=0x0000027308c31a02 sp=0x000000e16f8fe528 mode 3
Event: 6.135 Thread 0x0000027315458660 DEOPT PACKING pc=0x0000027308fbb956 sp=0x000000e16fbfefe0
Event: 6.135 Thread 0x0000027315458660 DEOPT UNPACKING pc=0x0000027308c31a02 sp=0x000000e16fbfe478 mode 3
Event: 7.979 Thread 0x000002737f58bb60 DEOPT PACKING pc=0x000002730906ba4c sp=0x000000e16ddfa070
Event: 7.979 Thread 0x000002737f58bb60 DEOPT UNPACKING pc=0x0000027308c31a02 sp=0x000000e16ddf95a0 mode 0

Classes loaded (20 events):
Event: 9.027 Loading class java/lang/StringIndexOutOfBoundsException
Event: 9.027 Loading class java/lang/StringIndexOutOfBoundsException done
Event: 9.058 Loading class jdk/internal/reflect/MethodHandleIntegerFieldAccessorImpl
Event: 9.059 Loading class jdk/internal/reflect/MethodHandleIntegerFieldAccessorImpl done
Event: 10.430 Loading class javax/naming/RefAddr
Event: 10.431 Loading class javax/naming/RefAddr done
Event: 10.431 Loading class javax/naming/StringRefAddr
Event: 10.432 Loading class javax/naming/StringRefAddr done
Event: 10.500 Loading class java/util/concurrent/CompletableFuture$AltResult
Event: 10.500 Loading class java/util/concurrent/CompletableFuture$AltResult done
Event: 10.500 Loading class java/util/concurrent/CompletableFuture$Completion
Event: 10.500 Loading class java/util/concurrent/CompletableFuture$AsynchronousCompletionTask
Event: 10.500 Loading class java/util/concurrent/CompletableFuture$AsynchronousCompletionTask done
Event: 10.500 Loading class java/util/concurrent/CompletableFuture$Completion done
Event: 11.655 Loading class java/util/WeakHashMap$EntrySet
Event: 11.655 Loading class java/util/WeakHashMap$EntrySet done
Event: 11.655 Loading class java/util/WeakHashMap$EntryIterator
Event: 11.656 Loading class java/util/WeakHashMap$HashIterator
Event: 11.656 Loading class java/util/WeakHashMap$HashIterator done
Event: 11.656 Loading class java/util/WeakHashMap$EntryIterator done

Classes unloaded (0 events):
No events

Classes redefined (0 events):
No events

Internal exceptions (20 events):
Event: 6.155 Thread 0x000002737f58bb60 Exception <a 'java/lang/NoSuchMethodError'{0x000000008666c6d0}: 'void java.lang.invoke.DirectMethodHandle$Holder.invokeVirtual(java.lang.Object, java.lang.Object, long)'> (0x000000008666c6d0) 
thrown [s\open\src\hotspot\share\interpreter\linkResolver.cpp, line 804]
Event: 6.231 Thread 0x000002737f58bb60 Exception <a 'java/lang/NoSuchMethodError'{0x00000000863693b8}: 'java.lang.Object java.lang.invoke.DirectMethodHandle$Holder.newInvokeSpecial(java.lang.Object, java.lang.Object, java.lang.Object, java.lang.Object, java.lang.Object, java.lang.Object, java.lang.Object, java.lang.Object, java.lang.Object, java.lang.Object, java.lang.Object)'> (0x00000000863693b8) 
thrown [s\open\src\hotspot\share\interpreter\linkResolver.cpp, line 804]
Event: 6.405 Thread 0x000002737f58bb60 Exception <a 'java/lang/NoSuchMethodError'{0x0000000085e650c8}: 'void java.lang.invoke.DelegatingMethodHandle$Holder.reinvoke_L(java.lang.Object, java.lang.Object, java.lang.Object, java.lang.Object, int, java.lang.Object, java.lang.Object, java.lang.Object)'> (0x0000000085e650c8) 
thrown [s\open\src\hotspot\share\interpreter\linkResolver.cpp, line 804]
Event: 6.409 Thread 0x000002737f58bb60 Exception <a 'java/lang/NoSuchMethodError'{0x0000000085eb9ff0}: 'java.lang.Object java.lang.invoke.DirectMethodHandle$Holder.invokeStatic(java.lang.Object, java.lang.Object, java.lang.Object, java.lang.Object, java.lang.Object, java.lang.Object, java.lang.Object, java.lang.Object, java.lang.Object, java.lang.Object)'> (0x0000000085eb9ff0) 
thrown [s\open\src\hotspot\share\interpreter\linkResolver.cpp, line 804]
Event: 7.128 Thread 0x000002737f58bb60 Exception <a 'java/lang/IncompatibleClassChangeError'{0x00000000871366b0}: Found class java.lang.Object, but interface was expected> (0x00000000871366b0) 
thrown [s\open\src\hotspot\share\interpreter\linkResolver.cpp, line 871]
Event: 7.990 Thread 0x000002737f58bb60 Exception <a 'sun/nio/fs/WindowsException'{0x0000000085dfcbc0}> (0x0000000085dfcbc0) 
thrown [s\open\src\hotspot\share\prims\jni.cpp, line 514]
Event: 8.127 Thread 0x000002737f58bb60 Exception <a 'java/lang/NoSuchMethodError'{0x0000000085cf9220}: 'java.lang.Object java.lang.invoke.DirectMethodHandle$Holder.invokeStaticInit(java.lang.Object, int)'> (0x0000000085cf9220) 
thrown [s\open\src\hotspot\share\interpreter\linkResolver.cpp, line 804]
Event: 8.474 Thread 0x000002737f58bb60 Exception <a 'java/lang/NoSuchMethodError'{0x0000000085b96db0}: 'java.lang.Object java.lang.invoke.Invokers$Holder.invoke_MT(java.lang.Object, java.lang.Object, java.lang.Object, java.lang.Object, java.lang.Object, java.lang.Object)'> (0x0000000085b96db0) 
thrown [s\open\src\hotspot\share\interpreter\linkResolver.cpp, line 804]
Event: 9.029 Thread 0x000002737f58bb60 Exception <a 'java/lang/NoSuchMethodError'{0x00000000854fc6b0}: 'java.lang.Object java.lang.invoke.DirectMethodHandle$Holder.invokeStaticInit(java.lang.Object, java.lang.Object, java.lang.Object, java.lang.Object)'> (0x00000000854fc6b0) 
thrown [s\open\src\hotspot\share\interpreter\linkResolver.cpp, line 804]
Event: 9.060 Thread 0x000002737f58bb60 Exception <a 'java/lang/NoSuchMethodError'{0x00000000853c6690}: 'int java.lang.invoke.Invokers$Holder.invokeExact_MT(java.lang.Object, java.lang.Object)'> (0x00000000853c6690) 
thrown [s\open\src\hotspot\share\interpreter\linkResolver.cpp, line 804]
Event: 9.102 Thread 0x000002737f58bb60 Exception <a 'java/lang/NoSuchMethodError'{0x00000000852a6e08}: 'java.lang.Object java.lang.invoke.DirectMethodHandle$Holder.invokeSpecial(java.lang.Object, java.lang.Object, int, java.lang.Object, int)'> (0x00000000852a6e08) 
thrown [s\open\src\hotspot\share\interpreter\linkResolver.cpp, line 804]
Event: 9.102 Thread 0x000002737f58bb60 Exception <a 'java/lang/NoSuchMethodError'{0x00000000852af650}: 'java.lang.Object java.lang.invoke.DirectMethodHandle$Holder.invokeSpecial(java.lang.Object, java.lang.Object, java.lang.Object, int, java.lang.Object, int)'> (0x00000000852af650) 
thrown [s\open\src\hotspot\share\interpreter\linkResolver.cpp, line 804]
Event: 9.103 Thread 0x000002737f58bb60 Exception <a 'java/lang/NoSuchMethodError'{0x00000000852b78c0}: 'java.lang.Object java.lang.invoke.DelegatingMethodHandle$Holder.reinvoke_L(java.lang.Object, java.lang.Object, int, java.lang.Object, int)'> (0x00000000852b78c0) 
thrown [s\open\src\hotspot\share\interpreter\linkResolver.cpp, line 804]
Event: 9.120 Thread 0x000002737f58bb60 Exception <a 'java/lang/NoSuchMethodError'{0x000000008515ec48}: 'java.lang.Object java.lang.invoke.DirectMethodHandle$Holder.newInvokeSpecial(java.lang.Object, java.lang.Object, java.lang.Object, java.lang.Object, java.lang.Object, int, java.lang.Object)'> (0x000000008515ec48) 
thrown [s\open\src\hotspot\share\interpreter\linkResolver.cpp, line 804]
Event: 9.120 Thread 0x000002737f58bb60 Exception <a 'java/lang/NoSuchMethodError'{0x0000000085167930}: 'java.lang.Object java.lang.invoke.DirectMethodHandle$Holder.invokeSpecial(java.lang.Object, java.lang.Object, java.lang.Object, java.lang.Object, java.lang.Object, java.lang.Object, int, java.lang.Object)'> (0x0000000085167930) 
thrown [s\open\src\hotspot\share\interpreter\linkResolver.cpp, line 804]
Event: 10.291 Thread 0x000002737f58bb60 Exception <a 'java/lang/NoSuchMethodError'{0x0000000084d70b68}: 'java.lang.Object java.lang.invoke.DirectMethodHandle$Holder.newInvokeSpecial(java.lang.Object, java.lang.Object, int)'> (0x0000000084d70b68) 
thrown [s\open\src\hotspot\share\interpreter\linkResolver.cpp, line 804]
Event: 11.692 Thread 0x000002737f58bb60 Exception <a 'java/lang/IncompatibleClassChangeError'{0x00000000871f0398}: Found class java.lang.Object, but interface was expected> (0x00000000871f0398) 
thrown [s\open\src\hotspot\share\interpreter\linkResolver.cpp, line 871]
Event: 11.717 Thread 0x000002737f58bb60 Exception <a 'java/lang/NoSuchMethodError'{0x00000000870ba040}: 'java.lang.Object java.lang.invoke.DirectMethodHandle$Holder.invokeStatic(java.lang.Object, java.lang.Object, int, java.lang.Object)'> (0x00000000870ba040) 
thrown [s\open\src\hotspot\share\interpreter\linkResolver.cpp, line 804]
Event: 11.717 Thread 0x000002737f58bb60 Exception <a 'java/lang/NoSuchMethodError'{0x00000000870c2238}: 'java.lang.Object java.lang.invoke.DirectMethodHandle$Holder.invokeStaticInit(java.lang.Object, java.lang.Object, int, java.lang.Object)'> (0x00000000870c2238) 
thrown [s\open\src\hotspot\share\interpreter\linkResolver.cpp, line 804]
Event: 11.772 Thread 0x000002737f58bb60 Exception <a 'java/lang/NoSuchMethodError'{0x0000000086e43128}: 'void java.lang.invoke.DirectMethodHandle$Holder.invokeStaticInit(java.lang.Object, java.lang.Object, java.lang.Object, java.lang.Object, java.lang.Object)'> (0x0000000086e43128) 
thrown [s\open\src\hotspot\share\interpreter\linkResolver.cpp, line 804]

VM Operations (20 events):
Event: 7.074 Executing safepoint VM operation: CollectForMetadataAllocation (Metadata GC Threshold)
Event: 7.081 Executing safepoint VM operation: CollectForMetadataAllocation (Metadata GC Threshold) done
Event: 7.105 Executing safepoint VM operation: G1PauseRemark
Event: 7.108 Executing safepoint VM operation: G1PauseRemark done
Event: 7.117 Executing safepoint VM operation: G1PauseCleanup
Event: 7.117 Executing safepoint VM operation: G1PauseCleanup done
Event: 7.966 Executing non-safepoint VM operation: HandshakeAllThreads (Deoptimize)
Event: 7.966 Executing non-safepoint VM operation: HandshakeAllThreads (Deoptimize) done
Event: 7.979 Executing non-safepoint VM operation: HandshakeAllThreads (Deoptimize)
Event: 7.979 Executing non-safepoint VM operation: HandshakeAllThreads (Deoptimize) done
Event: 7.993 Executing non-safepoint VM operation: HandshakeAllThreads (Deoptimize)
Event: 7.993 Executing non-safepoint VM operation: HandshakeAllThreads (Deoptimize) done
Event: 8.004 Executing non-safepoint VM operation: HandshakeAllThreads (Deoptimize)
Event: 8.004 Executing non-safepoint VM operation: HandshakeAllThreads (Deoptimize) done
Event: 8.544 Executing non-safepoint VM operation: HandshakeAllThreads (Deoptimize)
Event: 8.544 Executing non-safepoint VM operation: HandshakeAllThreads (Deoptimize) done
Event: 9.060 Executing non-safepoint VM operation: HandshakeAllThreads (Deoptimize)
Event: 9.060 Executing non-safepoint VM operation: HandshakeAllThreads (Deoptimize) done
Event: 11.564 Executing safepoint VM operation: G1CollectForAllocation (G1 Evacuation Pause)
Event: 11.585 Executing safepoint VM operation: G1CollectForAllocation (G1 Evacuation Pause) done

Memory protections (0 events):
No events

Nmethod flushes (20 events):
Event: 7.107 Thread 0x0000027310ac1e10 flushing  nmethod 0x0000027308eb0688
Event: 7.107 Thread 0x0000027310ac1e10 flushing  nmethod 0x0000027308eb1c08
Event: 7.107 Thread 0x0000027310ac1e10 flushing  nmethod 0x0000027308edef08
Event: 7.107 Thread 0x0000027310ac1e10 flushing  nmethod 0x0000027308f1d888
Event: 7.107 Thread 0x0000027310ac1e10 flushing  nmethod 0x0000027308f80988
Event: 7.107 Thread 0x0000027310ac1e10 flushing  nmethod 0x0000027308f82588
Event: 7.107 Thread 0x0000027310ac1e10 flushing  nmethod 0x000002730911e308
Event: 7.107 Thread 0x0000027310ac1e10 flushing  nmethod 0x0000027309145608
Event: 7.107 Thread 0x0000027310ac1e10 flushing  nmethod 0x0000027309146908
Event: 7.107 Thread 0x0000027310ac1e10 flushing  nmethod 0x0000027308e69388
Event: 7.107 Thread 0x0000027310ac1e10 flushing  nmethod 0x0000027308e69a08
Event: 7.107 Thread 0x0000027310ac1e10 flushing  nmethod 0x0000027308e6a408
Event: 7.107 Thread 0x0000027310ac1e10 flushing  nmethod 0x0000027308fc2d88
Event: 7.107 Thread 0x0000027310ac1e10 flushing  nmethod 0x000002730903ee88
Event: 7.107 Thread 0x0000027310ac1e10 flushing  nmethod 0x0000027308e7b288
Event: 7.107 Thread 0x0000027310ac1e10 flushing  nmethod 0x0000027308e7bb08
Event: 7.107 Thread 0x0000027310ac1e10 flushing  nmethod 0x0000027308ea0e08
Event: 7.107 Thread 0x0000027310ac1e10 flushing  nmethod 0x0000027308f7e288
Event: 7.107 Thread 0x0000027310ac1e10 flushing  nmethod 0x0000027308fd9c08
Event: 7.107 Thread 0x0000027310ac1e10 flushing  nmethod 0x0000027309125708

Events (20 events):
Event: 0.093 Thread 0x000002737f58bb60 Thread added: 0x0000027310ada7c0
Event: 0.093 Thread 0x000002737f58bb60 Thread added: 0x0000027310ae6f90
Event: 0.093 Thread 0x000002737f58bb60 Thread added: 0x0000027310ae7740
Event: 0.243 Thread 0x0000027310ae7740 Thread added: 0x0000027310b55f60
Event: 0.244 Thread 0x0000027310ae7740 Thread added: 0x0000027310bf8e40
Event: 0.270 Thread 0x000002737f58bb60 Thread added: 0x0000027310c57460
Event: 0.593 Thread 0x000002737f58bb60 Thread added: 0x00000273150a74f0
Event: 0.593 Thread 0x000002737f58bb60 Thread added: 0x00000273150a7ca0
Event: 1.948 Thread 0x000002737f58bb60 Thread added: 0x0000027315a2fa70
Event: 2.700 Thread 0x000002737f58bb60 Thread added: 0x0000027315d75130
Event: 2.766 Thread 0x0000027315d75130 Thread exited: 0x0000027315d75130
Event: 3.429 Thread 0x0000027315a2fa70 Thread exited: 0x0000027315a2fa70
Event: 6.132 Thread 0x000002737f58bb60 Thread added: 0x000002731554fa50
Event: 6.134 Thread 0x000002731554fa50 Thread added: 0x0000027315458660
Event: 6.141 Thread 0x000002737f58bb60 Thread added: 0x0000027315478a30
Event: 6.197 Thread 0x000002737f58bb60 Thread added: 0x000002731547fb50
Event: 8.777 Thread 0x000002737f58bb60 Thread added: 0x0000027315a52da0
Event: 8.884 Thread 0x0000027315a52da0 Thread added: 0x0000027315a525d0
Event: 10.279 Thread 0x0000027310bf8e40 Thread exited: 0x0000027310bf8e40
Event: 11.558 Thread 0x0000027310b55f60 Thread exited: 0x0000027310b55f60


Dynamic libraries:
0x00007ff7f9b20000 - 0x00007ff7f9b30000 	C:\Program Files\Java\jdk-26.0.1\bin\java.exe
0x00007ff8e5e60000 - 0x00007ff8e60c6000 	C:\WINDOWS\SYSTEM32\ntdll.dll
0x00007ff8e4ad0000 - 0x00007ff8e4b99000 	C:\WINDOWS\System32\KERNEL32.DLL
0x00007ff8e36e0000 - 0x00007ff8e3adf000 	C:\WINDOWS\System32\KERNELBASE.dll
0x00007ff8e34d0000 - 0x00007ff8e361c000 	C:\WINDOWS\System32\ucrtbase.dll
0x00007ff8d8040000 - 0x00007ff8d805e000 	C:\Program Files\Java\jdk-26.0.1\bin\VCRUNTIME140.dll
0x00007ff8d7f30000 - 0x00007ff8d7f47000 	C:\Program Files\Java\jdk-26.0.1\bin\jli.dll
0x00007ff8e4900000 - 0x00007ff8e4ac6000 	C:\WINDOWS\System32\USER32.dll
0x00007ff8c5100000 - 0x00007ff8c5391000 	C:\WINDOWS\WinSxS\amd64_microsoft.windows.common-controls_6595b64144ccf1df_6.0.26100.8972_none_3e0da176e32f9d4b\COMCTL32.dll
0x00007ff8e3af0000 - 0x00007ff8e3b17000 	C:\WINDOWS\System32\win32u.dll
0x00007ff8e4ca0000 - 0x00007ff8e4ccb000 	C:\WINDOWS\System32\GDI32.dll
0x00007ff8e3e70000 - 0x00007ff8e3f19000 	C:\WINDOWS\System32\msvcrt.dll
0x00007ff8e3160000 - 0x00007ff8e3289000 	C:\WINDOWS\System32\gdi32full.dll
0x00007ff8e3420000 - 0x00007ff8e34c3000 	C:\WINDOWS\System32\msvcp_win.dll
0x00007ff8e47a0000 - 0x00007ff8e47d2000 	C:\WINDOWS\System32\IMM32.DLL
0x00007ff8d7ee0000 - 0x00007ff8d7eec000 	C:\Program Files\Java\jdk-26.0.1\bin\vcruntime140_1.dll
0x00007ff8920d0000 - 0x00007ff89215d000 	C:\Program Files\Java\jdk-26.0.1\bin\msvcp140.dll
0x00007ff83f9a0000 - 0x00007ff84086e000 	C:\Program Files\Java\jdk-26.0.1\bin\server\jvm.dll
0x00007ff8e5060000 - 0x00007ff8e511c000 	C:\WINDOWS\System32\ADVAPI32.dll
0x00007ff8e5b90000 - 0x00007ff8e5c3a000 	C:\WINDOWS\System32\sechost.dll
0x00007ff8e4670000 - 0x00007ff8e4788000 	C:\WINDOWS\System32\RPCRT4.dll
0x00007ff8e5980000 - 0x00007ff8e5a02000 	C:\WINDOWS\System32\WS2_32.dll
0x00007ff8e2f30000 - 0x00007ff8e2f8e000 	C:\WINDOWS\SYSTEM32\POWRPROF.dll
0x00007ff8c7610000 - 0x00007ff8c7646000 	C:\WINDOWS\SYSTEM32\WINMM.dll
0x00007ff8d6270000 - 0x00007ff8d627b000 	C:\WINDOWS\SYSTEM32\VERSION.dll
0x00007ff8e2f10000 - 0x00007ff8e2f25000 	C:\WINDOWS\SYSTEM32\UMPDC.dll
0x00007ff8e1df0000 - 0x00007ff8e1e0b000 	C:\WINDOWS\SYSTEM32\kernel.appcore.dll
0x00007ff8cabf0000 - 0x00007ff8cabfa000 	C:\Program Files\Java\jdk-26.0.1\bin\jimage.dll
0x00007ff8e0960000 - 0x00007ff8e0ba2000 	C:\WINDOWS\SYSTEM32\DBGHELP.DLL
0x00007ff8e4cd0000 - 0x00007ff8e5055000 	C:\WINDOWS\System32\combase.dll
0x00007ff8e4410000 - 0x00007ff8e44e9000 	C:\WINDOWS\System32\OLEAUT32.dll
0x00007ff8c0090000 - 0x00007ff8c00cb000 	C:\WINDOWS\SYSTEM32\dbgcore.DLL
0x00007ff8e3b20000 - 0x00007ff8e3bcc000 	C:\WINDOWS\System32\bcryptPrimitives.dll
0x00007ff8c3940000 - 0x00007ff8c3950000 	C:\Program Files\Java\jdk-26.0.1\bin\instrument.dll
0x00007ff8b6650000 - 0x00007ff8b666f000 	C:\Program Files\Java\jdk-26.0.1\bin\java.dll
0x00007ff8e3cd0000 - 0x00007ff8e3e69000 	C:\WINDOWS\System32\ole32.dll
0x00007ff8e51a0000 - 0x00007ff8e5928000 	C:\WINDOWS\System32\SHELL32.dll
0x00007ff8e0c00000 - 0x00007ff8e149b000 	C:\WINDOWS\SYSTEM32\windows.storage.dll
0x00007ff8e5a80000 - 0x00007ff8e5b79000 	C:\WINDOWS\System32\SHCORE.dll
0x00007ff8e5a10000 - 0x00007ff8e5a76000 	C:\WINDOWS\System32\shlwapi.dll
0x00007ff8e2ff0000 - 0x00007ff8e3019000 	C:\WINDOWS\SYSTEM32\profapi.dll
0x00007ff8b1b60000 - 0x00007ff8b1b77000 	C:\Program Files\Java\jdk-26.0.1\bin\zip.dll
0x00007ff8b6630000 - 0x00007ff8b6642000 	C:\Program Files\Java\jdk-26.0.1\bin\net.dll
0x00007ff8e2360000 - 0x00007ff8e23cc000 	C:\WINDOWS\system32\mswsock.dll
0x00007ff8b1fd0000 - 0x00007ff8b1fe6000 	C:\Program Files\Java\jdk-26.0.1\bin\nio.dll
0x00007ff8bdf50000 - 0x00007ff8bdf59000 	C:\Program Files\Java\jdk-26.0.1\bin\extnet.dll
0x00007ff8afc50000 - 0x00007ff8afc5e000 	C:\Program Files\Java\jdk-26.0.1\bin\sunmscapi.dll
0x00007ff8e3290000 - 0x00007ff8e340e000 	C:\WINDOWS\System32\CRYPT32.dll
0x00007ff8e28c0000 - 0x00007ff8e28f0000 	C:\WINDOWS\SYSTEM32\ncrypt.dll
0x00007ff8e2870000 - 0x00007ff8e28af000 	C:\WINDOWS\SYSTEM32\NTASN1.dll
0x00007ff8e2750000 - 0x00007ff8e276b000 	C:\WINDOWS\SYSTEM32\CRYPTSP.dll
0x00007ff8e1d50000 - 0x00007ff8e1d89000 	C:\WINDOWS\system32\rsaenh.dll
0x00007ff8e2400000 - 0x00007ff8e2432000 	C:\WINDOWS\SYSTEM32\USERENV.dll
0x00007ff8e2fc0000 - 0x00007ff8e2fea000 	C:\WINDOWS\SYSTEM32\bcrypt.dll
0x00007ff8e2730000 - 0x00007ff8e273c000 	C:\WINDOWS\SYSTEM32\CRYPTBASE.dll
0x00007ff8e17b0000 - 0x00007ff8e17e3000 	C:\WINDOWS\SYSTEM32\IPHLPAPI.DLL
0x00007ff8e4860000 - 0x00007ff8e486a000 	C:\WINDOWS\System32\NSI.dll
0x00007ff8b1910000 - 0x00007ff8b191a000 	C:\Program Files\Java\jdk-26.0.1\bin\management.dll
0x00007ff8b1510000 - 0x00007ff8b151c000 	C:\Program Files\Java\jdk-26.0.1\bin\management_ext.dll
0x00007ff8e4ba0000 - 0x00007ff8e4ba8000 	C:\WINDOWS\System32\PSAPI.DLL
0x00007ff8e1840000 - 0x00007ff8e1998000 	C:\WINDOWS\SYSTEM32\DNSAPI.dll
0x00007ff8e2170000 - 0x00007ff8e217d000 	C:\WINDOWS\SYSTEM32\DSPARSE.dll
0x00007ff8d6f80000 - 0x00007ff8d6f8b000 	C:\Windows\System32\rasadhlp.dll
0x00007ff8d67e0000 - 0x00007ff8d6866000 	C:\WINDOWS\System32\fwpuclnt.dll

JVMTI agents:
C:\Program Files\JetBrains\IntelliJ IDEA 2026.2.1\lib\idea_rt.jar path:C:\Program Files\Java\jdk-26.0.1\bin\instrument.dll, loaded, initialized, instrumentlib options:63080

dbghelp: loaded successfully - version: 4.0.5 - missing functions: none
symbol engine: initialized successfully - sym options: 0x614 - pdb path: .;C:\Program Files\Java\jdk-26.0.1\bin;C:\WINDOWS\SYSTEM32;C:\WINDOWS\WinSxS\amd64_microsoft.windows.common-controls_6595b64144ccf1df_6.0.26100.8972_none_3e0da176e32f9d4b;C:\Program Files\Java\jdk-26.0.1\bin\server

VM Arguments:
jvm_args: -XX:TieredStopAtLevel=1 -Dspring.output.ansi.enabled=always -javaagent:C:\Program Files\JetBrains\IntelliJ IDEA 2026.2.1\lib\idea_rt.jar=63080 -Dfile.encoding=UTF-8 -Dsun.stdout.encoding=UTF-8 -Dsun.stderr.encoding=UTF-8 
java_command: com.LibraryDesk.LibraryDeskApplication
java_class_path (initial): C:\Users\Basit\.vscode\java\LibraryDesk\LibraryDesk\target\classes;C:\Users\Basit\.m2\repository\org\springframework\boot\spring-boot-starter-data-jpa\4.1.1\spring-boot-starter-data-jpa-4.1.1.jar;C:\Users\Basit\.m2\repository\org\springframework\boot\spring-boot-starter\4.1.1\spring-boot-starter-4.1.1.jar;C:\Users\Basit\.m2\repository\org\springframework\boot\spring-boot-starter-logging\4.1.1\spring-boot-starter-logging-4.1.1.jar;C:\Users\Basit\.m2\repository\ch\qos\logback\logback-classic\1.5.38\logback-classic-1.5.38.jar;C:\Users\Basit\.m2\repository\ch\qos\logback\logback-core\1.5.38\logback-core-1.5.38.jar;C:\Users\Basit\.m2\repository\org\apache\logging\log4j\log4j-to-slf4j\2.25.5\log4j-to-slf4j-2.25.5.jar;C:\Users\Basit\.m2\repository\org\apache\logging\log4j\log4j-api\2.25.5\log4j-api-2.25.5.jar;C:\Users\Basit\.m2\repository\org\slf4j\jul-to-slf4j\2.0.18\jul-to-slf4j-2.0.18.jar;C:\Users\Basit\.m2\repository\org\springframework\boot\spring-boot-autoconfigure\4.1.1\spring-boot-autoconfigure-4.1.1.jar;C:\Users\Basit\.m2\repository\jakarta\annotation\jakarta.annotation-api\3.0.0\jakarta.annotation-api-3.0.0.jar;C:\Users\Basit\.m2\repository\org\yaml\snakeyaml\2.6\snakeyaml-2.6.jar;C:\Users\Basit\.m2\repository\org\springframework\boot\spring-boot-starter-jdbc\4.1.1\spring-boot-starter-jdbc-4.1.1.jar;C:\Users\Basit\.m2\repository\com\zaxxer\HikariCP\7.0.2\HikariCP-7.0.2.jar;C:\Users\Basit\.m2\repository\org\springframework\boot\spring-boot-data-jpa\4.1.1\spring-boot-data-jpa-4.1.1.jar;C:\Users\Basit\.m2\repository\org\springframework\boot\spring-boot-data-commons\4.1.1\spring-boot-data-commons-4.1.1.jar;C:\Users\Basit\.m2\repository\org\springframework\boot\spring-boot-persistence\4.1.1\spring-boot-persistence-4.1.1.jar;C:\Users\Basit\.m2\repository\org\springframework\data\spring-data-commons\4.1.1\spring-data-commons-4.1.1.jar;C:\Users\Basit\.m2\repository\org\springframework\boot\spring-boot-hibernate\4.1.1\spring-boot-hibernate-4.1.1.jar;C:\Users\Basit\.m2\repository\org\springframework\boot\spring-boot-jpa\4.1.1\spring-boot-jpa-4.1.1.jar;C:\Users\Basit\.m2\repository\jakarta\persistence\jakarta.persistence-api\3.2.0\jakarta.persistence-api-3.2.0.jar;C:\Users\Basit\.m2\repository\org\hibernate\orm\hibernate-core\7.4.5.Final\hibernate-core-7.4.5.Final.jar;C:\Users\Basit\.m2\repository\jakarta\transaction\jakarta.transaction-api\2.0.1\jakarta.transaction-api-2.0.1.jar;C:\Users\Basit\.m2\repository\org\hibernate\models\hibernate-models\1.1.1\hibernate-models-1.1.1.jar;C:\Users\Basit\.m2\repository\org\glassfish\jaxb\jaxb-runtime\4.0.9\jaxb-runtime-4.0.9.jar;C:\Users\Basit\.m2\repository\org\glassfish\jaxb\jaxb-core\4.0.9\jaxb-core-4.0.9.jar;C:\Users\Basit\.m2\repository\org\eclipse\angus\angus-activation\2.0.3\angus-activation-2.0.3.jar;C:\Users\Basit\.m2\repository\org\glassfish\jaxb\txw2\4.0.9\txw2-4.0.9.jar;C:\Users\Basit\.m2\repository\com\sun\istack\istack-commons-runtime\4.1.2\istack-commons-runtime-4.1.2.jar;C:\Users\Basit\.m2\repository\jakarta\inject\jakarta.inject-api\2.0.1\jakarta.inject-api-2.0.1.jar;C:\Users\Basit\.m2\repository\org\springframework\spring-orm\7.0.9\spring-orm-7.0.9.jar;C:\Users\Basit\.m2\repository\org\springframework\data\spring-data-jpa\4.1.1\spring-data-jpa-4.1.1.jar;C:\Users\Basit\.m2\repository\org\springframework\spring-context\7.0.9\spring-context-7.0.9.jar;C:\Users\Basit\.m2\repository\org\springframework\spring-tx\7.0.9\spring-tx-7.0.9.jar;C:\Users\Basit\.m2\repository\org\antlr\antlr4-runtime\4.13.2\antlr4-runtime-4.13.2.jar;C:\Users\Basit\.m2\repository\org\springframework\spring-aspects\7.0.9\spring-aspects-7.0.9.jar;C:\Users\Basit\.m2\repository\org\aspectj\aspectjweaver\1.9.25.1\aspectjweaver-1.9.25.1.jar;C:\Users\Basit\.m2\repository\org\springframework\boot\spring-boot-jdbc\4.1.1\spring-boot-jdbc-4.1.1.jar;C:\Users\Basit\.m2\repository\org\springframework\boot\spring-boot\4.1.1\spring-boot-4.1.1.jar;C:\Users\Basit\.m2\repository\org\springframework\boot\spring-boot-sql\4.1.1\spring-boot-sql-4.1.1.jar;C:\Users\Basit\.m2\repository\org\springframework\boot\spring-boot-transaction\4.1.1\spring-boot-transaction-4.1.1.jar;C:\Users\Basit\.m2\repository\org\springframework\spring-jdbc\7.0.9\spring-jdbc-7.0.9.jar;C:\Users\Basit\.m2\repository\org\springframework\boot\spring-boot-starter-security\4.1.1\spring-boot-starter-security-4.1.1.jar;C:\Users\Basit\.m2\repository\org\springframework\boot\spring-boot-security\4.1.1\spring-boot-security-4.1.1.jar;C:\Users\Basit\.m2\repository\org\springframework\security\spring-security-config\7.1.1\spring-security-config-7.1.1.jar;C:\Users\Basit\.m2\repository\org\springframework\security\spring-security-core\7.1.1\spring-security-core-7.1.1.jar;C:\Users\Basit\.m2\repository\org\springframework\security\spring-security-crypto\7.1.1\spring-security-crypto-7.1.1.jar;C:\Users\Basit\.m2\repository\org\springframework\security\spring-security-web\7.1.1\spring-security-web-7.1.1.jar;C:\Users\Basit\.m2\repository\org\springframework\spring-expression\7.0.9\spring-expression-7.0.9.jar;C:\Users\Basit\.m2\repository\org\springframework\spring-aop\7.0.9\spring-aop-7.0.9.jar;C:\Users\Basit\.m2\repository\org\springframework\spring-beans\7.0.9\spring-beans-7.0.9.jar;C:\Users\Basit\.m2\repository\org\springframework\spring-core\7.0.9\spring-core-7.0.9.jar;C:\Users\Basit\.m2\repository\commons-logging\commons-logging\1.3.6\commons-logging-1.3.6.jar;C:\Users\Basit\.m2\repository\org\jspecify\jspecify\1.0.1\jspecify-1.0.1.jar;C:\Users\Basit\.m2\repository\org\springframework\boot\spring-boot-starter-thymeleaf\4.1.1\spring-boot-starter-thymeleaf-4.1.1.jar;C:\Users\Basit\.m2\repository\org\springframework\boot\spring-boot-thymeleaf\4.1.1\spring-boot-thymeleaf-4.1.1.jar;C:\Users\Basit\.m2\repository\org\springframework\spring-web\7.0.9\spring-web-7.0.9.jar;C:\Users\Basit\.m2\repository\io\micrometer\micrometer-observation\1.17.1\micrometer-observation-1.17.1.jar;C:\Users\Basit\.m2\repository\io\micrometer\micrometer-commons\1.17.1\micrometer-commons-1.17.1.jar;C:\Users\Basit\.m2\repository\org\springframework\boot\spring-boot-starter-validation\4.1.1\spring-boot-starter-validation-4.1.1.jar;C:\Users\Basit\.m2\repository\org\springframework\boot\spring-boot-validation\4.1.1\spring-boot-validation-4.1.1.jar;C:\Users\Basit\.m2\repository\org\apache\tomcat\embed\tomcat-embed-el\11.0.24\tomcat-embed-el-11.0.24.jar;C:\Users\Basit\.m2\repository\org\hibernate\validator\hibernate-validator\9.1.3.Final\hibernate-validator-9.1.3.Final.jar;C:\Users\Basit\.m2\repository\jakarta\validation\jakarta.validation-api\3.1.1\jakarta.validation-api-3.1.1.jar;C:\Users\Basit\.m2\repository\org\jboss\logging\jboss-logging\3.6.3.Final\jboss-logging-3.6.3.Final.jar;C:\Users\Basit\.m2\repository\com\fasterxml\classmate\1.7.3\classmate-1.7.3.jar;C:\Users\Basit\.m2\repository\org\springframework\boot\spring-boot-starter-webmvc\4.1.1\spring-boot-starter-webmvc-4.1.1.jar;C:\Users\Basit\.m2\repository\org\springframework\boot\spring-boot-starter-jackson\4.1.1\spring-boot-starter-jackson-4.1.1.jar;C:\Users\Basit\.m2\repository\org\springframework\boot\spring-boot-jackson\4.1.1\spring-boot-jackson-4.1.1.jar;C:\Users\Basit\.m2\repository\tools\jackson\core\jackson-databind\3.1.5\jackson-databind-3.1.5.jar;C:\Users\Basit\.m2\repository\com\fasterxml\jackson\core\jackson-annotations\2.21\jackson-annotations-2.21.jar;C:\Users\Basit\.m2\repository\tools\jackson\core\jackson-core\3.1.5\jackson-core-3.1.5.jar;C:\Users\Basit\.m2\repository\org\springframework\boot\spring-boot-starter-tomcat\4.1.1\spring-boot-starter-tomcat-4.1.1.jar;C:\Users\Basit\.m2\repository\org\springframework\boot\spring-boot-starter-tomcat-runtime\4.1.1\spring-boot-starter-tomcat-runtime-4.1.1.jar;C:\Users\Basit\.m2\repository\org\apache\tomcat\embed\tomcat-embed-core\11.0.24\tomcat-embed-core-11.0.24.jar;C:\Users\Basit\.m2\repository\org\apache\tomcat\embed\tomcat-embed-websocket\11.0.24\tomcat-embed-websocket-11.0.24.jar;C:\Users\Basit\.m2\repository\org\springframework\boot\spring-boot-tomcat\4.1.1\spring-boot-tomcat-4.1.1.jar;C:\Users\Basit\.m2\repository\org\springframework\boot\spring-boot-http-converter\4.1.1\spring-boot-http-converter-4.1.1.jar;C:\Users\Basit\.m2\repository\org\springframework\boot\spring-boot-webmvc\4.1.1\spring-boot-webmvc-4.1.1.jar;C:\Users\Basit\.m2\repository\org\springframework\boot\spring-boot-servlet\4.1.1\spring-boot-servlet-4.1.1.jar;C:\Users\Basit\.m2\repository\org\springframework\spring-webmvc\7.0.9\spring-webmvc-7.0.9.jar;C:\Users\Basit\.m2\repository\org\thymeleaf\extras\thymeleaf-extras-springsecurity6\3.1.5.RELEASE\thymeleaf-extras-springsecurity6-3.1.5.RELEASE.jar;C:\Users\Basit\.m2\repository\org\thymeleaf\thymeleaf-spring6\3.1.5.RELEASE\thymeleaf-spring6-3.1.5.RELEASE.jar;C:\Users\Basit\.m2\repository\org\thymeleaf\thymeleaf\3.1.5.RELEASE\thymeleaf-3.1.5.RELEASE.jar;C:\Users\Basit\.m2\repository\org\attoparser\attoparser\2.0.7.RELEASE\attoparser-2.0.7.RELEASE.jar;C:\Users\Basit\.m2\repository\org\unbescape\unbescape\1.1.6.RELEASE\unbescape-1.1.6.RELEASE.jar;C:\Users\Basit\.m2\repository\org\slf4j\slf4j-api\2.0.18\slf4j-api-2.0.18.jar;C:\Users\Basit\.m2\repository\com\mysql\mysql-connector-j\9.7.0\mysql-connector-j-9.7.0.jar;C:\Users\Basit\.m2\repository\jakarta\xml\bind\jakarta.xml.bind-api\4.0.5\jakarta.xml.bind-api-4.0.5.jar;C:\Users\Basit\.m2\repository\jakarta\activation\jakarta.activation-api\2.1.4\jakarta.activation-api-2.1.4.jar;C:\Users\Basit\.m2\repository\net\bytebuddy\byte-buddy\1.18.11\byte-buddy-1.18.11.jar;C:\Users\Basit\.m2\repository\org\springframework\boot\spring-boot-web-server\4.1.1\spring-boot-web-server-4.1.1.jar
Launcher Type: SUN_STANDARD

[Global flags]
     bool AOTAdapterCaching                        = false                                  {diagnostic} {ergonomic}
     bool AOTInvokeDynamicLinking                  = false                                  {diagnostic} {ergonomic}
     bool AOTRecordTraining                        = false                                  {diagnostic} {ergonomic}
     bool AOTReplayTraining                        = false                                  {diagnostic} {ergonomic}
     bool AOTStubCaching                           = false                                  {diagnostic} {ergonomic}
     intx CICompilerCount                          = 4                                         {product} {ergonomic}
     uint ConcGCThreads                            = 2                                         {product} {ergonomic}
     uint G1ConcRefinementThreads                  = 8                                         {product} {ergonomic}
     uint G1EagerReclaimRemSetThreshold            = 10                                   {experimental} {ergonomic}
   size_t G1HeapRegionSize                         = 1048576                                   {product} {ergonomic}
     uint G1RemSetArrayOfCardsEntries              = 10                                   {experimental} {ergonomic}
     uint G1RemSetHowlMaxNumBuckets                = 8                                    {experimental} {ergonomic}
     uint G1RemSetHowlNumBuckets                   = 4                                    {experimental} {ergonomic}
   size_t InitialHeapSize                          = 8388608                                   {product} {ergonomic}
     bool IntelJccErratumMitigation                = true                              {ARCH diagnostic} {ergonomic}
   size_t MarkStackSize                            = 4194304                                   {product} {ergonomic}
   size_t MarkStackSizeMax                         = 536870912                                 {product} {ergonomic}
   size_t MaxHeapSize                              = 2107637760                                {product} {ergonomic}
   size_t MaxNewSize                               = 1264582656                                {product} {ergonomic}
 uint64_t MaxRAM                                   = 8425529344                                {product} {ergonomic}
   size_t MinHeapDeltaBytes                        = 1048576                                   {product} {ergonomic}
   size_t MinHeapSize                              = 8388608                                   {product} {ergonomic}
   size_t NonNMethodCodeHeapSize                   = 4096                                   {pd product} {ergonomic}
   size_t NonProfiledCodeHeapSize                  = 0                                      {pd product} {ergonomic}
     bool ProfileInterpreter                       = false                                  {pd product} {command line}
   size_t ProfiledCodeHeapSize                     = 0                                      {pd product} {ergonomic}
   size_t SoftMaxHeapSize                          = 2107637760                             {manageable} {ergonomic}
     intx TieredStopAtLevel                        = 1                                         {product} {command line}
     bool UseCompressedOops                        = true                           {product lp64_product} {ergonomic}
     bool UseCondCardMark                          = true                                      {product} {ergonomic}
     bool UseFastUnorderedTimeStamps               = true                                 {experimental} {ergonomic}
     bool UseG1GC                                  = true                                      {product} {ergonomic}
     bool UseLargePagesIndividualAllocation        = false                                  {pd product} {ergonomic}
      int X86ICacheSync                            = 2                                 {ARCH diagnostic} {ergonomic}

Logging:
Log output configuration:
 #0: stdout all=warning uptime,level,tags foldmultilines=false
 #1: stderr all=off uptime,level,tags foldmultilines=false

Release file:
IMPLEMENTOR="Oracle Corporation" 
JAVA_RUNTIME_VERSION="26.0.1+8-34" 
JAVA_VERSION="26.0.1" 
JAVA_VERSION_DATE="2026-04-21" 
LIBC="default" 
MODULES="java.base java.compiler java.datatransfer java.xml java.prefs java.desktop java.instrument java.logging java.management java.security.sasl java.naming java.rmi java.management.rmi java.net.http java.scripting java.security.jgss java.transaction.xa java.sql java.sql.rowset java.xml.crypto java.se java.smartcardio jdk.accessibility jdk.internal.jvmstat jdk.attach jdk.charsets jdk.internal.opt jdk.zipfs jdk.compiler jdk.crypto.cryptoki jdk.crypto.ec jdk.crypto.mscapi jdk.dynalink jdk.internal.ed jdk.editpad jdk.internal.vm.ci jdk.graal.compiler jdk.graal.compiler.management jdk.hotspot.agent jdk.httpserver jdk.incubator.vector jdk.internal.le jdk.internal.md jdk.jartool jdk.javadoc jdk.jcmd jdk.management jdk.management.agent jdk.jconsole jdk.jdeps jdk.jdwp.agent jdk.jdi jdk.jfr jdk.jlink jdk.jpackage jdk.jshell jdk.jstatd jdk.localedata jdk.management.jfr jdk.naming.dns jdk.naming.rmi jdk.net jdk.nio.mapmode jdk.sctp jdk.security.auth jdk.security.jgss jdk.unsupported jdk.unsupported.desktop jdk.xml.dom" 
OS_ARCH="x86_64" 
OS_NAME="Windows" 
SOURCE=".:git:8fcde8268d22 open:git:fcc00fc4aee7" 

Environment Variables:
PATH=C:\Program Files\Common Files\Oracle\Java\javapath;C:\WINDOWS\system32;C:\WINDOWS;C:\WINDOWS\System32\Wbem;C:\WINDOWS\System32\WindowsPowerShell\v1.0\;C:\WINDOWS\System32\OpenSSH\;C:\Program Files (x86)\Intel\Intel(R) Management Engine Components\DAL;C:\Program Files\Intel\Intel(R) Management Engine Components\DAL;C:\Program Files (x86)\Microchip\MPLAB C32 Suite\bin;C:\Program Files\Polyspace\R2021a\bin;C:\Program Files\Git\cmd;C:\Program Files\MySQL\MySQL Shell 8.0\bin\;C:\Users\Basit\.local\bin;C:\Users\Basit\AppData\Local\Microsoft\WindowsApps;C:\Users\Basit\AppData\Local\Programs\Microsoft VS Code\bin;C:\Users\Basit\AppData\Local\Programs\cursor\resources\app\bin;C:\Users\Basit\AppData\Local\Python\bin;
USERNAME=Basit
OS=Windows_NT
PROCESSOR_IDENTIFIER=Intel64 Family 6 Model 142 Stepping 10, GenuineIntel
TMP=C:\Users\Basit\AppData\Local\Temp
TEMP=C:\Users\Basit\AppData\Local\Temp




Compilation memory statistics disabled.

Periodic native trim disabled

---------------  S Y S T E M  ---------------

OS:
 Windows 11 , 64 bit Build 26100 (10.0.26100.9168)
OS uptime: 5 days 19:59 hours
Hyper-V role detected

CPU: total 8 (initial active 8) (4 cores per cpu, 2 threads per core) family 6 model 142 stepping 10 microcode 0xf6, cx8, cmov, fxsr, ht, mmx, 3dnowpref, sse, sse2, sse3, ssse3, sse4.1, sse4.2, popcnt, lzcnt, tsc, tscinvbit, avx, avx2, aes, erms, clmul, bmi1, bmi2, rtm, adx, fma, vzeroupper, clflush, clflushopt, hv, rdtscp, f16c
Processor Information for processor 0
  Max Mhz: 1896, Current Mhz: 1496, Mhz Limit: 1687
Processor Information for processor 1
  Max Mhz: 1896, Current Mhz: 1496, Mhz Limit: 1687
Processor Information for processor 2
  Max Mhz: 1896, Current Mhz: 1696, Mhz Limit: 1687
Processor Information for processor 3
  Max Mhz: 1896, Current Mhz: 1696, Mhz Limit: 1687
Processor Information for processor 4
  Max Mhz: 1896, Current Mhz: 1696, Mhz Limit: 1687
Processor Information for processor 5
  Max Mhz: 1896, Current Mhz: 1496, Mhz Limit: 1687
Processor Information for processor 6
  Max Mhz: 1896, Current Mhz: 1696, Mhz Limit: 1687
Processor Information for processor 7
  Max Mhz: 1896, Current Mhz: 1496, Mhz Limit: 1687

Memory: 4k page, system-wide physical 8035M (430M free)
TotalPageFile size 10083M (AvailPageFile size 2M)
current process WorkingSet (physical memory assigned to process): 202M, peak: 202M
current process commit charge ("private bytes"): 239M, peak: 239M

vm_info: Java HotSpot(TM) 64-Bit Server VM (26.0.1+8-34) for windows-amd64 JRE (26.0.1+8-34), built on 2026-03-10T17:24:10Z with MS VC++ 17.13 (VS2022)

END.
