#
# There is insufficient memory for the Java Runtime Environment to continue.
# Native memory allocation (mmap) failed to map 65536 bytes. Error detail: Failed to commit metaspace.
# Possible reasons:
#   The system is out of physical RAM or swap space
#   This process is running with CompressedOops enabled, and the Java Heap may be blocking the growth of the native heap
# Possible solutions:
#   Reduce memory load on the system
#   Increase physical memory or swap space
#   Check if swap backing store is full
#   Decrease Java heap size (-Xmx/-Xms)
#   Decrease number of Java threads
#   Decrease Java thread stack sizes (-Xss)
#   Set larger code cache with -XX:ReservedCodeCacheSize=
#   JVM is running with Unscaled Compressed Oops mode in which the Java heap is
#     placed in the first 4GB address space. The Java Heap base address is the
#     maximum limit for the native heap growth. Please use -XX:HeapBaseMinAddress
#     to set the Java Heap base and to place the Java Heap above 4GB virtual address.
# This output file may be truncated or incomplete.
#
#  Out of Memory Error (virtualSpaceNode.cpp:113), pid=13884, tid=13728
#
# JRE version: Java(TM) SE Runtime Environment (26.0.1+8) (build 26.0.1+8-34)
# Java VM: Java HotSpot(TM) 64-Bit Server VM (26.0.1+8-34, mixed mode, emulated-client, sharing, tiered, compressed oops, compressed class ptrs, g1 gc, windows-amd64)
# No core dump will be written. Minidumps are not enabled by default on client versions of Windows
#

---------------  S U M M A R Y ------------

Command Line: -XX:TieredStopAtLevel=1 -Dspring.output.ansi.enabled=always -javaagent:C:\Program Files\JetBrains\IntelliJ IDEA 2026.2.1\lib\idea_rt.jar=53613 -Dfile.encoding=UTF-8 -Dsun.stdout.encoding=UTF-8 -Dsun.stderr.encoding=UTF-8 com.LibraryDesk.LibraryDeskApplication

Host: Intel(R) Core(TM) i5-8350U CPU @ 1.70GHz, 8 cores, 7G,  Windows 11 , 64 bit Build 26100 (10.0.26100.9168)
Time: Fri Sep 11 19:52:20 2026 Pakistan Standard Time elapsed time: 21.988949 seconds (0d 0h 0m 21s)

---------------  T H R E A D  ---------------

Current thread (0x0000021ea865ebb0):  JavaThread "main"             [_thread_in_vm, id=13728, stack(0x0000003822a00000,0x0000003822b00000) (1024K)]

Stack: [0x0000003822a00000,0x0000003822b00000]
Native frames: (J=compiled Java code, j=interpreted, Vv=VM code, C=native code)
V  [jvm.dll+0x7d5879]  (no source info available)
V  [jvm.dll+0x7a37dd]  (no source info available)
V  [jvm.dll+0x9b0c10]  (no source info available)
V  [jvm.dll+0x9b3061]  (no source info available)
V  [jvm.dll+0x9b3773]  (no source info available)
V  [jvm.dll+0x30df76]  (no source info available)
V  [jvm.dll+0x9ad9ce]  (no source info available)
V  [jvm.dll+0x773cd4]  (no source info available)
V  [jvm.dll+0x773d3a]  (no source info available)
V  [jvm.dll+0x776626]  (no source info available)
V  [jvm.dll+0x7763b5]  (no source info available)
V  [jvm.dll+0x2aba92]  (no source info available)
V  [jvm.dll+0x7746fe]  (no source info available)
V  [jvm.dll+0x78280d]  (no source info available)
V  [jvm.dll+0x77b9ae]  (no source info available)
V  [jvm.dll+0x487461]  (no source info available)
C  0x0000021eb356bec5  (no source info available)

The last pc belongs to method entry point (kind = zerolocals) (printed below).
Java frames: (J=compiled Java code, j=interpreted, Vv=VM code)
j  sun.security.ssl.CertSignAlgsExtension$CHCertSignatureSchemesProducer.<init>()V+0 java.base@26.0.1
j  sun.security.ssl.CertSignAlgsExtension.<clinit>()V+4 java.base@26.0.1
v  ~StubRoutines::Stub Generator call_stub_stub 0x0000021eb35618e2
j  sun.security.ssl.SSLExtension.<clinit>()V+1781 java.base@26.0.1
v  ~StubRoutines::Stub Generator call_stub_stub 0x0000021eb35618e2
j  sun.security.ssl.SSLConfiguration.getEnabledExtensions(Lsun/security/ssl/SSLHandshake;Ljava/util/List;)[Lsun/security/ssl/SSLExtension;+8 java.base@26.0.1
j  sun.security.ssl.ClientHello$ClientHelloKickstartProducer.produce(Lsun/security/ssl/ConnectionContext;)[B+953 java.base@26.0.1
j  sun.security.ssl.SSLHandshake.kickstart(Lsun/security/ssl/HandshakeContext;)V+47 java.base@26.0.1
j  sun.security.ssl.ClientHandshakeContext.kickstart()V+9 java.base@26.0.1
j  sun.security.ssl.TransportContext.kickstart()V+234 java.base@26.0.1
j  sun.security.ssl.SSLSocketImpl.startHandshake(Z)V+108 java.base@26.0.1
j  sun.security.ssl.SSLSocketImpl.startHandshake()V+2 java.base@26.0.1
j  com.mysql.cj.protocol.ExportControlled.performTlsHandshake(Ljava/net/Socket;Lcom/mysql/cj/protocol/SocketConnection;Lcom/mysql/cj/ServerVersion;Lcom/mysql/cj/log/Log;)Ljava/net/Socket;+395
j  com.mysql.cj.protocol.StandardSocketFactory.performTlsHandshake(Lcom/mysql/cj/protocol/SocketConnection;Lcom/mysql/cj/protocol/ServerSession;Lcom/mysql/cj/log/Log;)Ljava/io/Closeable;+21
j  com.mysql.cj.protocol.a.NativeSocketConnection.performTlsHandshake(Lcom/mysql/cj/protocol/ServerSession;Lcom/mysql/cj/log/Log;)V+8
j  com.mysql.cj.protocol.a.NativeProtocol.negotiateSSLConnection()V+116
j  com.mysql.cj.protocol.a.NativeAuthenticationProvider.connect(Ljava/lang/String;Ljava/lang/String;Ljava/lang/String;)V+765
j  com.mysql.cj.protocol.a.NativeProtocol.connect(Ljava/lang/String;Ljava/lang/String;Ljava/lang/String;)V+11
j  com.mysql.cj.NativeSession.connect(Lcom/mysql/cj/conf/HostInfo;Ljava/lang/String;Ljava/lang/String;Ljava/lang/String;ILcom/mysql/cj/TransactionEventHandler;)V+110
j  com.mysql.cj.jdbc.ConnectionImpl.connectOneTryOnly(Z)V+32
j  com.mysql.cj.jdbc.ConnectionImpl.createNewIO(Z)V+31
j  com.mysql.cj.jdbc.ConnectionImpl.<init>(Lcom/mysql/cj/conf/HostInfo;)V+989
j  com.mysql.cj.jdbc.ConnectionImpl.getInstance(Lcom/mysql/cj/conf/HostInfo;)Lcom/mysql/cj/jdbc/JdbcConnection;+5
j  com.mysql.cj.jdbc.NonRegisteringDriver.connect(Ljava/lang/String;Ljava/util/Properties;)Ljava/sql/Connection;+72
j  com.zaxxer.hikari.util.DriverDataSource.getConnection(Ljava/lang/String;Ljava/lang/String;)Ljava/sql/Connection;+61
j  com.zaxxer.hikari.pool.PoolBase.newConnection(Z)Ljava/sql/Connection;+74
j  com.zaxxer.hikari.pool.PoolBase.newPoolEntry(Z)Lcom/zaxxer/hikari/pool/PoolEntry;+6
j  com.zaxxer.hikari.pool.HikariPool.createPoolEntry()Lcom/zaxxer/hikari/pool/PoolEntry;+13
j  com.zaxxer.hikari.pool.HikariPool.checkFailFast()V+20
j  com.zaxxer.hikari.pool.HikariPool.<init>(Lcom/zaxxer/hikari/HikariConfig;)V+163
j  com.zaxxer.hikari.HikariDataSource.getConnection()Ljava/sql/Connection;+82
j  org.hibernate.engine.jdbc.connections.internal.DataSourceConnectionProvider.getConnection()Ljava/sql/Connection;+48
j  org.hibernate.engine.jdbc.env.internal.JdbcEnvironmentInitiator$ConnectionProviderJdbcConnectionAccess.obtainConnection()Ljava/sql/Connection;+4
j  org.hibernate.resource.transaction.backend.jdbc.internal.JdbcIsolationDelegate.delegateWork(Lorg/hibernate/jdbc/WorkExecutorVisitable;Z)Ljava/lang/Object;+4
j  org.hibernate.engine.jdbc.env.internal.JdbcEnvironmentInitiator.getJdbcEnvironmentUsingJdbcMetadata(Lorg/hibernate/engine/jdbc/env/JdbcMetadataOnBoot;Ljava/util/Map;Lorg/hibernate/service/spi/ServiceRegistryImplementor;Lorg/hibernate/engine/jdbc/dialect/spi/DialectFactory;Ljava/lang/String;Ljava/lang/Integer;Ljava/lang/Integer;Ljava/lang/String;)Lorg/hibernate/engine/jdbc/env/internal/JdbcEnvironmentImpl;+115
j  org.hibernate.engine.jdbc.env.internal.JdbcEnvironmentInitiator.getJdbcEnvironment(Ljava/util/Map;Lorg/hibernate/service/spi/ServiceRegistryImplementor;Ljava/lang/String;Ljava/lang/Integer;Ljava/lang/Integer;Ljava/lang/String;)Lorg/hibernate/engine/jdbc/env/spi/JdbcEnvironment;+41
j  org.hibernate.engine.jdbc.env.internal.JdbcEnvironmentInitiator.initiateService(Ljava/util/Map;Lorg/hibernate/service/spi/ServiceRegistryImplementor;)Lorg/hibernate/engine/jdbc/env/spi/JdbcEnvironment;+101
j  org.hibernate.engine.jdbc.env.internal.JdbcEnvironmentInitiator.initiateService(Ljava/util/Map;Lorg/hibernate/service/spi/ServiceRegistryImplementor;)Lorg/hibernate/service/Service;+3
j  org.hibernate.boot.registry.internal.StandardServiceRegistryImpl.initiateService(Lorg/hibernate/service/spi/ServiceInitiator;)Lorg/hibernate/service/Service;+9
j  org.hibernate.service.internal.AbstractServiceRegistryImpl.createService(Lorg/hibernate/service/spi/ServiceBinding;)Lorg/hibernate/service/Service;+26
j  org.hibernate.service.internal.AbstractServiceRegistryImpl.initializeService(Lorg/hibernate/service/spi/ServiceBinding;)Lorg/hibernate/service/Service;+28
j  org.hibernate.service.internal.AbstractServiceRegistryImpl.getService(Ljava/lang/Class;)Lorg/hibernate/service/Service;+112
j  org.hibernate.boot.model.relational.Database.<init>(Lorg/hibernate/boot/spi/MetadataBuildingOptions;)V+10
j  org.hibernate.boot.internal.InFlightMetadataCollectorImpl.getDatabase()Lorg/hibernate/boot/model/relational/Database;+16
j  org.hibernate.boot.internal.InFlightMetadataCollectorImpl.<init>(Lorg/hibernate/boot/spi/BootstrapContext;Lorg/hibernate/boot/spi/MetadataBuildingOptions;)V+365
j  org.hibernate.boot.model.process.spi.MetadataBuildingProcess.complete(Lorg/hibernate/boot/model/process/spi/ManagedResources;Lorg/hibernate/boot/spi/BootstrapContext;Lorg/hibernate/boot/spi/MetadataBuildingOptions;)Lorg/hibernate/boot/spi/MetadataImplementor;+6
j  org.hibernate.jpa.boot.internal.EntityManagerFactoryBuilderImpl.metadata()Lorg/hibernate/boot/spi/MetadataImplementor;+30
j  org.hibernate.jpa.boot.internal.EntityManagerFactoryBuilderImpl.populateSessionFactoryBuilder()Lorg/hibernate/boot/SessionFactoryBuilder;+1
j  org.hibernate.jpa.boot.internal.EntityManagerFactoryBuilderImpl.build()Ljakarta/persistence/EntityManagerFactory;+3
j  org.springframework.orm.jpa.vendor.SpringHibernateJpaPersistenceProvider.createContainerEntityManagerFactory(Ljakarta/persistence/spi/PersistenceUnitInfo;Ljava/util/Map;)Ljakarta/persistence/EntityManagerFactory;+113
j  org.springframework.orm.jpa.LocalContainerEntityManagerFactoryBean.createNativeEntityManagerFactory()Ljakarta/persistence/EntityManagerFactory;+111
j  org.springframework.orm.jpa.AbstractEntityManagerFactoryBean.buildNativeEntityManagerFactory()Ljakarta/persistence/EntityManagerFactory;+1
j  org.springframework.orm.jpa.AbstractEntityManagerFactoryBean.afterPropertiesSet()V+234
j  org.springframework.orm.jpa.LocalContainerEntityManagerFactoryBean.afterPropertiesSet()V+238
j  org.springframework.beans.factory.support.AbstractAutowireCapableBeanFactory.invokeInitMethods(Ljava/lang/String;Ljava/lang/Object;Lorg/springframework/beans/factory/support/RootBeanDefinition;)V+56
j  org.springframework.beans.factory.support.AbstractAutowireCapableBeanFactory.initializeBean(Ljava/lang/String;Ljava/lang/Object;Lorg/springframework/beans/factory/support/RootBeanDefinition;)Ljava/lang/Object;+46
j  org.springframework.beans.factory.support.AbstractAutowireCapableBeanFactory.doCreateBean(Ljava/lang/String;Lorg/springframework/beans/factory/support/RootBeanDefinition;[Ljava/lang/Object;)Ljava/lang/Object;+228
j  org.springframework.beans.factory.support.AbstractAutowireCapableBeanFactory.createBean(Ljava/lang/String;Lorg/springframework/beans/factory/support/RootBeanDefinition;[Ljava/lang/Object;)Ljava/lang/Object;+153
j  org.springframework.beans.factory.support.AbstractBeanFactory.lambda$doGetBean$0(Ljava/lang/String;Lorg/springframework/beans/factory/support/RootBeanDefinition;[Ljava/lang/Object;)Ljava/lang/Object;+4
j  org.springframework.beans.factory.support.AbstractBeanFactory$$Lambda+0x000000002e22ab18.getObject()Ljava/lang/Object;+16
j  org.springframework.beans.factory.support.DefaultSingletonBeanRegistry.getSingleton(Ljava/lang/String;Lorg/springframework/beans/factory/ObjectFactory;)Ljava/lang/Object;+897
J 2870 c1 org.springframework.beans.factory.support.AbstractBeanFactory.doGetBean(Ljava/lang/String;Ljava/lang/Class;[Ljava/lang/Object;Z)Ljava/lang/Object; (791 bytes) @ 0x0000021eb3b4656c [0x0000021eb3b45e80+0x00000000000006ec]
J 2874 c1 org.springframework.beans.factory.support.AbstractBeanFactory.getBean(Ljava/lang/String;Ljava/lang/Class;)Ljava/lang/Object; (9 bytes) @ 0x0000021eb3b413d4 [0x0000021eb3b41380+0x0000000000000054]
j  org.springframework.context.support.AbstractApplicationContext.finishBeanFactoryInitialization(Lorg/springframework/beans/factory/config/ConfigurableListableBeanFactory;)V+226
j  org.springframework.context.support.AbstractApplicationContext.refresh()V+94
j  org.springframework.boot.web.server.servlet.context.ServletWebServerApplicationContext.refresh()V+1
j  org.springframework.boot.SpringApplication.refresh(Lorg/springframework/context/ConfigurableApplicationContext;)V+1
j  org.springframework.boot.SpringApplication.refreshContext(Lorg/springframework/context/ConfigurableApplicationContext;)V+19
j  org.springframework.boot.SpringApplication.run([Ljava/lang/String;)Lorg/springframework/context/ConfigurableApplicationContext;+113
j  org.springframework.boot.SpringApplication.run([Ljava/lang/Class;[Ljava/lang/String;)Lorg/springframework/context/ConfigurableApplicationContext;+9
j  org.springframework.boot.SpringApplication.run(Ljava/lang/Class;[Ljava/lang/String;)Lorg/springframework/context/ConfigurableApplicationContext;+9
j  com.LibraryDesk.LibraryDeskApplication.main([Ljava/lang/String;)V+3
v  ~StubRoutines::Stub Generator call_stub_stub 0x0000021eb35618e2
Lock stack of current Java thread (top to bottom):
LockStack[0]: com.zaxxer.hikari.HikariDataSource 
{0x00000000869052b8} - klass: 'com/zaxxer/hikari/HikariDataSource' - flags: 

 - ---- fields (total size 24 words):
 - private volatile 'maxPoolSize' 'I' @12  10 (0x0000000a)
 - private volatile 'connectionTimeout' 'J' @16  30000 (0x0000000000007530)
 - private volatile 'validationTimeout' 'J' @24  5000 (0x0000000000001388)
 - private volatile 'idleTimeout' 'J' @32  600000 (0x00000000000927c0)
 - private volatile 'leakDetectionThreshold' 'J' @40  0 (0x0000000000000000)
 - private volatile 'maxLifetime' 'J' @48  1800000 (0x00000000001b7740)
 - private 'initializationFailTimeout' 'J' @56  1 (0x0000000000000001)
 - private 'keepaliveTime' 'J' @64  120000 (0x000000000001d4c0)
 - private volatile 'minIdle' 'I' @72  10 (0x0000000a)
 - private 'isAutoCommit' 'Z' @76  true (0x01)
 - private 'isReadOnly' 'Z' @77  false (0x00)
 - private 'isIsolateInternalQueries' 'Z' @78  false (0x00)
 - private 'isRegisterMbeans' 'Z' @79  false (0x00)
 - private 'isAllowPoolSuspension' 'Z' @80  false (0x00)
 - private volatile 'sealed' 'Z' @81  false (0x00)
 - private volatile 'catalog' 'Ljava/lang/String;' @84  null (0x00000000)
 - private final 'credentials' 'Ljava/util/concurrent/atomic/AtomicReference;' @88  a 'java/util/concurrent/atomic/AtomicReference'{0x0000000086905378} (0x86905378)
 - private 'connectionInitSql' 'Ljava/lang/String;' @92  null (0x00000000)
 - private 'connectionTestQuery' 'Ljava/lang/String;' @96  null (0x00000000)
 - private 'credentialsProviderClassName' 'Ljava/lang/String;' @100  null (0x00000000)
 - private 'dataSourceClassName' 'Ljava/lang/String;' @104  null (0x00000000)
 - private 'dataSourceJndiName' 'Ljava/lang/String;' @108  null (0x00000000)
 - private 'driverClassName' 'Ljava/lang/String;' @112  "com.mysql.cj.jdbc.Driver"{0x00000000869053a0} (0x869053a0)
 - private 'exceptionOverrideClassName' 'Ljava/lang/String;' @116  null (0x00000000)
 - private 'exceptionOverride' 'Lcom/zaxxer/hikari/SQLExceptionOverride;' @120  null (0x00000000)
 - private 'jdbcUrl' 'Ljava/lang/String;' @124  "jdbc:mysql://localhost:3306/librarydesk"{0x0000000082fc7860} (0x82fc7860)
 - private 'poolName' 'Ljava/lang/String;' @128  "HikariPool-1"{0x0000000085925d10} (0x85925d10)
 - private 'schema' 'Ljava/lang/String;' @132  null (0x00000000)
 - private 'transactionIsolationName' 'Ljava/lang/String;' @136  null (0x00000000)
 - private 'credentialsProvider' 'Lcom/zaxxer/hikari/HikariCredentialsProvider;' @140  null (0x00000000)
 - private 'dataSource' 'Ljavax/sql/DataSource;' @144  null (0x00000000)
 - private 'dataSourceProperties' 'Ljava/util/Properties;' @148  a 'java/util/Properties'{0x00000000869053e0} (0x869053e0)
 - private 'threadFactory' 'Ljava/util/concurrent/ThreadFactory;' @152  null (0x00000000)
 - private 'scheduledExecutor' 'Ljava/util/concurrent/ScheduledExecutorService;' @156  null (0x00000000)
 - private 'metricsTrackerFactory' 'Lcom/zaxxer/hikari/metrics/MetricsTrackerFactory;' @160  null (0x00000000)
 - private 'metricRegistry' 'Ljava/lang/Object;' @164  null (0x00000000)
 - private 'healthCheckRegistry' 'Ljava/lang/Object;' @168  null (0x00000000)
 - private 'healthCheckProperties' 'Ljava/util/Properties;' @172  a 'java/util/Properties'{0x0000000086905458} (0x86905458)
 - private final 'isShutdown' 'Ljava/util/concurrent/atomic/AtomicBoolean;' @176  a 'java/util/concurrent/atomic/AtomicBoolean'{0x00000000869054d0} (0x869054d0)
 - private final 'fastPathPool' 'Lcom/zaxxer/hikari/pool/HikariPool;' @180  null (0x00000000)
 - private volatile 'pool' 'Lcom/zaxxer/hikari/pool/HikariPool;' @184  null (0x00000000)

method entry point (kind = zerolocals)  [0x0000021eb356bdc0, 0x0000021eb356c048]  648 bytes

Loading hsdis library failed, undisassembled code is shown in MachCode section
[MachCode]
  0x0000021eb356bdc0: 488b 5308 | 0fb7 4a2e | 0fb7 522c | 2bd1 81fa | f501 0000 | 0f86 2500 | 0000 488b | c248 c1e0 
  0x0000021eb356bde0: 0348 83c0 | 5849 0387 | 3805 0000 | 483b e00f | 870a 0000 | 0058 498b | e550 e9e1 | b0ff ff58 
  0x0000021eb356be00: 4c8d 74cc | f885 d27e | 0968 0000 | 0000 ffca | 7ff7 5055 | 488b ec41 | 5548 8b43 | 084c 8d68 
  0x0000021eb356be20: 3848 8b40 | 0868 0000 | 0000 5348 | 8b50 1848 | 8b52 7048 | 8b12 5268 | 0000 0000 | 488b 5010 
  0x0000021eb356be40: 5249 8bc6 | 482b c548 | c1e8 0350 | 4155 68f7 | ffff ff41 | c687 ca04 | 0000 0148 | 8b43 1848 
  0x0000021eb356be60: 85c0 0f85 | b000 0000 | e805 0000 | 00e9 9900 | 0000 488b | d348 8d44 | 2408 4c89 | 6dc0 498b 
  0x0000021eb356be80: cfc5 f877 | 4989 af20 | 0400 0049 | 8987 1004 | 0000 4883 | ec20 40f6 | c40f 0f84 | 1900 0000 
  0x0000021eb356bea0: 4883 ec08 | 48b8 4074 | 6e4c f87f | 0000 ffd0 | 4883 c408 | e90c 0000 | 0048 b840 | 746e 4cf8 
  0x0000021eb356bec0: 7f00 00ff | d048 83c4 | 2049 c787 | 1004 0000 | 0000 0000 | 49c7 8720 | 0400 0000 | 0000 0049 
  0x0000021eb356bee0: c787 1804 | 0000 0000 | 0000 c5f8 | 7749 837f | 0800 0f84 | 0500 0000 | e9e3 58ff | ff4c 8b6d 
  0x0000021eb356bf00: c04c 8b75 | c84e 8d74 | f500 c348 | 8b43 1848 | 85c0 0f84 | 1200 0000 | 8b48 0883 | c102 8948 
  0x0000021eb356bf20: 0823 482c | 0f84 7000 | 0000 493b | a750 0500 | 000f 8748 | 0000 0089 | 8424 00f0 | ffff 8984 
  0x0000021eb356bf40: 2400 e0ff | ff89 8424 | 00d0 ffff | 8984 2400 | c0ff ff89 | 8424 00b0 | ffff 8984 | 2400 a0ff 
  0x0000021eb356bf60: ff89 8424 | 0090 ffff | 8984 2400 | 80ff ff49 | 3ba7 4805 | 0000 7607 | 4989 a750 | 0500 0041 
  0x0000021eb356bf80: c687 ca04 | 0000 0041 | 0fb6 5d00 | 49ba 4072 | 054d f87f | 0000 41ff | 24da ba00 | 0000 00e8 
  0x0000021eb356bfa0: 0500 0000 | e996 0000 | 0048 8d44 | 2408 4c89 | 6dc0 498b | cfc5 f877 | 4989 af20 | 0400 0049 
  0x0000021eb356bfc0: 8987 1004 | 0000 4883 | ec20 40f6 | c40f 0f84 | 1900 0000 | 4883 ec08 | 48b8 9083 | 6e4c f87f 
  0x0000021eb356bfe0: 0000 ffd0 | 4883 c408 | e90c 0000 | 0048 b890 | 836e 4cf8 | 7f00 00ff | d048 83c4 | 2049 c787 
  0x0000021eb356c000: 1004 0000 | 0000 0000 | 49c7 8720 | 0400 0000 | 0000 0049 | c787 1804 | 0000 0000 | 0000 c5f8 
  0x0000021eb356c020: 7749 837f | 0800 0f84 | 0500 0000 | e9af 57ff | ff4c 8b6d | c04c 8b75 | c84e 8d74 | f500 c348 
  0x0000021eb356c040: 8b5d e8e9 | e2fe ffff 
[/MachCode]

Compiled method (c1) 23348 2870   !   1       org.springframework.beans.factory.support.AbstractBeanFactory::doGetBean (791 bytes)
 total in heap  [0x0000021eb3b45d88,0x0000021eb3b48358] = 9680
 main code      [0x0000021eb3b45e80,0x0000021eb3b47ed0] = 8272
 stub code      [0x0000021eb3b47ed0,0x0000021eb3b48308] = 1080
 oops           [0x0000021eb3b48308,0x0000021eb3b48358] = 80
 mutable data [0x0000021ec0526990,0x0000021ec0527158] = 1992
 relocation     [0x0000021ec0526990,0x0000021ec0526f08] = 1400
 metadata       [0x0000021ec0526f08,0x0000021ec0527158] = 592
 immutable data [0x0000021ec0530ee0,0x0000021ec05334cc] = 9708
 dependencies   [0x0000021ec0530ee0,0x0000021ec0530fe0] = 256
 nul chk table  [0x0000021ec0530fe0,0x0000021ec05310b0] = 208
 handler table  [0x0000021ec05310b0,0x0000021ec0531cb0] = 3072
 scopes pcs     [0x0000021ec0531cb0,0x0000021ec0532590] = 2272
 scopes data    [0x0000021ec0532590,0x0000021ec05334c8] = 3896

[Constant Pool (empty)]


Loading hsdis library failed, undisassembled code is shown in MachCode section
[MachCode]
[Instructions begin]
  0x0000021eb3b45e80: 6666 660f | 1f84 0000 | 0000 0066 | 6666 9066 | 6690 448b | 5208 443b 

  0x0000021eb3b45e98: ;   {runtime_call Shared Runtime ic_miss_blob}
  0x0000021eb3b45e98: 5008 0f85 | 408f a6ff 
[Verified Entry Point]
  0x0000021eb3b45ea0: 8984 2400 | 80ff ff55 | 4881 ec30 | 0200 0090 | 4181 7f20 | 0800 0000 

  0x0000021eb3b45eb8: ;   {runtime_call Stub::Stub Generator method_entry_barrier_stub}
  0x0000021eb3b45eb8: 7405 e8c1 | e1a4 ff48 | 8994 24d0 | 0000 004c | 8984 24f0 | 0000 004c | 898c 24e8 | 0000 0048 
  0x0000021eb3b45ed8: 89bc 24d8 | 0000 0089 | b424 e000 | 0000 498b | d066 0f1f 

  0x0000021eb3b45eec: ;   {static_call}
  0x0000021eb3b45eec: 4400 00e8 

  0x0000021eb3b45ef0: ; ImmutableOopMap {[208]=Oop [216]=Oop [232]=Oop [240]=Oop }
                      ;*invokestatic transformedBeanName {reexecute=0 rethrow=0 return_oop=0}
                      ; - org.springframework.beans.factory.support.AbstractBeanFactory::transformedBeanName@2 (line 1272)
                      ; - org.springframework.beans.factory.support.AbstractBeanFactory::doGetBean@2 (line 240)
  0x0000021eb3b45ef0: 0cad f9ff 

  0x0000021eb3b45ef4: ;   {post_call_nop}
  0x0000021eb3b45ef4: 0f1f 8400 | 6c01 0000 | e927 0000 | 000f 1f80 | 0000 0000 | 488b 8424 | f800 0000 | e903 0000 
  0x0000021eb3b45f14: 0049 8bc0 

  0x0000021eb3b45f18: ; ImmutableOopMap {r8=Oop rax=Oop [208]=Oop [216]=Oop [232]=Oop [240]=Oop }
                      ;*ifnonnull {reexecute=1 rethrow=0 return_oop=0}
                      ; - (reexecute) org.springframework.core.SimpleAliasRegistry::canonicalName@23 (line 234)
                      ; - org.springframework.beans.factory.support.AbstractBeanFactory::transformedBeanName@5 (line 1272)
                      ; - org.springframework.beans.factory.support.AbstractBeanFactory::doGetBean@2 (line 240)
  0x0000021eb3b45f18: 4d8b 5730 

  0x0000021eb3b45f1c: ;   {poll}
  0x0000021eb3b45f1c: 4185 024d | 85c0 0f84 | 7300 0000 | 488b 9424 | d000 0000 | 8b72 104c | 8bc0 488b | d648 8984 
  0x0000021eb3b45f3c: 24f8 0000 | 000f 1f40 | 0048 b860 | 7152 c01e 

  0x0000021eb3b45f4c: ;   {virtual_call}
  0x0000021eb3b45f4c: 0200 00e8 

  0x0000021eb3b45f50: ; ImmutableOopMap {[208]=Oop [216]=Oop [232]=Oop [240]=Oop [248]=Oop }
                      ;*invokeinterface get {reexecute=0 rethrow=0 return_oop=0}
                      ; - org.springframework.core.SimpleAliasRegistry::canonicalName@7 (line 229)
                      ; - org.springframework.beans.factory.support.AbstractBeanFactory::transformedBeanName@5 (line 1272)
                      ; - org.springframework.beans.factory.support.AbstractBeanFactory::doGetBean@2 (line 240)
  0x0000021eb3b45f50: bed1 b3ff 

  0x0000021eb3b45f54: ;   {post_call_nop}
  0x0000021eb3b45f54: 0f1f 8400 | cc01 0002 | 4885 c00f | 8425 0000 

  0x0000021eb3b45f64: ;   {metadata('java/lang/String')}
  0x0000021eb3b45f64: 0048 be28 | af18 2d00 | 0000 0044 | 8b48 0841 | ba00 0000 | 2d4d 03ca | 493b f10f | 85d4 1a00 
  0x0000021eb3b45f84: 00e9 0000 | 0000 4c8b | c04d 85c0 | 0f84 72ff | ffff e97a | ffff ff4c | 8bc0 41b9 | 0100 0000 
  0x0000021eb3b45fa4: 488b 9424 | d000 0000 | 4889 8424 | 0001 0000 

  0x0000021eb3b45fb4: ;   {optimized virtual_call}
  0x0000021eb3b45fb4: 6666 90e8 

  0x0000021eb3b45fb8: ; ImmutableOopMap {[208]=Oop [216]=Oop [232]=Oop [240]=Oop [256]=Oop }
                      ;*invokevirtual getSingleton {reexecute=0 rethrow=0 return_oop=0}
                      ; - org.springframework.beans.factory.support.DefaultSingletonBeanRegistry::getSingleton@3 (line 197)
                      ; - org.springframework.beans.factory.support.AbstractBeanFactory::doGetBean@10 (line 244)
  0x0000021eb3b45fb8: 64d0 f9ff 

  0x0000021eb3b45fbc: ;   {post_call_nop}
  0x0000021eb3b45fbc: 0f1f 8400 | 3402 0003 | 4885 c00f | 8411 0000 | 0048 8bbc | 24d8 0000 | 0048 85ff | 0f84 180b 
  0x0000021eb3b45fdc: 0000 4c8b | 8424 0001 | 0000 488b | 9424 d000 

  0x0000021eb3b45fec: ;   {optimized virtual_call}
  0x0000021eb3b45fec: 0000 90e8 

  0x0000021eb3b45ff0: ; ImmutableOopMap {[208]=Oop [216]=Oop [232]=Oop [240]=Oop [256]=Oop }
                      ;*invokevirtual isPrototypeCurrentlyInCreation {reexecute=0 rethrow=0 return_oop=0}
                      ; - org.springframework.beans.factory.support.AbstractBeanFactory::doGetBean@99 (line 261)
  0x0000021eb3b45ff0: 011f 0000 

  0x0000021eb3b45ff4: ;   {post_call_nop}
  0x0000021eb3b45ff4: 0f1f 8400 | 6c02 0004 | 85c0 0f85 | cd14 0000 | 488b 9424 | d000 0000 | 8b72 6848 | 89b4 2408 
  0x0000021eb3b46014: 0100 0048 | 85f6 0f84 | 4700 0000 | 488b 8424 | 0001 0000 | 4885 c00f | 8413 1400 | 008b bae8 
  0x0000021eb3b46034: 0000 004c | 8bc0 488b | d748 8984 | 2400 0100 | 0048 b888 | 7152 c01e 

  0x0000021eb3b4604c: ;   {virtual_call}
  0x0000021eb3b4604c: 0200 00e8 

  0x0000021eb3b46050: ; ImmutableOopMap {[208]=Oop [216]=Oop [232]=Oop [240]=Oop [256]=Oop [264]=Oop }
                      ;*invokeinterface containsKey {reexecute=0 rethrow=0 return_oop=0}
                      ; - org.springframework.beans.factory.support.DefaultListableBeanFactory::containsBeanDefinition@11 (line 414)
                      ; - org.springframework.beans.factory.support.AbstractBeanFactory::doGetBean@129 (line 267)
  0x0000021eb3b46050: 8c93 a6ff 

  0x0000021eb3b46054: ;   {post_call_nop}
  0x0000021eb3b46054: 0f1f 8400 | cc02 0005 | 83e0 0185 | c00f 84f1 | 0800 008b | b424 e000 | 0000 85f6 | 0f85 1e00 
  0x0000021eb3b46074: 0000 4c8b | 8424 0001 | 0000 488b | 9424 d000 

  0x0000021eb3b46084: ;   {optimized virtual_call}
  0x0000021eb3b46084: 0000 90e8 

  0x0000021eb3b46088: ; ImmutableOopMap {[208]=Oop [216]=Oop [232]=Oop [240]=Oop [256]=Oop }
                      ;*invokevirtual markBeanAsCreated {reexecute=0 rethrow=0 return_oop=0}
                      ; - org.springframework.beans.factory.support.AbstractBeanFactory::doGetBean@217 (line 287)
  0x0000021eb3b46088: 891e 0000 

  0x0000021eb3b4608c: ;   {post_call_nop}
  0x0000021eb3b4608c: 0f1f 8400 | 0403 0006 | 4c8b 8c24 | e800 0000 | 488b 9424 | d000 0000 | 448b 829c | 0000 004d 
  0x0000021eb3b460ac: 85c0 0f84 | 2600 0000 

  0x0000021eb3b460b4: ;   {metadata('org/springframework/core/metrics/DefaultApplicationStartup')}
  0x0000021eb3b460b4: 48b8 3868 | 072e 0000 | 0000 418b | 5808 41ba | 0000 002d | 4903 da48 | 3b43 380f | 858d 1900 
  0x0000021eb3b460d4: 00e9 0000 | 0000 498b | f049 3b00 | 4d85 c90f | 846c 0000 | 004d 85c9 | 0f84 ca12 

  0x0000021eb3b460f0: ;   {oop(a 'java/lang/Class'{0x0000000082e660a0} = 'org/springframework/beans/factory/support/AbstractBeanFactory$$Lambda+0x000000002e22a088')}
  0x0000021eb3b460f0: 0000 49b8 | a060 e682 | 0000 0000 

  0x0000021eb3b460fc: ;   {oop(a 'jdk/internal/misc/Unsafe'{0x0000000082a18f30})}
  0x0000021eb3b460fc: 48ba 308f | a182 0000 

  0x0000021eb3b46104: ;   {optimized virtual_call}
  0x0000021eb3b46104: 0000 90e8 

  0x0000021eb3b46108: ; ImmutableOopMap {[208]=Oop [216]=Oop [232]=Oop [240]=Oop [256]=Oop }
                      ;*invokevirtual allocateInstance {reexecute=0 rethrow=0 return_oop=0}
                      ; - java.lang.invoke.DirectMethodHandle::allocateInstance@12 (line 503)
                      ; - java.lang.invoke.DirectMethodHandle$Holder::newInvokeSpecial@1
                      ; - java.lang.invoke.Invokers$Holder::linkToTargetMethod@5
                      ; - org.springframework.beans.factory.support.AbstractBeanFactory::doGetBean@255 (line 294)
  0x0000021eb3b46108: 8451 cbff 

  0x0000021eb3b4610c: ;   {post_call_nop}
  0x0000021eb3b4610c: 0f1f 8400 | 8403 0007 | 450f be47 | 4845 85c0 | 0f85 4a19 | 0000 4c8b | 8c24 e800 | 0000 4d8b 
  0x0000021eb3b4612c: d144 8950 | 0c48 8bd0 | 4933 d148 | c1ea 1474 | 184d 85c9 | 7413 488b | d048 c1ea | 0949 0357 
  0x0000021eb3b4614c: 5080 3aff | 7503 c602 | 004c 8b84 | 2400 0100 | 0048 8b94 | 24d0 0000 

  0x0000021eb3b46164: ;   {optimized virtual_call}
  0x0000021eb3b46164: 0066 90e8 

  0x0000021eb3b46168: ; ImmutableOopMap {[208]=Oop [216]=Oop [232]=Oop [240]=Oop [256]=Oop }
                      ;*invokevirtual getMergedLocalBeanDefinition {reexecute=0 rethrow=0 return_oop=0}
                      ; - org.springframework.beans.factory.support.AbstractBeanFactory::doGetBean@269 (line 296)
  0x0000021eb3b46168: 3452 0400 

  0x0000021eb3b4616c: ;   {post_call_nop}
  0x0000021eb3b4616c: 0f1f 8400 | e403 0008 | 4889 8424 | 1001 0000 | 4c8b c04c | 8b8c 2400 | 0100 0048 | 8bbc 24d8 
  0x0000021eb3b4618c: 0000 0048 | 8b94 24d0 

  0x0000021eb3b46194: ;   {optimized virtual_call}
  0x0000021eb3b46194: 0000 00e8 

  0x0000021eb3b46198: ; ImmutableOopMap {[208]=Oop [216]=Oop [232]=Oop [240]=Oop [256]=Oop [272]=Oop }
                      ;*invokevirtual checkMergedBeanDefinition {reexecute=0 rethrow=0 return_oop=0}
                      ; - org.springframework.beans.factory.support.AbstractBeanFactory::doGetBean@280 (line 297)
  0x0000021eb3b46198: 991d 0000 

  0x0000021eb3b4619c: ;   {post_call_nop}
  0x0000021eb3b4619c: 0f1f 8400 | 1404 0009 | 488b 8424 | 1001 0000 

  0x0000021eb3b461ac: ; implicit exception: dispatches to 0x0000021eb3b47a8c
  0x0000021eb3b461ac: 8b70 2048 | 89b4 2428 | 0100 0048 | 85f6 0f84 | e301 0000 

  0x0000021eb3b461c0: ; implicit exception: dispatches to 0x0000021eb3b47a91
  0x0000021eb3b461c0: 8b5e 0c89 | 9c24 2001 | 0000 b900 | 0000 00e9 | a701 0000 | 0f1f 4000 | 4c63 c146 | 8b6c 8610 
  0x0000021eb3b461e0: 448b 7258 | 4c8d 8424 | 1802 0000 | 488b f84d | 8970 0849 | 8b06 458b | 8fc8 0600 | 0041 81f9 
  0x0000021eb3b46200: 1807 0000 | 0f8d 9118 | 0000 4f3b | 740f f80f | 8425 0000 | 00a8 020f | 857e 1800 | 004c 8bc8 
  0x0000021eb3b46220: 4983 e1fe | 4883 c801 | f04d 0fb1 | 0e0f 8568 | 1800 0045 | 8b8f c806 | 0000 4f89 | 340f 4183 
  0x0000021eb3b46240: c108 4589 | 8fc8 0600 | 004c 8bc7 | 4d8b cd48 | 89bc 2400 

  0x0000021eb3b46254: ;   {oop(nullptr)}
  0x0000021eb3b46254: 0100 0048 | bf00 0000 | 0000 0000 | 0048 8b94 | 24d0 0000 | 004c 89b4 | 2430 0100 | 0089 8c24 
  0x0000021eb3b46274: e400 0000 | 4c89 ac24 | 1801 0000 | 0f1f 8000 

  0x0000021eb3b46284: ;   {optimized virtual_call}
  0x0000021eb3b46284: 0000 00e8 

  0x0000021eb3b46288: ; ImmutableOopMap {[208]=Oop [216]=Oop [232]=Oop [240]=Oop [256]=Oop [272]=Oop [280]=Oop [296]=Oop [304]=Oop [544]=Oop }
                      ;*invokevirtual isDependent {reexecute=0 rethrow=0 return_oop=0}
                      ; - org.springframework.beans.factory.support.DefaultSingletonBeanRegistry::isDependent@11 (line 626)
                      ; - org.springframework.beans.factory.support.AbstractBeanFactory::doGetBean@326 (line 303)
  0x0000021eb3b46288: d61f 0000 

  0x0000021eb3b4628c: ;   {post_call_nop}
  0x0000021eb3b4628c: 0f1f 8400 | 0405 000a | 4c8b c048 | 8d84 2418 | 0200 0048 | 8b50 0845 | 8b8f c806 | 0000 4b3b 
  0x0000021eb3b462ac: 540f f80f | 85f9 1700 | 0041 83af | c806 0000 | 084b 3b54 | 0ff0 0f84 | 2a00 0000 | 488b 02a8 
  0x0000021eb3b462cc: 020f 8512 | 0000 004c | 8bc8 4983 | c901 f04c | 0fb1 0a0f | 840d 0000 | 0041 8387 | c806 0000 
  0x0000021eb3b462ec: 08e9 bc17 | 0000 4183 | e001 4585 | c00f 85d3 | 0500 004c | 8b84 2418 | 0100 004c | 8b8c 2400 
  0x0000021eb3b4630c: 0100 0048 | 8b94 24d0 

  0x0000021eb3b46314: ;   {optimized virtual_call}
  0x0000021eb3b46314: 0000 00e8 

  0x0000021eb3b46318: ; ImmutableOopMap {[208]=Oop [216]=Oop [232]=Oop [240]=Oop [256]=Oop [272]=Oop [280]=Oop [296]=Oop }
                      ;*invokevirtual registerDependentBean {reexecute=0 rethrow=0 return_oop=0}
                      ; - org.springframework.beans.factory.support.AbstractBeanFactory::doGetBean@361 (line 307)
  0x0000021eb3b46318: 291c 0000 

  0x0000021eb3b4631c: ;   {post_call_nop}
  0x0000021eb3b4631c: 0f1f 8400 | 9405 000b | 4c8b 8424 | 1801 0000 

  0x0000021eb3b4632c: ;   {oop(nullptr)}
  0x0000021eb3b4632c: 49b9 0000 | 0000 0000 

  0x0000021eb3b46334: ;   {oop(nullptr)}
  0x0000021eb3b46334: 0000 48bf | 0000 0000 | 0000 0000 | be00 0000 | 0048 8b94 | 24d0 0000 

  0x0000021eb3b4634c: ;   {optimized virtual_call}
  0x0000021eb3b4634c: 0066 90e8 

  0x0000021eb3b46350: ; ImmutableOopMap {[208]=Oop [216]=Oop [232]=Oop [240]=Oop [256]=Oop [272]=Oop [280]=Oop [296]=Oop }
                      ;*invokevirtual doGetBean {reexecute=0 rethrow=0 return_oop=0}
                      ; - org.springframework.beans.factory.support.AbstractBeanFactory::getBean@5 (line 196)
                      ; - org.springframework.beans.factory.support.AbstractBeanFactory::doGetBean@367 (line 309)
  0x0000021eb3b46350: 4cfb ffff 

  0x0000021eb3b46354: ;   {post_call_nop}
  0x0000021eb3b46354: 0f1f 8400 | cc05 000c | 8b8c 24e4 | 0000 00ff | c14d 8b57 

  0x0000021eb3b46368: ; ImmutableOopMap {[208]=Oop [216]=Oop [232]=Oop [240]=Oop [256]=Oop [272]=Oop [280]=Oop [296]=Oop }
                      ;*goto {reexecute=1 rethrow=0 return_oop=0}
                      ; - (reexecute) org.springframework.beans.factory.support.AbstractBeanFactory::doGetBean@452 (line 302)
                      ;   {poll}
  0x0000021eb3b46368: 3041 8502 | 8b9c 2420 | 0100 0048 | 8bb4 2428 | 0100 0048 | 8b84 2400 | 0100 0048 | 8b94 24d0 
  0x0000021eb3b46388: 0000 003b | cb0f 8c45 | feff ff48 | 8984 2400 | 0100 0048 | 8b84 2410 | 0100 0044 

  0x0000021eb3b463a4: ;   {oop("singleton"{0x00000000ffd9d4e8})}
  0x0000021eb3b463a4: 8b40 1848 | bae8 d4d9 | ff00 0000 | 0066 0f1f 

  0x0000021eb3b463b4: ;   {optimized virtual_call}
  0x0000021eb3b463b4: 4400 00e8 

  0x0000021eb3b463b8: ; ImmutableOopMap {[208]=Oop [216]=Oop [232]=Oop [240]=Oop [256]=Oop [272]=Oop }
                      ;*invokevirtual equals {reexecute=0 rethrow=0 return_oop=0}
                      ; - org.springframework.beans.factory.support.AbstractBeanDefinition::isSingleton@7 (line 533)
                      ; - org.springframework.beans.factory.support.AbstractBeanFactory::doGetBean@457 (line 330)
  0x0000021eb3b463b8: 642d b2ff 

  0x0000021eb3b463bc: ;   {post_call_nop}
  0x0000021eb3b463bc: 0f1f 8400 | 3406 000e | 85c0 0f85 | 3d00 0000 | 488b 8424 | 1001 0000 | 448b 4018 

  0x0000021eb3b463d8: ;   {oop(""{0x00000000ffe04540})}
  0x0000021eb3b463d8: 48ba 4045 | e0ff 0000 | 0000 0f1f 

  0x0000021eb3b463e4: ;   {optimized virtual_call}
  0x0000021eb3b463e4: 4400 00e8 

  0x0000021eb3b463e8: ; ImmutableOopMap {[208]=Oop [216]=Oop [232]=Oop [240]=Oop [256]=Oop [272]=Oop }
                      ;*invokevirtual equals {reexecute=0 rethrow=0 return_oop=0}
                      ; - org.springframework.beans.factory.support.AbstractBeanDefinition::isSingleton@19 (line 533)
                      ; - org.springframework.beans.factory.support.AbstractBeanFactory::doGetBean@457 (line 330)
  0x0000021eb3b463e8: f48c a6ff 

  0x0000021eb3b463ec: ;   {post_call_nop}
  0x0000021eb3b463ec: 0f1f 8400 | 6406 000f | 85c0 41b8 | 0000 0000 | 7406 41b8 | 0100 0000 | e906 0000 | 0041 b801 
  0x0000021eb3b4640c: 0000 0041 | 83e0 0145 | 85c0 0f84 | 9501 0000 

  0x0000021eb3b4641c: ;   {oop(a 'java/lang/Class'{0x0000000082e65f00} = 'org/springframework/beans/factory/support/AbstractBeanFactory$$Lambda+0x000000002e22ab18')}
  0x0000021eb3b4641c: 49b8 005f | e682 0000 

  0x0000021eb3b46424: ;   {oop(a 'jdk/internal/misc/Unsafe'{0x0000000082a18f30})}
  0x0000021eb3b46424: 0000 48ba | 308f a182 | 0000 0000 | 0f1f 8000 

  0x0000021eb3b46434: ;   {optimized virtual_call}
  0x0000021eb3b46434: 0000 00e8 

  0x0000021eb3b46438: ; ImmutableOopMap {[208]=Oop [216]=Oop [232]=Oop [240]=Oop [256]=Oop [272]=Oop }
                      ;*invokevirtual allocateInstance {reexecute=0 rethrow=0 return_oop=0}
                      ; - java.lang.invoke.DirectMethodHandle::allocateInstance@12 (line 503)
                      ; - java.lang.invoke.LambdaForm$DMH/0x000000002e0a4000::newInvokeSpecial@1
                      ; - java.lang.invoke.Invokers$Holder::linkToTargetMethod@9
                      ; - org.springframework.beans.factory.support.AbstractBeanFactory::doGetBean@472 (line 331)
  0x0000021eb3b46438: 544e cbff 

  0x0000021eb3b4643c: ;   {post_call_nop}
  0x0000021eb3b4643c: 0f1f 8400 | b406 0010 | 450f be47 | 4845 85c0 | 0f85 7216 | 0000 488b | 9424 d000 | 0000 4c8b 
  0x0000021eb3b4645c: d244 8950 | 0c4c 8bc8 | 4c33 ca49 | c1e9 1474 | 1a48 85d2 | 7415 4c8b | c849 c1e9 | 094d 034f 
  0x0000021eb3b4647c: 5041 8039 | ff75 0441 | c601 0045 | 0fbe 4748 | 4585 c00f | 854f 1600 | 0048 8bb4 | 2400 0100 
  0x0000021eb3b4649c: 004c 8bd6 | 4489 5010 | 4c8b c84c | 33ce 49c1 | e914 741a | 4885 f674 | 154c 8bc8 | 49c1 e909 
  0x0000021eb3b464bc: 4d03 4f50 | 4180 39ff | 7504 41c6 | 0100 450f | be47 4845 | 85c0 0f85 | 2716 0000 | 488b bc24 
  0x0000021eb3b464dc: 1001 0000 | 4c8b d744 | 8950 144c | 8bc8 4c33 | cf49 c1e9 | 1474 1a48 | 85ff 7415 | 4c8b c849 
  0x0000021eb3b464fc: c1e9 094d | 034f 5041 | 8039 ff75 | 0441 c601 | 0045 0fbe | 4748 4585 | c00f 85ff | 1500 0048 
  0x0000021eb3b4651c: 8b9c 24d8 | 0000 004c | 8bd3 4489 | 5018 4c8b | c84c 33cb | 49c1 e914 | 741a 4885 

  0x0000021eb3b46538: ;   {other}
  0x0000021eb3b46538: db74 154c | 8bc8 49c1 | e909 4d03 | 4f50 4180 | 39ff 7504 | 41c6 0100 | 4c8b c64c | 8bc8 488b 
  0x0000021eb3b46558: da48 8bd3 | 4889 b424 | 0001 0000 

  0x0000021eb3b46564: ;   {optimized virtual_call}
  0x0000021eb3b46564: 6666 90e8 

  0x0000021eb3b46568: ; ImmutableOopMap {[208]=Oop [232]=Oop [240]=Oop [256]=Oop [272]=Oop }
                      ;*invokevirtual getSingleton {reexecute=0 rethrow=0 return_oop=0}
                      ; - org.springframework.beans.factory.support.AbstractBeanFactory::doGetBean@477 (line 331)
  0x0000021eb3b46568: f919 0000 

  0x0000021eb3b4656c: ;   {post_call_nop}
  0x0000021eb3b4656c: 0f1f 8400 | e407 0011 | 4c8b c04c | 8b8c 24e8 | 0000 0048 | 8bbc 24f0 | 0000 0048 | 8bb4 2400 
  0x0000021eb3b4658c: 0100 0048 | 8b8c 2410 | 0100 0048 | 8b94 24d0 

  0x0000021eb3b4659c: ;   {optimized virtual_call}
  0x0000021eb3b4659c: 0000 00e8 

  0x0000021eb3b465a0: ; ImmutableOopMap {[208]=Oop [232]=Oop [240]=Oop [256]=Oop }
                      ;*invokevirtual getObjectForBeanInstance {reexecute=0 rethrow=0 return_oop=0}
                      ; - org.springframework.beans.factory.support.AbstractBeanFactory::doGetBean@491 (line 343)
  0x0000021eb3b465a0: fcaa ffff 

  0x0000021eb3b465a4: ;   {post_call_nop}
  0x0000021eb3b465a4: 0f1f 8400 | 1c08 0012 | e983 0200 | 0048 8b84 | 2410 0100 | 0044 8b40 

  0x0000021eb3b465bc: ;   {oop("prototype"{0x00000000ffd9d4b0})}
  0x0000021eb3b465bc: 1848 bab0 | d4d9 ff00 

  0x0000021eb3b465c4: ;   {optimized virtual_call}
  0x0000021eb3b465c4: 0000 00e8 

  0x0000021eb3b465c8: ; ImmutableOopMap {[208]=Oop [216]=Oop [232]=Oop [240]=Oop [256]=Oop [272]=Oop }
                      ;*invokevirtual equals {reexecute=0 rethrow=0 return_oop=0}
                      ; - org.springframework.beans.factory.support.AbstractBeanDefinition::isPrototype@7 (line 542)
                      ; - org.springframework.beans.factory.support.AbstractBeanFactory::doGetBean@501 (line 346)
  0x0000021eb3b465c8: 148b a6ff 

  0x0000021eb3b465cc: ;   {post_call_nop}
  0x0000021eb3b465cc: 0f1f 8400 | 4408 0013 | 83e0 0185 | c00f 84ba | 0000 004c | 8b84 2400 | 0100 0048 | 8b94 24d0 
  0x0000021eb3b465ec: ;   {optimized virtual_call}
  0x0000021eb3b465ec: 0000 00e8 

  0x0000021eb3b465f0: ; ImmutableOopMap {[208]=Oop [216]=Oop [232]=Oop [240]=Oop [256]=Oop [272]=Oop }
                      ;*invokevirtual beforePrototypeCreation {reexecute=0 rethrow=0 return_oop=0}
                      ; - org.springframework.beans.factory.support.AbstractBeanFactory::doGetBean@513 (line 350)
  0x0000021eb3b465f0: ec8a a6ff 

  0x0000021eb3b465f4: ;   {post_call_nop}
  0x0000021eb3b465f4: 0f1f 8400 | 6c08 0014 | 4c8b 8424 | 0001 0000 | 4c8b 8c24 | 1001 0000 | 488b bc24 | d800 0000 
  0x0000021eb3b46614: 488b 9424 | d000 0000 

  0x0000021eb3b4661c: ;   {optimized virtual_call}
  0x0000021eb3b4661c: 6666 90e8 

  0x0000021eb3b46620: ; ImmutableOopMap {[208]=Oop [232]=Oop [240]=Oop [256]=Oop [272]=Oop }
                      ;*invokevirtual createBean {reexecute=0 rethrow=0 return_oop=0}
                      ; - org.springframework.beans.factory.support.AbstractBeanFactory::doGetBean@522 (line 351)
  0x0000021eb3b46620: bc8a a6ff 

  0x0000021eb3b46624: ;   {post_call_nop}
  0x0000021eb3b46624: 0f1f 8400 | 9c08 0015 | 4c8b 8424 | 0001 0000 | 488b 9424 | d000 0000 | 4889 8424 | 3801 0000 
  0x0000021eb3b46644: ;   {optimized virtual_call}
  0x0000021eb3b46644: 6666 90e8 

  0x0000021eb3b46648: ; ImmutableOopMap {[208]=Oop [232]=Oop [240]=Oop [256]=Oop [272]=Oop [312]=Oop }
                      ;*invokevirtual afterPrototypeCreation {reexecute=0 rethrow=0 return_oop=0}
                      ; - org.springframework.beans.factory.support.AbstractBeanFactory::doGetBean@530 (line 354)
  0x0000021eb3b46648: 948a a6ff 

  0x0000021eb3b4664c: ;   {post_call_nop}
  0x0000021eb3b4664c: 0f1f 8400 | c408 0016 | 4c8b 8424 | 3801 0000 | 4c8b 8c24 | e800 0000 | 488b bc24 | f000 0000 
  0x0000021eb3b4666c: 488b b424 | 0001 0000 | 488b 8c24 | 1001 0000 | 488b 9424 | d000 0000 

  0x0000021eb3b46684: ;   {optimized virtual_call}
  0x0000021eb3b46684: 6666 90e8 

  0x0000021eb3b46688: ; ImmutableOopMap {[208]=Oop [232]=Oop [240]=Oop [256]=Oop }
                      ;*invokevirtual getObjectForBeanInstance {reexecute=0 rethrow=0 return_oop=0}
                      ; - org.springframework.beans.factory.support.AbstractBeanFactory::doGetBean@556 (line 356)
  0x0000021eb3b46688: 548a a6ff 

  0x0000021eb3b4668c: ;   {post_call_nop}
  0x0000021eb3b4668c: 0f1f 8400 | 0409 0017 | e99b 0100 | 0048 8b84 | 2410 0100 | 008b 7018 | 4885 f60f | 8433 0000 
  0x0000021eb3b466ac: 0044 8b46 | 1445 8b40 | 0c45 85c0 | 41b8 0000 | 0000 7506 | 41b8 0100 | 0000 4183 | e001 4585 
  0x0000021eb3b466cc: c041 b800 | 0000 0075 | 0641 b801 | 0000 00e9 | 0600 0000 | 41b8 0000 | 0000 4183 | e001 4585 
  0x0000021eb3b466ec: c00f 8419 | 0c00 0048 | 8b94 24d0 | 0000 008b | ba98 0000 | 004c 8bc6 | 488b d748 | 89b4 2440 
  0x0000021eb3b4670c: 0100 0066 | 0f1f 4400 | 0048 b8b0 | 7152 c01e 

  0x0000021eb3b4671c: ;   {virtual_call}
  0x0000021eb3b4671c: 0200 00e8 

  0x0000021eb3b46720: ; ImmutableOopMap {[208]=Oop [216]=Oop [232]=Oop [240]=Oop [256]=Oop [272]=Oop [320]=Oop }
                      ;*invokeinterface get {reexecute=0 rethrow=0 return_oop=0}
                      ; - org.springframework.beans.factory.support.AbstractBeanFactory::doGetBean@600 (line 364)
  0x0000021eb3b46720: bc8c a6ff 

  0x0000021eb3b46724: ;   {post_call_nop}
  0x0000021eb3b46724: 0f1f 8400 | 9c09 0018 | 4885 c00f | 8445 0000 

  0x0000021eb3b46734: ;   {metadata('org/springframework/beans/factory/config/Scope')}
  0x0000021eb3b46734: 0049 b9f8 | 5e21 2e00 | 0000 0044 | 8b40 0841 | ba00 0000 | 2d4d 03c2 | 4d3b 4820 | 0f84 2400 
  0x0000021eb3b46754: 0000 4d3b | c10f 841b | 0000 0041 

  0x0000021eb3b46760: ;   {runtime_call C1 Runtime slow_subtype_check_blob}
  0x0000021eb3b46760: 5041 51e8 | 787f b1ff | 4158 4158 | 4585 c00f | 84ca 1300 | 00e9 0000 | 0000 488b | d848 85db 
  0x0000021eb3b46780: 0f84 d60a | 0000 4889 | 9c24 4801 | 0000 6690 

  0x0000021eb3b46790: ;   {other}
  0x0000021eb3b46790: e9c2 1300 | 0090 9090 | 9090 488b | 9424 d000 | 0000 4c8b | 8424 0001 | 0000 4c8b | 8c24 1001 
  0x0000021eb3b467b0: 0000 488b | bc24 d800 | 0000 0f1f 

  0x0000021eb3b467bc: ;   {static_call}
  0x0000021eb3b467bc: 4400 00e8 

  0x0000021eb3b467c0: ; ImmutableOopMap {[208]=Oop [232]=Oop [240]=Oop [256]=Oop [272]=Oop [320]=Oop [328]=Oop }
                      ;*invokedynamic {reexecute=0 rethrow=0 return_oop=0}
                      ; - org.springframework.beans.factory.support.AbstractBeanFactory::doGetBean@640 (line 369)
  0x0000021eb3b467c0: 1c8f a6ff 

  0x0000021eb3b467c4: ;   {post_call_nop}
  0x0000021eb3b467c4: 0f1f 8400 | 3c0a 0019 | 4c8b 8424 | 0001 0000 | 4c8b c848 | 8b94 2448 | 0100 0066 | 0f1f 4400 
  0x0000021eb3b467e4: 0048 b8d8 | 7152 c01e 

  0x0000021eb3b467ec: ;   {virtual_call}
  0x0000021eb3b467ec: 0200 00e8 

  0x0000021eb3b467f0: ; ImmutableOopMap {[208]=Oop [232]=Oop [240]=Oop [256]=Oop [272]=Oop [320]=Oop }
                      ;*invokeinterface get {reexecute=0 rethrow=0 return_oop=0}
                      ; - org.springframework.beans.factory.support.AbstractBeanFactory::doGetBean@645 (line 369)
  0x0000021eb3b467f0: ec8b a6ff 

  0x0000021eb3b467f4: ;   {post_call_nop}
  0x0000021eb3b467f4: 0f1f 8400 | 6c0a 001a | 4c8b c04c | 8b8c 24e8 | 0000 0048 | 8bbc 24f0 | 0000 0048 | 8bb4 2400 
  0x0000021eb3b46814: 0100 0048 | 8b8c 2410 | 0100 0048 | 8b94 24d0 

  0x0000021eb3b46824: ;   {optimized virtual_call}
  0x0000021eb3b46824: 0000 00e8 

  0x0000021eb3b46828: ; ImmutableOopMap {[208]=Oop [232]=Oop [240]=Oop [256]=Oop [320]=Oop }
                      ;*invokevirtual getObjectForBeanInstance {reexecute=0 rethrow=0 return_oop=0}
                      ; - org.springframework.beans.factory.support.AbstractBeanFactory::doGetBean@661 (line 378)
  0x0000021eb3b46828: b488 a6ff 

  0x0000021eb3b4682c: ;   {post_call_nop}
  0x0000021eb3b4682c: 0f1f 8400 | a40a 001b | 488b 9424 | d000 0000 | 440f be42 | 6141 83e0 | 0145 85c0 | 0f85 5e07 
  0x0000021eb3b4684c: 0000 4889 | 8424 5001 | 0000 8bb2 | a000 0000 | 4c8b 8424 | 0001 0000 | 488b d666 | 0f1f 4400 
  0x0000021eb3b4686c: 0048 b800 | 7252 c01e 

  0x0000021eb3b46874: ;   {virtual_call}
  0x0000021eb3b46874: 0200 00e8 

  0x0000021eb3b46878: ; ImmutableOopMap {[208]=Oop [232]=Oop [240]=Oop [256]=Oop [336]=Oop }
                      ;*invokeinterface get {reexecute=0 rethrow=0 return_oop=0}
                      ; - org.springframework.beans.factory.support.AbstractBeanFactory::clearMergedBeanDefinition@5 (line 1524)
                      ; - org.springframework.beans.factory.support.DefaultListableBeanFactory::clearMergedBeanDefinition@2 (line 986)
                      ; - org.springframework.beans.factory.support.AbstractBeanFactory::doGetBean@702 (line 394)
  0x0000021eb3b46878: 648b a6ff 

  0x0000021eb3b4687c: ;   {post_call_nop}
  0x0000021eb3b4687c: 0f1f 8400 | f40a 001c | 4885 c00f | 8425 0000 

  0x0000021eb3b4688c: ;   {metadata('org/springframework/beans/factory/support/RootBeanDefinition')}
  0x0000021eb3b4688c: 0048 ba20 | 7117 2e00 | 0000 008b | 7808 41ba | 0000 002d | 4903 fa48 | 3b57 500f | 85b4 1200 
  0x0000021eb3b468ac: 00e9 0000 | 0000 488b | d048 85d2 | 0f84 b106 | 0000 be01 | 0000 0040 | 8872 67f0 | 8344 24c0 
  0x0000021eb3b468cc: 00e9 9d06 | 0000 488b | 9c24 1001 

  0x0000021eb3b468d8: ;   {metadata('org/springframework/beans/factory/BeanCreationException')}
  0x0000021eb3b468d8: 0000 48ba | 5820 172e | 0000 0000 

  0x0000021eb3b468e4: ; implicit exception: dispatches to 0x0000021eb3b47b6f
  0x0000021eb3b468e4: 80ba 3001 | 0000 040f | 8583 1200 | 0049 8b87 | b001 0000 | 488d 7830 | 493b bfc0 | 0100 000f 
  0x0000021eb3b46904: 876b 1200 | 0049 89bf | b001 0000 | 48c7 0001 | 0000 0048 | 8bca 41ba | 0000 002d | 492b ca89 
  0x0000021eb3b46924: 4808 4833 | c989 480c | 4833 c948 | 8948 1048 | 8948 1848 | 8948 2048 | 8948 2848 | 8984 24b8 
  0x0000021eb3b46944: 0100 008b | 734c 4885 | f60f 8486 | 0800 00e9 | 5c08 0000 | 4c8b 8424 | f000 0000 | 498b d00f 
  0x0000021eb3b46964: ;   {static_call}
  0x0000021eb3b46964: 1f40 00e8 

  0x0000021eb3b46968: ; ImmutableOopMap {[208]=Oop [216]=Oop [232]=Oop [240]=Oop [264]=Oop }
                      ;*invokestatic transformedBeanName {reexecute=0 rethrow=0 return_oop=0}
                      ; - org.springframework.beans.factory.support.AbstractBeanFactory::transformedBeanName@2 (line 1272)
                      ; - org.springframework.beans.factory.support.AbstractBeanFactory::originalBeanName@2 (line 1281)
                      ; - org.springframework.beans.factory.support.AbstractBeanFactory::doGetBean@137 (line 269)
  0x0000021eb3b46968: 748d a6ff 

  0x0000021eb3b4696c: ;   {post_call_nop}
  0x0000021eb3b4696c: 0f1f 8400 | e40b 001d | 4c8b c048 | 8b94 24d0 

  0x0000021eb3b4697c: ;   {optimized virtual_call}
  0x0000021eb3b4697c: 0000 00e8 

  0x0000021eb3b46980: ; ImmutableOopMap {[216]=Oop [232]=Oop [240]=Oop [264]=Oop }
                      ;*invokevirtual canonicalName {reexecute=0 rethrow=0 return_oop=0}
                      ; - org.springframework.beans.factory.support.AbstractBeanFactory::transformedBeanName@5 (line 1272)
                      ; - org.springframework.beans.factory.support.AbstractBeanFactory::originalBeanName@2 (line 1281)
                      ; - org.springframework.beans.factory.support.AbstractBeanFactory::doGetBean@137 (line 269)
  0x0000021eb3b46980: 5c87 a6ff 

  0x0000021eb3b46984: ;   {post_call_nop}
  0x0000021eb3b46984: 0f1f 8400 | fc0b 001e | 4c8b 8424 | f000 0000 

  0x0000021eb3b46994: ; implicit exception: dispatches to 0x0000021eb3b47b81
  0x0000021eb3b46994: 418b 5014 

  0x0000021eb3b46998: ; implicit exception: dispatches to 0x0000021eb3b47b86
  0x0000021eb3b46998: 8b72 0c85 | f6bf 0000 | 0000 7505 | bf01 0000 | 0083 e701 | 85ff 0f85 | d000 0000 | 450f be40 
  0x0000021eb3b469b8: 1045 85c0 | 41b8 0000 | 0000 7506 | 41b8 0100 | 0000 4183 | e001 4585 | c00f 844a | 0000 0041 
  0x0000021eb3b469d8: b800 0000 

  0x0000021eb3b469dc: ;   {oop(a 'jdk/internal/util/Preconditions$4'{0x0000000082a19150})}
  0x0000021eb3b469dc: 0048 bf50 | 91a1 8200 | 0000 00bf | 0000 0000 | 443b c70f | 8c96 1100 | 0044 3bc6 | 0f8d 9a11 
  0x0000021eb3b469fc: 0000 85f6 | 0f86 9f11 | 0000 0fbe | 5210 81e2 | ff00 0000 | 81e2 ffff | 0000 81e2 | ffff 0000 
  0x0000021eb3b46a1c: e939 0000 | 00d1 fe41 | b800 0000 

  0x0000021eb3b46a28: ;   {oop(a 'jdk/internal/util/Preconditions$4'{0x0000000082a19150})}
  0x0000021eb3b46a28: 0048 bf50 | 91a1 8200 | 0000 00bf | 0000 0000 | 443b c70f | 8c76 1100 | 0044 3bc6 | 0f8d 7a11 
  0x0000021eb3b46a48: 0000 0fb7 | 5210 81e2 | ffff 0000 | 81e2 ffff | 0000 83fa | 260f 8521 | 0000 000f | 1f44 0000 
  0x0000021eb3b46a68: ;   {other}
  0x0000021eb3b46a68: e973 1100 | 0090 9090 | 9090 488b 

  0x0000021eb3b46a74: ;   {static_call}
  0x0000021eb3b46a74: d066 90e8 

  0x0000021eb3b46a78: ; ImmutableOopMap {[216]=Oop [232]=Oop [264]=Oop }
                      ;*invokedynamic {reexecute=0 rethrow=0 return_oop=0}
                      ; - org.springframework.beans.factory.support.AbstractBeanFactory::originalBeanName@24 (line 1283)
                      ; - org.springframework.beans.factory.support.AbstractBeanFactory::doGetBean@137 (line 269)
  0x0000021eb3b46a78: 648c a6ff 

  0x0000021eb3b46a7c: ;   {post_call_nop}
  0x0000021eb3b46a7c: 0f1f 8400 | f40c 001f | 488b b424 | 0801 0000 | 4885 f60f | 8425 0000 

  0x0000021eb3b46a94: ;   {metadata('org/springframework/beans/factory/support/AbstractBeanFactory')}
  0x0000021eb3b46a94: 0048 b908 | f216 2e00 | 0000 008b | 5e08 41ba | 0000 002d | 4903 da48 | 3b4b 500f | 8505 0000 
  0x0000021eb3b46ab4: 00e9 0500 | 0000 4833 | d2eb 05ba | 0100 0000 | 85d2 488b | bc24 d800 | 0000 0f85 | 3304 0000 
  0x0000021eb3b46ad4: 4885 ff0f | 85f2 0300 | 004c 8b8c | 24e8 0000 | 004d 85c9 | 4c8b c00f | 84ae 0300 | 00e9 7303 
  0x0000021eb3b46af4: 0000 4889 | 8424 5801 | 0000 488b | 9424 d000 | 0000 8b72 | 0c48 8bd6 | 9048 b828 | 7252 c01e 
  0x0000021eb3b46b14: ;   {virtual_call}
  0x0000021eb3b46b14: 0200 00e8 

  0x0000021eb3b46b18: ; ImmutableOopMap {[208]=Oop [232]=Oop [240]=Oop [256]=Oop [344]=Oop }
                      ;*invokeinterface isTraceEnabled {reexecute=0 rethrow=0 return_oop=0}
                      ; - org.springframework.beans.factory.support.AbstractBeanFactory::doGetBean@28 (line 246)
  0x0000021eb3b46b18: 76db e2ff 

  0x0000021eb3b46b1c: ;   {post_call_nop}
  0x0000021eb3b46b1c: 0f1f 8400 | 940d 0020 | 85c0 0f84 | f202 0000 | 488b 9424 | d000 0000 | 8b72 304c | 8b84 2400 
  0x0000021eb3b46b3c: 0100 0048 | 8bd6 6666 | 9048 b850 | 7252 c01e 

  0x0000021eb3b46b4c: ;   {virtual_call}
  0x0000021eb3b46b4c: 0200 00e8 

  0x0000021eb3b46b50: ; ImmutableOopMap {[208]=Oop [232]=Oop [240]=Oop [256]=Oop [344]=Oop }
                      ;*invokeinterface contains {reexecute=0 rethrow=0 return_oop=0}
                      ; - org.springframework.beans.factory.support.DefaultSingletonBeanRegistry::isSingletonCurrentlyInCreation@5 (line 530)
                      ; - org.springframework.beans.factory.support.AbstractBeanFactory::doGetBean@39 (line 247)
  0x0000021eb3b46b50: 8c88 a6ff 

  0x0000021eb3b46b54: ;   {post_call_nop}
  0x0000021eb3b46b54: 0f1f 8400 | cc0d 0021 | 83e0 0185 | c048 8b94 | 24d0 0000 | 000f 8462 | 0000 008b | 720c 660f 
  0x0000021eb3b46b74: 1f44 0000 

  0x0000021eb3b46b78: ;   {other}
  0x0000021eb3b46b78: e97c 1000 | 0090 9090 | 9090 488b | 9424 0001 | 0000 4889 | b424 6001 | 0000 0f1f 

  0x0000021eb3b46b94: ;   {static_call}
  0x0000021eb3b46b94: 4400 00e8 

  0x0000021eb3b46b98: ; ImmutableOopMap {[208]=Oop [232]=Oop [240]=Oop [256]=Oop [344]=Oop [352]=Oop }
                      ;*invokedynamic {reexecute=0 rethrow=0 return_oop=0}
                      ; - org.springframework.beans.factory.support.AbstractBeanFactory::doGetBean@51 (line 248)
  0x0000021eb3b46b98: 448b a6ff 

  0x0000021eb3b46b9c: ;   {post_call_nop}
  0x0000021eb3b46b9c: 0f1f 8400 | 140e 0022 | 4c8b c048 | 8b94 2460 | 0100 0066 | 0f1f 4400 | 0048 b878 | 7252 c01e 
  0x0000021eb3b46bbc: ;   {virtual_call}
  0x0000021eb3b46bbc: 0200 00e8 

  0x0000021eb3b46bc0: ; ImmutableOopMap {[208]=Oop [232]=Oop [240]=Oop [256]=Oop [344]=Oop }
                      ;*invokeinterface trace {reexecute=0 rethrow=0 return_oop=0}
                      ; - org.springframework.beans.factory.support.AbstractBeanFactory::doGetBean@56 (line 248)
  0x0000021eb3b46bc0: 1c88 a6ff 

  0x0000021eb3b46bc4: ;   {post_call_nop}
  0x0000021eb3b46bc4: 0f1f 8400 | 3c0e 0023 | e94d 0200 | 008b 720c | 0f1f 4000 

  0x0000021eb3b46bd8: ;   {other}
  0x0000021eb3b46bd8: e935 1000 | 0090 9090 | 9090 488b | 9424 0001 | 0000 4889 | b424 6801 | 0000 0f1f 

  0x0000021eb3b46bf4: ;   {static_call}
  0x0000021eb3b46bf4: 4400 00e8 

  0x0000021eb3b46bf8: ; ImmutableOopMap {[208]=Oop [232]=Oop [240]=Oop [256]=Oop [344]=Oop [360]=Oop }
                      ;*invokedynamic {reexecute=0 rethrow=0 return_oop=0}
                      ; - org.springframework.beans.factory.support.AbstractBeanFactory::doGetBean@70 (line 252)
  0x0000021eb3b46bf8: e48a a6ff 

  0x0000021eb3b46bfc: ;   {post_call_nop}
  0x0000021eb3b46bfc: 0f1f 8400 | 740e 0024 | 4c8b c048 | 8b94 2468 | 0100 0066 | 0f1f 4400 | 0048 b8a0 | 7252 c01e 
  0x0000021eb3b46c1c: ;   {virtual_call}
  0x0000021eb3b46c1c: 0200 00e8 

  0x0000021eb3b46c20: ; ImmutableOopMap {[208]=Oop [232]=Oop [240]=Oop [256]=Oop [344]=Oop }
                      ;*invokeinterface trace {reexecute=0 rethrow=0 return_oop=0}
                      ; - org.springframework.beans.factory.support.AbstractBeanFactory::doGetBean@75 (line 252)
  0x0000021eb3b46c20: bc87 a6ff 

  0x0000021eb3b46c24: ;   {post_call_nop}
  0x0000021eb3b46c24: 0f1f 8400 | 9c0e 0025 | e9ed 0100 | 0048 8b9c | 2410 0100 | 004c 8b8c | 24e8 0000 | 0049 8b87 
  0x0000021eb3b46c44: 6805 0000 | 4d33 d24d | 8997 6805 | 0000 4d33 | d24d 8997 | 7005 0000 | 4d85 c90f | 843f 0500 
  0x0000021eb3b46c64: 0048 8984 | 2470 0100 

  0x0000021eb3b46c6c: ;   {metadata('org/springframework/beans/factory/BeanCreationException')}
  0x0000021eb3b46c6c: 0048 ba58 | 2017 2e00 | 0000 0080 | ba30 0100 | 0004 0f85 | 9d0f 0000 | 498b 87b0 | 0100 0048 
  0x0000021eb3b46c8c: 8d78 3049 | 3bbf c001 | 0000 0f87 | 850f 0000 | 4989 bfb0 | 0100 0048 | c700 0100 | 0000 488b 
  0x0000021eb3b46cac: ca41 ba00 | 0000 2d49 | 2bca 8948 | 0848 33c9 | 8948 0c48 | 33c9 4889 | 4810 4889 | 4818 4889 
  0x0000021eb3b46ccc: 4820 4889 | 4828 4889 | 8424 7801 | 0000 8b53 | 4c48 85d2 | 0f84 2300 | 0000 0f1f | 8000 0000 
  0x0000021eb3b46cec: 0048 b8c8 | 7252 c01e 

  0x0000021eb3b46cf4: ;   {virtual_call}
  0x0000021eb3b46cf4: 0200 00e8 

  0x0000021eb3b46cf8: ; ImmutableOopMap {[208]=Oop [232]=Oop [256]=Oop [368]=Oop [376]=Oop }
                      ;*invokeinterface getDescription {reexecute=0 rethrow=0 return_oop=0}
                      ; - org.springframework.beans.factory.support.AbstractBeanDefinition::getResourceDescription@11 (line 1212)
                      ; - org.springframework.beans.factory.support.AbstractBeanFactory::doGetBean@414 (line 319)
  0x0000021eb3b46cf8: e486 a6ff 

  0x0000021eb3b46cfc: ;   {post_call_nop}
  0x0000021eb3b46cfc: 0f1f 8400 | 740f 0026 | e90a 0000 

  0x0000021eb3b46d08: ;   {oop(nullptr)}
  0x0000021eb3b46d08: 0048 b800 | 0000 0000 | 0000 0048 | 8984 2480 | 0100 0048 | 8b94 2470 | 0100 0066 | 9048 b8f0 
  0x0000021eb3b46d28: 7252 c01e 

  0x0000021eb3b46d2c: ;   {virtual_call}
  0x0000021eb3b46d2c: 0200 00e8 

  0x0000021eb3b46d30: ; ImmutableOopMap {[208]=Oop [232]=Oop [256]=Oop [368]=Oop [376]=Oop [384]=Oop }
                      ;*invokevirtual getBeanName {reexecute=0 rethrow=0 return_oop=0}
                      ; - org.springframework.beans.factory.support.AbstractBeanFactory::doGetBean@421 (line 320)
  0x0000021eb3b46d30: ac86 a6ff 

  0x0000021eb3b46d34: ;   {post_call_nop}
  0x0000021eb3b46d34: 0f1f 8400 | ac0f 0027 | 4889 8424 | 8801 0000 | 4c8b 8c24 | e800 0000 

  0x0000021eb3b46d4c: ; implicit exception: dispatches to 0x0000021eb3b47c2e
  0x0000021eb3b46d4c: 493b 0149 | 8bd1 0f1f 

  0x0000021eb3b46d54: ;   {optimized virtual_call}
  0x0000021eb3b46d54: 4400 00e8 

  0x0000021eb3b46d58: ; ImmutableOopMap {[208]=Oop [232]=Oop [256]=Oop [368]=Oop [376]=Oop [384]=Oop [392]=Oop }
                      ;*invokevirtual reflectionData {reexecute=0 rethrow=0 return_oop=0}
                      ; - java.lang.Class::getSimpleName@1 (line 1670)
                      ; - org.springframework.beans.factory.support.AbstractBeanFactory::doGetBean@425 (line 321)
  0x0000021eb3b46d58: 8483 a6ff 

  0x0000021eb3b46d5c: ;   {post_call_nop}
  0x0000021eb3b46d5c: 0f1f 8400 | d40f 0028 

  0x0000021eb3b46d64: ; implicit exception: dispatches to 0x0000021eb3b47c33
  0x0000021eb3b46d64: 8b50 3448 | 85d2 0f85 | 8703 0000 | e91f 0300 | 0048 8b9c | 2410 0100 | 0049 8b87 | 6805 0000 
  0x0000021eb3b46d84: 4d33 d24d | 8997 6805 | 0000 4d33 | d24d 8997 | 7005 0000 | 4889 8424 | 9001 0000 

  0x0000021eb3b46da0: ;   {metadata('org/springframework/beans/factory/BeanCreationException')}
  0x0000021eb3b46da0: 48ba 5820 | 172e 0000 | 0000 80ba | 3001 0000 | 040f 8586 | 0e00 0049 | 8b87 b001 | 0000 488d 
  0x0000021eb3b46dc0: 7830 493b | bfc0 0100 | 000f 876e | 0e00 0049 | 89bf b001 | 0000 48c7 | 0001 0000 | 0048 8bca 
  0x0000021eb3b46de0: 41ba 0000 | 002d 492b | ca89 4808 | 4833 c989 | 480c 4833 | c948 8948 | 1048 8948 | 1848 8948 
  0x0000021eb3b46e00: 2048 8948 | 2848 8984 | 2498 0100 | 008b 734c | 4885 f60f | 84f0 0100 | 00e9 c901 | 0000 488b 
  0x0000021eb3b46e20: 8424 5801 | 0000 4c8b | c04c 8b8c | 24e8 0000 | 0048 8bbc | 24f0 0000 | 0048 8bb4 | 2400 0100 
  0x0000021eb3b46e40: ;   {oop(nullptr)}
  0x0000021eb3b46e40: 0048 b900 | 0000 0000 | 0000 0048 | 8b94 24d0 | 0000 000f 

  0x0000021eb3b46e54: ;   {optimized virtual_call}
  0x0000021eb3b46e54: 1f40 00e8 

  0x0000021eb3b46e58: ; ImmutableOopMap {[208]=Oop [232]=Oop [240]=Oop }
                      ;*invokevirtual getObjectForBeanInstance {reexecute=0 rethrow=0 return_oop=0}
                      ; - org.springframework.beans.factory.support.AbstractBeanFactory::doGetBean@88 (line 255)
  0x0000021eb3b46e58: 44a2 ffff 

  0x0000021eb3b46e5c: ;   {post_call_nop}
  0x0000021eb3b46e5c: 0f1f 8400 | d410 0029 | e943 0100 | 004c 8b8c | 24e8 0000 | 0048 8bd6 | 9048 b818 | 7352 c01e 
  0x0000021eb3b46e7c: ;   {virtual_call}
  0x0000021eb3b46e7c: 0200 00e8 

  0x0000021eb3b46e80: ; ImmutableOopMap {}
                      ;*invokeinterface getBean {reexecute=0 rethrow=0 return_oop=0}
                      ; - org.springframework.beans.factory.support.AbstractBeanFactory::doGetBean@193 (line 279)
  0x0000021eb3b46e80: 5c85 a6ff 

  0x0000021eb3b46e84: ;   {post_call_nop}
  0x0000021eb3b46e84: 0f1f 8400 | fc10 002a | 4881 c430 | 0200 005d 

  0x0000021eb3b46e94: ;   {poll_return}
  0x0000021eb3b46e94: 493b 6728 | 0f87 ac0d | 0000 c348 | 8bd6 6666 | 9048 b840 | 7352 c01e 

  0x0000021eb3b46eac: ;   {virtual_call}
  0x0000021eb3b46eac: 0200 00e8 

  0x0000021eb3b46eb0: ; ImmutableOopMap {}
                      ;*invokeinterface getBean {reexecute=0 rethrow=0 return_oop=0}
                      ; - org.springframework.beans.factory.support.AbstractBeanFactory::doGetBean@203 (line 282)
  0x0000021eb3b46eb0: 2c85 a6ff 

  0x0000021eb3b46eb4: ;   {post_call_nop}
  0x0000021eb3b46eb4: 0f1f 8400 | 2c11 002b | 4881 c430 | 0200 005d 

  0x0000021eb3b46ec4: ;   {poll_return}
  0x0000021eb3b46ec4: 493b 6728 | 0f87 920d | 0000 c34c | 8bc0 4c8b | cf48 8bd6 | 0f1f 4400 | 0048 b868 | 7352 c01e 
  0x0000021eb3b46ee4: ;   {virtual_call}
  0x0000021eb3b46ee4: 0200 00e8 

  0x0000021eb3b46ee8: ; ImmutableOopMap {}
                      ;*invokeinterface getBean {reexecute=0 rethrow=0 return_oop=0}
                      ; - org.springframework.beans.factory.support.AbstractBeanFactory::doGetBean@178 (line 275)
  0x0000021eb3b46ee8: f484 a6ff 

  0x0000021eb3b46eec: ;   {post_call_nop}
  0x0000021eb3b46eec: 0f1f 8400 | 6411 002c | 4881 c430 | 0200 005d 

  0x0000021eb3b46efc: ;   {poll_return}
  0x0000021eb3b46efc: 493b 6728 | 0f87 700d | 0000 c348 | 85f6 0f84 | 2600 0000 

  0x0000021eb3b46f10: ;   {metadata('org/springframework/beans/factory/support/AbstractBeanFactory')}
  0x0000021eb3b46f10: 48ba 08f2 | 162e 0000 | 0000 448b | 4e08 41ba | 0000 002d | 4d03 ca49 | 3b51 500f | 855b 0d00 
  0x0000021eb3b46f30: 00e9 0000 | 0000 488b | d648 3b02 | 4c8b c04c | 8b8c 24e8 | 0000 008b | b424 e000 

  0x0000021eb3b46f4c: ;   {optimized virtual_call}
  0x0000021eb3b46f4c: 0000 90e8 

  0x0000021eb3b46f50: ; ImmutableOopMap {}
                      ;*invokevirtual doGetBean {reexecute=0 rethrow=0 return_oop=0}
                      ; - org.springframework.beans.factory.support.AbstractBeanFactory::doGetBean@165 (line 271)
  0x0000021eb3b46f50: 8c81 a6ff 

  0x0000021eb3b46f54: ;   {post_call_nop}
  0x0000021eb3b46f54: 0f1f 8400 | cc11 002d | 4881 c430 | 0200 005d 

  0x0000021eb3b46f64: ;   {poll_return}
  0x0000021eb3b46f64: 493b 6728 | 0f87 2c0d | 0000 c348 | 8b94 24d0 | 0000 008b | b2ec 0000 | 004c 8b84 | 2400 0100 
  0x0000021eb3b46f84: 0048 8bd6 | 0f1f 4400 | 0048 b890 | 7352 c01e 

  0x0000021eb3b46f94: ;   {virtual_call}
  0x0000021eb3b46f94: 0200 00e8 

  0x0000021eb3b46f98: ; ImmutableOopMap {[208]=Oop [232]=Oop [240]=Oop [336]=Oop }
                      ;*invokeinterface remove {reexecute=0 rethrow=0 return_oop=0}
                      ; - org.springframework.beans.factory.support.DefaultListableBeanFactory::clearMergedBeanDefinition@10 (line 987)
                      ; - org.springframework.beans.factory.support.AbstractBeanFactory::doGetBean@702 (line 394)
  0x0000021eb3b46f98: 4484 a6ff 

  0x0000021eb3b46f9c: ;   {post_call_nop}
  0x0000021eb3b46f9c: 0f1f 8400 | 1412 002e | 488b 8424 | 5001 0000 | 4c8b 8424 | f000 0000 | 4c8b c848 | 8bbc 24e8 
  0x0000021eb3b46fbc: 0000 0048 | 8b94 24d0 

  0x0000021eb3b46fc4: ;   {optimized virtual_call}
  0x0000021eb3b46fc4: 0000 00e8 

  0x0000021eb3b46fc8: ; ImmutableOopMap {}
                      ;*invokevirtual adaptBeanInstance {reexecute=0 rethrow=0 return_oop=0}
                      ; - org.springframework.beans.factory.support.AbstractBeanFactory::doGetBean@787 (line 399)
  0x0000021eb3b46fc8: d4ac ffff 

  0x0000021eb3b46fcc: ;   {post_call_nop}
  0x0000021eb3b46fcc: 0f1f 8400 | 4412 002f | 4881 c430 | 0200 005d 

  0x0000021eb3b46fdc: ;   {poll_return}
  0x0000021eb3b46fdc: 493b 6728 | 0f87 ca0c | 0000 c348 | 8bd6 6666 | 9048 b8b8 | 7352 c01e 

  0x0000021eb3b46ff4: ;   {virtual_call}
  0x0000021eb3b46ff4: 0200 00e8 

  0x0000021eb3b46ff8: ; ImmutableOopMap {[208]=Oop [256]=Oop [280]=Oop [400]=Oop [408]=Oop }
                      ;*invokeinterface getDescription {reexecute=0 rethrow=0 return_oop=0}
                      ; - org.springframework.beans.factory.support.AbstractBeanDefinition::getResourceDescription@11 (line 1212)
                      ; - org.springframework.beans.factory.support.AbstractBeanFactory::doGetBean@382 (line 312)
  0x0000021eb3b46ff8: e483 a6ff 

  0x0000021eb3b46ffc: ;   {post_call_nop}
  0x0000021eb3b46ffc: 0f1f 8400 | 7412 0030 | e90a 0000 

  0x0000021eb3b47008: ;   {oop(nullptr)}
  0x0000021eb3b47008: 0048 b800 | 0000 0000 | 0000 0048 | 8984 24a0 | 0100 000f | 1f44 0000 

  0x0000021eb3b47020: ;   {other}
  0x0000021eb3b47020: e9b0 0c00 | 0090 9090 | 9090 488b | 9424 0001 | 0000 4c8b | 8424 1801 | 0000 0f1f 

  0x0000021eb3b4703c: ;   {static_call}
  0x0000021eb3b4703c: 4400 00e8 

  0x0000021eb3b47040: ; ImmutableOopMap {[208]=Oop [256]=Oop [400]=Oop [408]=Oop [416]=Oop }
                      ;*invokedynamic {reexecute=0 rethrow=0 return_oop=0}
                      ; - org.springframework.beans.factory.support.AbstractBeanFactory::doGetBean@391 (line 312)
  0x0000021eb3b47040: 9c86 a6ff 

  0x0000021eb3b47044: ;   {post_call_nop}
  0x0000021eb3b47044: 0f1f 8400 | bc12 0031 | 4c8b 8424 | a001 0000 | 4c8b 8c24 | 0001 0000 | 488b f848 | 8bb4 2490 
  0x0000021eb3b47064: 0100 0048 | 8b94 2498 

  0x0000021eb3b4706c: ;   {optimized virtual_call}
  0x0000021eb3b4706c: 0100 00e8 

  0x0000021eb3b47070: ; ImmutableOopMap {[208]=Oop [256]=Oop [408]=Oop }
                      ;*invokespecial <init> {reexecute=0 rethrow=0 return_oop=0}
                      ; - org.springframework.beans.factory.support.AbstractBeanFactory::doGetBean@398 (line 312)
  0x0000021eb3b47070: 6c80 a6ff 

  0x0000021eb3b47074: ;   {post_call_nop}
  0x0000021eb3b47074: 0f1f 8400 | ec12 0032 | 488b 8424 

  0x0000021eb3b47080: ; ImmutableOopMap {rax=Oop [208]=Oop [256]=Oop }
                      ;*athrow {reexecute=1 rethrow=0 return_oop=0}
                      ; - (reexecute) org.springframework.beans.factory.support.AbstractBeanFactory::doGetBean@401 (line 312)
  0x0000021eb3b47080: 9801 0000 

  0x0000021eb3b47084: ;   {section_word}
  0x0000021eb3b47084: 48ba 8470 | b4b3 1e02 

  0x0000021eb3b4708c: ;   {runtime_call C1 Runtime handle_exception_nofpu_blob}
  0x0000021eb3b4708c: 0000 e84d | 64b1 ff90 | 4889 8424 | a801 0000 | 488b 9424 | e800 0000 

  0x0000021eb3b470a4: ;   {optimized virtual_call}
  0x0000021eb3b470a4: 6666 90e8 

  0x0000021eb3b470a8: ; ImmutableOopMap {[208]=Oop [256]=Oop [368]=Oop [376]=Oop [384]=Oop [392]=Oop [424]=Oop }
                      ;*invokevirtual getSimpleName0 {reexecute=0 rethrow=0 return_oop=0}
                      ; - java.lang.Class::getSimpleName@16 (line 1673)
                      ; - org.springframework.beans.factory.support.AbstractBeanFactory::doGetBean@425 (line 321)
  0x0000021eb3b470a8: 3480 a6ff 

  0x0000021eb3b470ac: ;   {post_call_nop}
  0x0000021eb3b470ac: 0f1f 8400 | 2413 0034 | 410f be57 | 4885 d248 | 8b94 24a8 | 0100 000f | 8516 0c00 | 004c 8bd0 
  0x0000021eb3b470cc: 4489 5234 | 488b fa48 | 33f8 48c1 | ef14 7418 | 4885 c074 | 1348 8bfa | 48c1 ef09 | 4903 7f50 
  0x0000021eb3b470ec: 803f ff75 | 03c6 0700 | 488b d048 | 8994 24b0 | 0100 0048 | 8b94 2470 | 0100 0066 | 0f1f 4400 
  0x0000021eb3b4710c: 0048 b8e0 | 7352 c01e 

  0x0000021eb3b47114: ;   {virtual_call}
  0x0000021eb3b47114: 0200 00e8 

  0x0000021eb3b47118: ; ImmutableOopMap {[208]=Oop [256]=Oop [368]=Oop [376]=Oop [384]=Oop [392]=Oop [432]=Oop }
                      ;*invokevirtual getMessage {reexecute=0 rethrow=0 return_oop=0}
                      ; - org.springframework.beans.factory.support.AbstractBeanFactory::doGetBean@432 (line 322)
  0x0000021eb3b47118: c482 a6ff 

  0x0000021eb3b4711c: ;   {post_call_nop}
  0x0000021eb3b4711c: 0f1f 8400 | 9413 0035 | 0f1f 4000 

  0x0000021eb3b47128: ;   {other}
  0x0000021eb3b47128: e9db 0b00 | 0090 9090 | 9090 488b | 9424 8801 | 0000 4c8b | 8424 b001 | 0000 4c8b | 8c24 0001 
  0x0000021eb3b47148: 0000 488b 

  0x0000021eb3b4714c: ;   {static_call}
  0x0000021eb3b4714c: f866 90e8 

  0x0000021eb3b47150: ; ImmutableOopMap {[208]=Oop [256]=Oop [368]=Oop [376]=Oop [384]=Oop }
                      ;*invokedynamic {reexecute=0 rethrow=0 return_oop=0}
                      ; - org.springframework.beans.factory.support.AbstractBeanFactory::doGetBean@435 (line 322)
  0x0000021eb3b47150: 8c85 a6ff 

  0x0000021eb3b47154: ;   {post_call_nop}
  0x0000021eb3b47154: 0f1f 8400 | cc13 0036 | 4c8b 8424 | 8001 0000 | 4c8b 8c24 | 0001 0000 | 488b f848 | 8bb4 2470 
  0x0000021eb3b47174: 0100 0048 | 8b94 2478 

  0x0000021eb3b4717c: ;   {optimized virtual_call}
  0x0000021eb3b4717c: 0100 00e8 

  0x0000021eb3b47180: ; ImmutableOopMap {[208]=Oop [256]=Oop [376]=Oop }
                      ;*invokespecial <init> {reexecute=0 rethrow=0 return_oop=0}
                      ; - org.springframework.beans.factory.support.AbstractBeanFactory::doGetBean@442 (line 322)
  0x0000021eb3b47180: 5c7f a6ff 

  0x0000021eb3b47184: ;   {post_call_nop}
  0x0000021eb3b47184: 0f1f 8400 | fc13 0037 | 488b 8424 

  0x0000021eb3b47190: ; ImmutableOopMap {rax=Oop [208]=Oop [256]=Oop }
                      ;*athrow {reexecute=1 rethrow=0 return_oop=0}
                      ; - (reexecute) org.springframework.beans.factory.support.AbstractBeanFactory::doGetBean@445 (line 322)
  0x0000021eb3b47190: 7801 0000 

  0x0000021eb3b47194: ;   {section_word}
  0x0000021eb3b47194: 48ba 9471 | b4b3 1e02 

  0x0000021eb3b4719c: ;   {runtime_call C1 Runtime handle_exception_nofpu_blob}
  0x0000021eb3b4719c: 0000 e83d 

  0x0000021eb3b471a0: ; ImmutableOopMap {rax=Oop [208]=Oop [256]=Oop }
                      ;*athrow {reexecute=1 rethrow=0 return_oop=0}
                      ; - (reexecute) org.springframework.beans.factory.support.AbstractBeanFactory::doGetBean@448 (line 324)
  0x0000021eb3b471a0: 63b1 ff90 

  0x0000021eb3b471a4: ;   {section_word}
  0x0000021eb3b471a4: 48ba a471 | b4b3 1e02 

  0x0000021eb3b471ac: ;   {runtime_call C1 Runtime handle_exception_nofpu_blob}
  0x0000021eb3b471ac: 0000 e82d | 63b1 ff90 | 488b d666 | 0f1f 4400 | 0048 b808 | 7452 c01e 

  0x0000021eb3b471c4: ;   {virtual_call}
  0x0000021eb3b471c4: 0200 00e8 

  0x0000021eb3b471c8: ; ImmutableOopMap {[208]=Oop [256]=Oop [280]=Oop [440]=Oop }
                      ;*invokeinterface getDescription {reexecute=0 rethrow=0 return_oop=0}
                      ; - org.springframework.beans.factory.support.AbstractBeanDefinition::getResourceDescription@11 (line 1212)
                      ; - org.springframework.beans.factory.support.AbstractBeanFactory::doGetBean@338 (line 304)
  0x0000021eb3b471c8: 1482 a6ff 

  0x0000021eb3b471cc: ;   {post_call_nop}
  0x0000021eb3b471cc: 0f1f 8400 | 4414 003a | e90a 0000 

  0x0000021eb3b471d8: ;   {oop(nullptr)}
  0x0000021eb3b471d8: 0048 b800 | 0000 0000 | 0000 0048 | 8984 24c0 | 0100 000f | 1f44 0000 

  0x0000021eb3b471f0: ;   {other}
  0x0000021eb3b471f0: e92c 0b00 | 0090 9090 | 9090 488b | 9424 0001 | 0000 4c8b | 8424 1801 | 0000 0f1f 

  0x0000021eb3b4720c: ;   {static_call}
  0x0000021eb3b4720c: 4400 00e8 

  0x0000021eb3b47210: ; ImmutableOopMap {[208]=Oop [256]=Oop [440]=Oop [448]=Oop }
                      ;*invokedynamic {reexecute=0 rethrow=0 return_oop=0}
                      ; - org.springframework.beans.factory.support.AbstractBeanFactory::doGetBean@347 (line 304)
  0x0000021eb3b47210: cc84 a6ff 

  0x0000021eb3b47214: ;   {post_call_nop}
  0x0000021eb3b47214: 0f1f 8400 | 8c14 003b | 4c8b 8424 | c001 0000 | 4c8b 8c24 | 0001 0000 | 488b f848 | 8b94 24b8 
  0x0000021eb3b47234: ;   {optimized virtual_call}
  0x0000021eb3b47234: 0100 00e8 

  0x0000021eb3b47238: ; ImmutableOopMap {[208]=Oop [256]=Oop [440]=Oop }
                      ;*invokespecial <init> {reexecute=0 rethrow=0 return_oop=0}
                      ; - org.springframework.beans.factory.support.AbstractBeanFactory::doGetBean@352 (line 304)
  0x0000021eb3b47238: a47e a6ff 

  0x0000021eb3b4723c: ;   {post_call_nop}
  0x0000021eb3b4723c: 0f1f 8400 | b414 003c | 488b 8424 

  0x0000021eb3b47248: ; ImmutableOopMap {rax=Oop [208]=Oop [256]=Oop }
                      ;*athrow {reexecute=1 rethrow=0 return_oop=0}
                      ; - (reexecute) org.springframework.beans.factory.support.AbstractBeanFactory::doGetBean@355 (line 304)
  0x0000021eb3b47248: b801 0000 

  0x0000021eb3b4724c: ;   {section_word}
  0x0000021eb3b4724c: 48ba 4c72 | b4b3 1e02 

  0x0000021eb3b47254: ;   {runtime_call C1 Runtime handle_exception_nofpu_blob}
  0x0000021eb3b47254: 0000 e885 | 62b1 ff90 

  0x0000021eb3b4725c: ;   {metadata('java/lang/IllegalStateException')}
  0x0000021eb3b4725c: 48ba 988d | 002e 0000 | 0000 498b | 87b0 0100 | 0048 8d78 | 2849 3bbf | c001 0000 | 0f87 ad0a 
  0x0000021eb3b4727c: 0000 4989 | bfb0 0100 | 0048 c700 | 0100 0000 | 488b ca41 | ba00 0000 | 2d49 2bca | 8948 0848 
  0x0000021eb3b4729c: 33c9 8948 | 0c48 33c9 | 4889 4810 | 4889 4818 | 4889 4820 

  0x0000021eb3b472b0: ;   {other}
  0x0000021eb3b472b0: e992 0a00 | 0090 9090 | 9090 488b | 9424 4001 | 0000 4889 | 8424 c801 | 0000 0f1f 

  0x0000021eb3b472cc: ;   {static_call}
  0x0000021eb3b472cc: 4400 00e8 

  0x0000021eb3b472d0: ; ImmutableOopMap {[208]=Oop [256]=Oop [456]=Oop }
                      ;*invokedynamic {reexecute=0 rethrow=0 return_oop=0}
                      ; - org.springframework.beans.factory.support.AbstractBeanFactory::doGetBean@621 (line 366)
  0x0000021eb3b472d0: 0c84 a6ff 

  0x0000021eb3b472d4: ;   {post_call_nop}
  0x0000021eb3b472d4: 0f1f 8400 | 4c15 003e | 4c8b c048 | 8b94 24c8 

  0x0000021eb3b472e4: ;   {optimized virtual_call}
  0x0000021eb3b472e4: 0100 00e8 

  0x0000021eb3b472e8: ; ImmutableOopMap {[208]=Oop [256]=Oop [456]=Oop }
                      ;*invokespecial <init> {reexecute=0 rethrow=0 return_oop=0}
                      ; - org.springframework.beans.factory.support.AbstractBeanFactory::doGetBean@626 (line 366)
  0x0000021eb3b472e8: f47d a6ff 

  0x0000021eb3b472ec: ;   {post_call_nop}
  0x0000021eb3b472ec: 0f1f 8400 | 6415 003f | 488b 8424 

  0x0000021eb3b472f8: ; ImmutableOopMap {rax=Oop [208]=Oop [256]=Oop }
                      ;*athrow {reexecute=1 rethrow=0 return_oop=0}
                      ; - (reexecute) org.springframework.beans.factory.support.AbstractBeanFactory::doGetBean@629 (line 366)
  0x0000021eb3b472f8: c801 0000 

  0x0000021eb3b472fc: ;   {section_word}
  0x0000021eb3b472fc: 48ba fc72 | b4b3 1e02 

  0x0000021eb3b47304: ;   {runtime_call C1 Runtime handle_exception_nofpu_blob}
  0x0000021eb3b47304: 0000 e8d5 | 61b1 ff90 

  0x0000021eb3b4730c: ;   {metadata('java/lang/IllegalStateException')}
  0x0000021eb3b4730c: 48ba 988d | 002e 0000 | 0000 498b | 87b0 0100 | 0048 8d78 | 2849 3bbf | c001 0000 | 0f87 230a 
  0x0000021eb3b4732c: 0000 4989 | bfb0 0100 | 0048 c700 | 0100 0000 | 488b ca41 | ba00 0000 | 2d49 2bca | 8948 0848 
  0x0000021eb3b4734c: 33c9 8948 | 0c48 33c9 | 4889 4810 | 4889 4818 | 4889 4820 

  0x0000021eb3b47360: ;   {other}
  0x0000021eb3b47360: e908 0a00 | 0090 9090 | 9090 488b | 9424 0001 | 0000 4889 | 8424 d001 | 0000 0f1f 

  0x0000021eb3b4737c: ;   {static_call}
  0x0000021eb3b4737c: 4400 00e8 

  0x0000021eb3b47380: ; ImmutableOopMap {[208]=Oop [256]=Oop [464]=Oop }
                      ;*invokedynamic {reexecute=0 rethrow=0 return_oop=0}
                      ; - org.springframework.beans.factory.support.AbstractBeanFactory::doGetBean@585 (line 362)
  0x0000021eb3b47380: 5c83 a6ff 

  0x0000021eb3b47384: ;   {post_call_nop}
  0x0000021eb3b47384: 0f1f 8400 | fc15 0041 | 4c8b c048 | 8b94 24d0 

  0x0000021eb3b47394: ;   {optimized virtual_call}
  0x0000021eb3b47394: 0100 00e8 

  0x0000021eb3b47398: ; ImmutableOopMap {[208]=Oop [256]=Oop [464]=Oop }
                      ;*invokespecial <init> {reexecute=0 rethrow=0 return_oop=0}
                      ; - org.springframework.beans.factory.support.AbstractBeanFactory::doGetBean@590 (line 362)
  0x0000021eb3b47398: 447d a6ff 

  0x0000021eb3b4739c: ;   {post_call_nop}
  0x0000021eb3b4739c: 0f1f 8400 | 1416 0042 | 488b 8424 

  0x0000021eb3b473a8: ; ImmutableOopMap {rax=Oop [208]=Oop [256]=Oop }
                      ;*athrow {reexecute=1 rethrow=0 return_oop=0}
                      ; - (reexecute) org.springframework.beans.factory.support.AbstractBeanFactory::doGetBean@593 (line 362)
  0x0000021eb3b473a8: d001 0000 

  0x0000021eb3b473ac: ;   {section_word}
  0x0000021eb3b473ac: 48ba ac73 | b4b3 1e02 

  0x0000021eb3b473b4: ;   {runtime_call C1 Runtime handle_exception_nofpu_blob}
  0x0000021eb3b473b4: 0000 e825 | 61b1 ff90 

  0x0000021eb3b473bc: ;   {metadata('java/lang/NullPointerException')}
  0x0000021eb3b473bc: 48ba 184a | 1e2d 0000 | 0000 498b | 87b0 0100 | 0048 8d78 | 3049 3bbf | c001 0000 | 0f87 9909 
  0x0000021eb3b473dc: 0000 4989 | bfb0 0100 | 0048 c700 | 0100 0000 | 488b ca41 | ba00 0000 | 2d49 2bca | 8948 0848 
  0x0000021eb3b473fc: 33c9 8948 | 0c48 33c9 | 4889 4810 | 4889 4818 | 4889 4820 | 4889 4828 | 488b d048 | 8984 24d8 
  0x0000021eb3b4741c: ;   {optimized virtual_call}
  0x0000021eb3b4741c: 0100 00e8 

  0x0000021eb3b47420: ; ImmutableOopMap {[208]=Oop [216]=Oop [232]=Oop [240]=Oop [256]=Oop [472]=Oop }
                      ;*invokespecial <init> {reexecute=0 rethrow=0 return_oop=0}
                      ; - java.util.Objects::requireNonNull@8 (line 220)
                      ; - org.springframework.beans.factory.support.AbstractBeanFactory::doGetBean@251 (line 294)
  0x0000021eb3b47420: bc7c a6ff 

  0x0000021eb3b47424: ;   {post_call_nop}
  0x0000021eb3b47424: 0f1f 8400 | 9c16 0044 | 488b 8424 

  0x0000021eb3b47430: ; ImmutableOopMap {rax=Oop [208]=Oop [216]=Oop [232]=Oop [240]=Oop [256]=Oop }
                      ;*athrow {reexecute=1 rethrow=0 return_oop=0}
                      ; - (reexecute) java.util.Objects::requireNonNull@11 (line 220)
                      ; - org.springframework.beans.factory.support.AbstractBeanFactory::doGetBean@251 (line 294)
  0x0000021eb3b47430: d801 0000 

  0x0000021eb3b47434: ;   {section_word}
  0x0000021eb3b47434: 48ba 3474 | b4b3 1e02 

  0x0000021eb3b4743c: ;   {runtime_call C1 Runtime handle_exception_nofpu_blob}
  0x0000021eb3b4743c: 0000 e89d | 60b1 ff90 | 4889 8424 | 0001 0000 

  0x0000021eb3b4744c: ;   {metadata('java/lang/IllegalArgumentException')}
  0x0000021eb3b4744c: 48ba c02c | 1e2d 0000 | 0000 498b | 87b0 0100 | 0048 8d78 | 2849 3bbf | c001 0000 | 0f87 1609 
  0x0000021eb3b4746c: 0000 4989 | bfb0 0100 | 0048 c700 | 0100 0000 | 488b ca41 | ba00 0000 | 2d49 2bca | 8948 0848 
  0x0000021eb3b4748c: 33c9 8948 | 0c48 33c9 | 4889 4810 | 4889 4818 | 4889 4820 

  0x0000021eb3b474a0: ;   {oop("Bean name must not be null"{0x0000000082fb5518})}
  0x0000021eb3b474a0: 49b8 1855 | fb82 0000 | 0000 488b | d048 8984 | 24e0 0100 

  0x0000021eb3b474b4: ;   {optimized virtual_call}
  0x0000021eb3b474b4: 0066 90e8 

  0x0000021eb3b474b8: ; ImmutableOopMap {[208]=Oop [216]=Oop [232]=Oop [240]=Oop [256]=Oop [264]=Oop [480]=Oop }
                      ;*invokespecial <init> {reexecute=0 rethrow=0 return_oop=0}
                      ; - org.springframework.util.Assert::notNull@9 (line 182)
                      ; - org.springframework.beans.factory.support.DefaultListableBeanFactory::containsBeanDefinition@3 (line 413)
                      ; - org.springframework.beans.factory.support.AbstractBeanFactory::doGetBean@129 (line 267)
  0x0000021eb3b474b8: 247c a6ff 

  0x0000021eb3b474bc: ;   {post_call_nop}
  0x0000021eb3b474bc: 0f1f 8400 | 3417 0046 | 488b 8424 | e001 0000 | e9ec 0900 

  0x0000021eb3b474d0: ;   {metadata('org/springframework/beans/factory/BeanCurrentlyInCreationException')}
  0x0000021eb3b474d0: 0048 baf8 | 2217 2e00 | 0000 0080 | ba30 0100 | 0004 0f85 | ae08 0000 | 498b 87b0 | 0100 0048 
  0x0000021eb3b474f0: 8d78 3049 | 3bbf c001 | 0000 0f87 | 9608 0000 | 4989 bfb0 | 0100 0048 | c700 0100 | 0000 488b 
  0x0000021eb3b47510: ca41 ba00 | 0000 2d49 | 2bca 8948 | 0848 33c9 | 8948 0c48 | 33c9 4889 | 4810 4889 | 4818 4889 
  0x0000021eb3b47530: 4820 4889 | 4828 4c8b | 8424 0001 | 0000 488b | d048 8984 | 24e8 0100 | 0066 0f1f 

  0x0000021eb3b4754c: ;   {optimized virtual_call}
  0x0000021eb3b4754c: 4400 00e8 

  0x0000021eb3b47550: ; ImmutableOopMap {[488]=Oop }
                      ;*invokespecial <init> {reexecute=0 rethrow=0 return_oop=0}
                      ; - org.springframework.beans.factory.support.AbstractBeanFactory::doGetBean@111 (line 262)
  0x0000021eb3b47550: 8c7b a6ff 

  0x0000021eb3b47554: ;   {post_call_nop}
  0x0000021eb3b47554: 0f1f 8400 | cc17 0047 | 488b 8424 | e801 0000 | e954 0900 | 0049 8b87 | 6805 0000 | 4d33 d24d 
  0x0000021eb3b47574: 8997 6805 | 0000 4d33 | d24d 8997 | 7005 0000 

  0x0000021eb3b47584: ;   {metadata('org/springframework/beans/factory/support/ScopeNotActiveException')}
  0x0000021eb3b47584: 488b d848 | ba08 3d17 | 2e00 0000 | 0080 ba30 | 0100 0004 | 0f85 0a08 | 0000 498b | 87b0 0100 
  0x0000021eb3b475a4: 0048 8d78 | 3049 3bbf | c001 0000 | 0f87 f207 | 0000 4989 | bfb0 0100 | 0048 c700 | 0100 0000 
  0x0000021eb3b475c4: 488b ca41 | ba00 0000 | 2d49 2bca | 8948 0848 | 33c9 8948 | 0c48 33c9 | 4889 4810 | 4889 4818 
  0x0000021eb3b475e4: 4889 4820 | 4889 4828 | 4c8b 8424 | 0001 0000 | 488b fb48 | 8bd0 4889 | 8424 f001 | 0000 0f1f 
  0x0000021eb3b47604: ;   {optimized virtual_call}
  0x0000021eb3b47604: 4400 00e8 

  0x0000021eb3b47608: ; ImmutableOopMap {[208]=Oop [256]=Oop [496]=Oop }
                      ;*invokespecial <init> {reexecute=0 rethrow=0 return_oop=0}
                      ; - org.springframework.beans.factory.support.AbstractBeanFactory::doGetBean@681 (line 381)
  0x0000021eb3b47608: d47a a6ff 

  0x0000021eb3b4760c: ;   {post_call_nop}
  0x0000021eb3b4760c: 0f1f 8400 | 8418 0048 | 488b 8424 

  0x0000021eb3b47618: ; ImmutableOopMap {rax=Oop [208]=Oop [256]=Oop }
                      ;*athrow {reexecute=1 rethrow=0 return_oop=0}
                      ; - (reexecute) org.springframework.beans.factory.support.AbstractBeanFactory::doGetBean@684 (line 381)
  0x0000021eb3b47618: f001 0000 

  0x0000021eb3b4761c: ;   {section_word}
  0x0000021eb3b4761c: 48ba 1c76 | b4b3 1e02 

  0x0000021eb3b47624: ;   {runtime_call C1 Runtime handle_exception_nofpu_blob}
  0x0000021eb3b47624: 0000 e8b5 | 5eb1 ff90 | 498b 8768 | 0500 004d | 33d2 4d89 | 9768 0500 | 004d 33d2 | 4d89 9770 
  0x0000021eb3b47644: 0500 004c | 8b84 2400 | 0100 0048 | 8b94 24d0 | 0000 0048 | 8984 24f8 

  0x0000021eb3b4765c: ;   {optimized virtual_call}
  0x0000021eb3b4765c: 0100 00e8 

  0x0000021eb3b47660: ; ImmutableOopMap {[208]=Oop [256]=Oop [504]=Oop }
                      ;*invokevirtual afterPrototypeCreation {reexecute=0 rethrow=0 return_oop=0}
                      ; - org.springframework.beans.factory.support.AbstractBeanFactory::doGetBean@541 (line 354)
  0x0000021eb3b47660: 7c7a a6ff 

  0x0000021eb3b47664: ;   {post_call_nop}
  0x0000021eb3b47664: 0f1f 8400 | dc18 004a | 488b 8424 

  0x0000021eb3b47670: ; ImmutableOopMap {rax=Oop [208]=Oop [256]=Oop }
                      ;*athrow {reexecute=1 rethrow=0 return_oop=0}
                      ; - (reexecute) org.springframework.beans.factory.support.AbstractBeanFactory::doGetBean@546 (line 355)
  0x0000021eb3b47670: f801 0000 

  0x0000021eb3b47674: ;   {section_word}
  0x0000021eb3b47674: 48ba 7476 | b4b3 1e02 

  0x0000021eb3b4767c: ;   {runtime_call C1 Runtime handle_exception_nofpu_blob}
  0x0000021eb3b4767c: 0000 e85d | 5eb1 ff90 | 448b 9c24 | 2001 0000 | 488b 9c24 | 1001 0000 | 488b bc24 | d800 0000 
  0x0000021eb3b4769c: 4c8b 8c24 | e800 0000 | 4c8b 8424 | f000 0000 | 498b 8768 | 0500 004d | 33d2 4d89 | 9768 0500 
  0x0000021eb3b476bc: 004d 33d2 | 4d89 9770 | 0500 0048 | 8bd0 488d | 8424 1802 | 0000 488b | 7008 458b | b7c8 0600 
  0x0000021eb3b476dc: 004b 3b74 | 37f8 0f85 | cd06 0000 | 4183 afc8 | 0600 0008 | 4b3b 7437 | f00f 842a | 0000 0048 
  0x0000021eb3b476fc: 8b06 a802 | 0f85 1200 | 0000 4c8b | f049 83ce | 01f0 4c0f | b136 0f84 | 0d00 0000 | 4183 87c8 
  0x0000021eb3b4771c: 0600 0008 | e990 0600 

  0x0000021eb3b47724: ; ImmutableOopMap {r13=Oop rdi=Oop r8=Oop rbx=Oop r9=Oop rax=Oop [208]=Oop [216]=Oop [232]=Oop [240]=Oop [256]=Oop [272]=Oop [296]=Oop }
                      ;*athrow {reexecute=1 rethrow=0 return_oop=0}
                      ; - (reexecute) org.springframework.beans.factory.support.DefaultSingletonBeanRegistry::isDependent@23 (line 627)
                      ; - org.springframework.beans.factory.support.AbstractBeanFactory::doGetBean@326 (line 303)
  0x0000021eb3b47724: 0048 8bc2 

  0x0000021eb3b47728: ;   {section_word}
  0x0000021eb3b47728: 48ba 2877 | b4b3 1e02 

  0x0000021eb3b47730: ;   {runtime_call C1 Runtime handle_exception_nofpu_blob}
  0x0000021eb3b47730: 0000 e8a9 | 5db1 ff90 | 498b 8768 | 0500 004d | 33d2 4d89 | 9768 0500 | 004d 33d2 | 4d89 9770 
  0x0000021eb3b47750: 0500 008b | 5008 41ba | 0000 002d | 4903 d248 | 8b52 7048 | 8b12 483b | 0248 8984 | 2400 0200 
  0x0000021eb3b47770: 0066 0f1f 

  0x0000021eb3b47774: ;   {optimized virtual_call}
  0x0000021eb3b47774: 4400 00e8 

  0x0000021eb3b47778: ; ImmutableOopMap {[208]=Oop [256]=Oop [512]=Oop }
                      ;*invokevirtual toString {reexecute=0 rethrow=0 return_oop=0}
                      ; - org.springframework.beans.factory.support.AbstractBeanFactory::doGetBean@720 (line 386)
  0x0000021eb3b47778: 4f0b 0000 

  0x0000021eb3b4777c: ;   {post_call_nop}
  0x0000021eb3b4777c: 0f1f 8400 | f419 004d | 488b 9424 | 0002 0000 | 9048 b830 | 7452 c01e 

  0x0000021eb3b47794: ;   {virtual_call}
  0x0000021eb3b47794: 0200 00e8 

  0x0000021eb3b47798: ; ImmutableOopMap {[208]=Oop [256]=Oop [512]=Oop }
                      ;*invokevirtual getMessage {reexecute=0 rethrow=0 return_oop=0}
                      ; - org.springframework.beans.factory.support.AbstractBeanFactory::doGetBean@736 (line 387)
  0x0000021eb3b47798: 758f a6ff 

  0x0000021eb3b4779c: ;   {post_call_nop}
  0x0000021eb3b4779c: 0f1f 8400 | 141a 004e | 4885 c00f | 850f 0000 

  0x0000021eb3b477ac: ;   {oop("null"{0x00000000ffe3b658})}
  0x0000021eb3b477ac: 0048 b858 | b6e3 ff00 | 0000 00e9 | 0300 0000 

  0x0000021eb3b477bc: ; implicit exception: dispatches to 0x0000021eb3b47dd0
  0x0000021eb3b477bc: 483b 0048 | 8b94 24d0 | 0000 008b | b2a0 0000 | 004c 8d84 | 2418 0200 | 0049 8970 | 0848 8b06 
  0x0000021eb3b477dc: 418b bfc8 | 0600 0081 | ff18 0700 | 000f 8deb | 0500 0049 | 3b74 3ff8 | 0f84 2500 | 0000 a802 
  0x0000021eb3b477fc: 0f85 d805 | 0000 488b | f848 83e7 | fe48 83c8 | 01f0 480f | b13e 0f85 | c205 0000 | 418b bfc8 
  0x0000021eb3b4781c: 0600 0049 | 8934 3f83 | c708 4189 | bfc8 0600 | 008b baa4 | 0000 004c | 8b84 2400 | 0100 0048 
  0x0000021eb3b4783c: 8bd7 4889 | b424 0802 | 0000 0f1f | 8000 0000 | 0048 b858 | 7452 c01e 

  0x0000021eb3b47854: ;   {virtual_call}
  0x0000021eb3b47854: 0200 00e8 

  0x0000021eb3b47858: ; ImmutableOopMap {[208]=Oop [256]=Oop [512]=Oop [520]=Oop [544]=Oop }
                      ;*invokeinterface remove {reexecute=0 rethrow=0 return_oop=0}
                      ; - org.springframework.beans.factory.support.AbstractBeanFactory::cleanupAfterBeanCreationFailure@12 (line 1791)
                      ; - org.springframework.beans.factory.support.AbstractBeanFactory::doGetBean@751 (line 388)
  0x0000021eb3b47858: b9e6 a6ff 

  0x0000021eb3b4785c: ;   {post_call_nop}
  0x0000021eb3b4785c: 0f1f 8400 | d41a 004f | 488d 8424 | 1802 0000 | 4c8b 4008 | 418b 97c8 | 0600 004d | 3b44 17f8 
  0x0000021eb3b4787c: 0f85 6b05 | 0000 4183 | afc8 0600 | 0008 4d3b | 4417 f00f | 842a 0000 | 0049 8b00 | a802 0f85 
  0x0000021eb3b4789c: 1200 0000 | 488b d048 | 83ca 01f0 | 490f b110 | 0f84 0d00 | 0000 4183 | 87c8 0600 | 0008 e92e 
  0x0000021eb3b478bc: 0500 0048 | 8b84 2400 

  0x0000021eb3b478c4: ; ImmutableOopMap {rax=Oop [208]=Oop [256]=Oop [512]=Oop }
                      ;*athrow {reexecute=1 rethrow=0 return_oop=0}
                      ; - (reexecute) org.springframework.beans.factory.support.AbstractBeanFactory::doGetBean@756 (line 389)
                      ;   {section_word}
  0x0000021eb3b478c4: 0200 0048 | bac7 78b4 | b31e 0200 

  0x0000021eb3b478d0: ;   {runtime_call C1 Runtime handle_exception_nofpu_blob}
  0x0000021eb3b478d0: 00e8 0a5c | b1ff 9049 | 8b87 6805 | 0000 4d33 | d24d 8997 | 6805 0000 | 4d33 d24d | 8997 7005 
  0x0000021eb3b478f0: 0000 488b | d048 8d84 | 2418 0200 | 0048 8b78 | 0841 8bb7 | c806 0000 | 493b 7c37 | f80f 85f0 
  0x0000021eb3b47910: 0400 0041 | 83af c806 | 0000 0849 | 3b7c 37f0 | 0f84 2a00 | 0000 488b | 07a8 020f | 8512 0000 
  0x0000021eb3b47930: 0048 8bf0 | 4883 ce01 | f048 0fb1 | 370f 840d | 0000 0041 | 8387 c806 | 0000 08e9 | b304 0000 
  0x0000021eb3b47950: ; ImmutableOopMap {r8=Oop rax=Oop [208]=Oop [256]=Oop }
                      ;*athrow {reexecute=1 rethrow=0 return_oop=0}
                      ; - (reexecute) org.springframework.beans.factory.support.AbstractBeanFactory::cleanupAfterBeanCreationFailure@27 (line 1792)
                      ; - org.springframework.beans.factory.support.AbstractBeanFactory::doGetBean@751 (line 388)
                      ;   {section_word}
  0x0000021eb3b47950: 488b c248 | ba53 79b4 | b31e 0200 

  0x0000021eb3b4795c: ;   {runtime_call C1 Runtime handle_exception_nofpu_blob}
  0x0000021eb3b4795c: 00e8 7e5b | b1ff 9048 | 8b94 24d0 | 0000 0049 | 8b87 6805 | 0000 4d33 | d24d 8997 | 6805 0000 
  0x0000021eb3b4797c: 4d33 d24d | 8997 7005 | 0000 440f | be42 6141 | 83e0 0145 | 85c0 0f85 | bc00 0000 | 4889 8424 
  0x0000021eb3b4799c: 1002 0000 | 8bb2 a000 | 0000 4c8b | 8424 0001 | 0000 488b | d60f 1f40 | 0048 b880 | 7452 c01e 
  0x0000021eb3b479bc: ;   {virtual_call}
  0x0000021eb3b479bc: 0200 00e8 

  0x0000021eb3b479c0: ; ImmutableOopMap {[208]=Oop [256]=Oop [528]=Oop }
                      ;*invokeinterface get {reexecute=0 rethrow=0 return_oop=0}
                      ; - org.springframework.beans.factory.support.AbstractBeanFactory::clearMergedBeanDefinition@5 (line 1524)
                      ; - org.springframework.beans.factory.support.DefaultListableBeanFactory::clearMergedBeanDefinition@2 (line 986)
                      ; - org.springframework.beans.factory.support.AbstractBeanFactory::doGetBean@776 (line 394)
  0x0000021eb3b479c0: 1c7a a6ff 

  0x0000021eb3b479c4: ;   {post_call_nop}
  0x0000021eb3b479c4: 0f1f 8400 | 3c1c 0052 | 4885 c00f | 8425 0000 

  0x0000021eb3b479d4: ;   {metadata('org/springframework/beans/factory/support/RootBeanDefinition')}
  0x0000021eb3b479d4: 0048 bf20 | 7117 2e00 | 0000 008b | 7008 41ba | 0000 002d | 4903 f248 | 3b7e 500f | 8524 0400 
  0x0000021eb3b479f4: 00e9 0000 | 0000 4c8b | c04d 85c0 | 0f84 0f00 | 0000 ba01 | 0000 0041 | 8850 67f0 | 8344 24c0 
  0x0000021eb3b47a14: 0048 8b84 | 2400 0100 | 0048 8b94 | 24d0 0000 | 008b 92ec | 0000 004c | 8bc0 0f1f | 8000 0000 
  0x0000021eb3b47a34: 0048 b8a8 | 7452 c01e 

  0x0000021eb3b47a3c: ;   {virtual_call}
  0x0000021eb3b47a3c: 0200 00e8 

  0x0000021eb3b47a40: ; ImmutableOopMap {[528]=Oop }
                      ;*invokeinterface remove {reexecute=0 rethrow=0 return_oop=0}
                      ; - org.springframework.beans.factory.support.DefaultListableBeanFactory::clearMergedBeanDefinition@10 (line 987)
                      ; - org.springframework.beans.factory.support.AbstractBeanFactory::doGetBean@776 (line 394)
  0x0000021eb3b47a40: 9c79 a6ff 

  0x0000021eb3b47a44: ;   {post_call_nop}
  0x0000021eb3b47a44: 0f1f 8400 | bc1c 0053 | 488b 8424 | 1002 0000 | e964 0400 | 0048 8904 

  0x0000021eb3b47a5c: ;   {runtime_call C1 Runtime throw_class_cast_exception_blob}
  0x0000021eb3b47a5c: 24e8 7e66 

  0x0000021eb3b47a60: ; ImmutableOopMap {[208]=Oop [216]=Oop [232]=Oop [240]=Oop [248]=Oop }
                      ;*checkcast {reexecute=0 rethrow=0 return_oop=0}
                      ; - org.springframework.core.SimpleAliasRegistry::canonicalName@12 (line 229)
                      ; - org.springframework.beans.factory.support.AbstractBeanFactory::transformedBeanName@5 (line 1272)
                      ; - org.springframework.beans.factory.support.AbstractBeanFactory::doGetBean@2 (line 240)
                      ;   {runtime_call C1 Runtime throw_incompatible_class_change_error_blob}
  0x0000021eb3b47a60: b1ff e879 

  0x0000021eb3b47a64: ; ImmutableOopMap {rdx=Oop r9=Oop r8=Oop [208]=Oop [216]=Oop [232]=Oop [240]=Oop [256]=Oop }
                      ;*invokeinterface start {reexecute=0 rethrow=0 return_oop=0}
                      ; - org.springframework.beans.factory.support.AbstractBeanFactory::doGetBean@226 (line 290)
                      ;   {runtime_call C1 Runtime throw_null_pointer_exception_blob}
  0x0000021eb3b47a64: 69b1 ffe8 

  0x0000021eb3b47a68: ; ImmutableOopMap {rdx=Oop r9=Oop [208]=Oop [216]=Oop [232]=Oop [240]=Oop [256]=Oop }
                      ;*invokeinterface start {reexecute=0 rethrow=0 return_oop=0}
                      ; - org.springframework.beans.factory.support.AbstractBeanFactory::doGetBean@226 (line 290)
  0x0000021eb3b47a68: 743e b1ff 

  0x0000021eb3b47a6c: ; implicit exception: dispatches to 0x0000021eb3b47e27
  0x0000021eb3b47a6c: 448b 400c | 4d85 c00f | 84a9 e6ff | ff4c 8904 

  0x0000021eb3b47a7c: ;   {runtime_call g1_pre_barrier_slow}
  0x0000021eb3b47a7c: 24e8 5e9c | b1ff e99b 

  0x0000021eb3b47a84: ;   {runtime_call C1 Runtime throw_null_pointer_exception_blob}
  0x0000021eb3b47a84: e6ff ffe8 

  0x0000021eb3b47a88: ; ImmutableOopMap {rax=Oop r9=Oop [208]=Oop [216]=Oop [232]=Oop [240]=Oop [256]=Oop }
                      ;*invokestatic linkToSpecial {reexecute=0 rethrow=0 return_oop=0}
                      ; - java.lang.invoke.DirectMethodHandle$Holder::newInvokeSpecial@16
                      ; - java.lang.invoke.Invokers$Holder::linkToTargetMethod@5
                      ; - org.springframework.beans.factory.support.AbstractBeanFactory::doGetBean@255 (line 294)
  0x0000021eb3b47a88: 543e b1ff 

  0x0000021eb3b47a8c: ;   {runtime_call C1 Runtime throw_null_pointer_exception_blob}
  0x0000021eb3b47a8c: e84f 3eb1 

  0x0000021eb3b47a90: ; ImmutableOopMap {rax=Oop [208]=Oop [216]=Oop [232]=Oop [240]=Oop [256]=Oop [272]=Oop }
                      ;*invokevirtual getDependsOn {reexecute=0 rethrow=0 return_oop=0}
                      ; - org.springframework.beans.factory.support.AbstractBeanFactory::doGetBean@285 (line 300)
                      ;   {runtime_call C1 Runtime throw_null_pointer_exception_blob}
  0x0000021eb3b47a90: ffe8 4a3e 

  0x0000021eb3b47a94: ; ImmutableOopMap {rax=Oop rsi=Oop [208]=Oop [216]=Oop [232]=Oop [240]=Oop [256]=Oop [272]=Oop [296]=Oop }
                      ;*arraylength {reexecute=0 rethrow=0 return_oop=0}
                      ; - org.springframework.beans.factory.support.AbstractBeanFactory::doGetBean@301 (line 302)
                      ;   {runtime_call C1 Runtime throw_null_pointer_exception_blob}
  0x0000021eb3b47a94: b1ff e845 

  0x0000021eb3b47a98: ; ImmutableOopMap {rsi=Oop rdx=Oop r13=Oop r14=Oop rdi=Oop [208]=Oop [216]=Oop [232]=Oop [240]=Oop [272]=Oop [296]=Oop }
                      ;*monitorenter {reexecute=0 rethrow=0 return_oop=0}
                      ; - org.springframework.beans.factory.support.DefaultSingletonBeanRegistry::isDependent@6 (line 625)
                      ; - org.springframework.beans.factory.support.AbstractBeanFactory::doGetBean@326 (line 303)
  0x0000021eb3b47a98: 3eb1 ff4c | 8974 2408 | 4c89 0424 

  0x0000021eb3b47aa4: ;   {runtime_call C1 Runtime monitorenter_nofpu_blob}
  0x0000021eb3b47aa4: e837 75b1 

  0x0000021eb3b47aa8: ; ImmutableOopMap {rsi=Oop rdx=Oop r13=Oop r14=Oop rdi=Oop [208]=Oop [216]=Oop [232]=Oop [240]=Oop [272]=Oop [296]=Oop [544]=Oop }
                      ;*monitorenter {reexecute=0 rethrow=0 return_oop=0}
                      ; - org.springframework.beans.factory.support.DefaultSingletonBeanRegistry::isDependent@6 (line 625)
                      ; - org.springframework.beans.factory.support.AbstractBeanFactory::doGetBean@326 (line 303)
  0x0000021eb3b47aa8: ffe9 9be7 | ffff 488d | 8424 1802 | 0000 4889 

  0x0000021eb3b47ab8: ;   {runtime_call C1 Runtime monitorexit_nofpu_blob}
  0x0000021eb3b47ab8: 0424 e821 | 7bb1 ffe9 | 2ee8 ffff 

  0x0000021eb3b47ac4: ; implicit exception: dispatches to 0x0000021eb3b47e2c
  0x0000021eb3b47ac4: 448b 400c | 4d85 c00f | 8481 e9ff | ff4c 8904 

  0x0000021eb3b47ad4: ;   {runtime_call g1_pre_barrier_slow}
  0x0000021eb3b47ad4: 24e8 069c | b1ff e973 

  0x0000021eb3b47adc: ;   {runtime_call C1 Runtime throw_null_pointer_exception_blob}
  0x0000021eb3b47adc: e9ff ffe8 

  0x0000021eb3b47ae0: ; ImmutableOopMap {rax=Oop rdx=Oop [208]=Oop [216]=Oop [232]=Oop [240]=Oop [256]=Oop [272]=Oop }
                      ;*invokestatic linkToSpecial {reexecute=0 rethrow=0 return_oop=0}
                      ; - java.lang.invoke.LambdaForm$DMH/0x000000002e0a4000::newInvokeSpecial@24
                      ; - java.lang.invoke.Invokers$Holder::linkToTargetMethod@9
                      ; - org.springframework.beans.factory.support.AbstractBeanFactory::doGetBean@472 (line 331)
  0x0000021eb3b47ae0: fc3d b1ff | 448b 4010 | 4d85 c00f | 84a4 e9ff | ff4c 8904 

  0x0000021eb3b47af4: ;   {runtime_call g1_pre_barrier_slow}
  0x0000021eb3b47af4: 24e8 e69b | b1ff e996 | e9ff ff44 | 8b40 144d | 85c0 0f84 | cce9 ffff | 4c89 0424 

  0x0000021eb3b47b10: ;   {runtime_call g1_pre_barrier_slow}
  0x0000021eb3b47b10: e8cb 9bb1 | ffe9 bee9 | ffff 448b | 4018 4d85 | c00f 84f4 | e9ff ff4c 

  0x0000021eb3b47b28: ;   {runtime_call g1_pre_barrier_slow}
  0x0000021eb3b47b28: 8904 24e8 | b09b b1ff | e9e6 e9ff 

  0x0000021eb3b47b34: ;   {runtime_call C1 Runtime throw_null_pointer_exception_blob}
  0x0000021eb3b47b34: ffe8 a63d 

  0x0000021eb3b47b38: ; ImmutableOopMap {rax=Oop rsi=Oop [208]=Oop [216]=Oop [232]=Oop [240]=Oop [256]=Oop [272]=Oop }
                      ;*invokevirtual isEmpty {reexecute=0 rethrow=0 return_oop=0}
                      ; - org.springframework.util.StringUtils::hasLength@5 (line 149)
                      ; - org.springframework.beans.factory.support.AbstractBeanFactory::doGetBean@573 (line 361)
                      ;   {runtime_call C1 Runtime throw_null_pointer_exception_blob}
  0x0000021eb3b47b38: b1ff e8a1 

  0x0000021eb3b47b3c: ; ImmutableOopMap {rax=Oop rsi=Oop [208]=Oop [216]=Oop [232]=Oop [240]=Oop [256]=Oop [272]=Oop }
                      ;*arraylength {reexecute=0 rethrow=0 return_oop=0}
                      ; - java.lang.String::isEmpty@4 (line 1762)
                      ; - org.springframework.util.StringUtils::hasLength@5 (line 149)
                      ; - org.springframework.beans.factory.support.AbstractBeanFactory::doGetBean@573 (line 361)
  0x0000021eb3b47b3c: 3db1 ff48 

  0x0000021eb3b47b40: ;   {runtime_call C1 Runtime throw_class_cast_exception_blob}
  0x0000021eb3b47b40: 8904 24e8 

  0x0000021eb3b47b44: ; ImmutableOopMap {[208]=Oop [216]=Oop [232]=Oop [240]=Oop [256]=Oop [272]=Oop [320]=Oop }
                      ;*checkcast {reexecute=0 rethrow=0 return_oop=0}
                      ; - org.springframework.beans.factory.support.AbstractBeanFactory::doGetBean@605 (line 364)
  0x0000021eb3b47b44: 9865 b1ff | 48be 0000 | 0000 0000 | 0000 b800 

  0x0000021eb3b47b54: ;   {runtime_call C1 Runtime load_appendix_patching_blob}
  0x0000021eb3b47b54: 0f05 0ae8 

  0x0000021eb3b47b58: ; ImmutableOopMap {[208]=Oop [216]=Oop [232]=Oop [240]=Oop [256]=Oop [272]=Oop [320]=Oop [328]=Oop }
                      ;*invokedynamic {reexecute=1 rethrow=0 return_oop=0}
                      ; - (reexecute) org.springframework.beans.factory.support.AbstractBeanFactory::doGetBean@640 (line 369)
  0x0000021eb3b47b58: 048e b1ff | e92f ecff | ff48 8904 

  0x0000021eb3b47b64: ;   {runtime_call C1 Runtime throw_class_cast_exception_blob}
  0x0000021eb3b47b64: 24e8 7665 

  0x0000021eb3b47b68: ; ImmutableOopMap {[208]=Oop [232]=Oop [240]=Oop [256]=Oop [336]=Oop }
                      ;*checkcast {reexecute=0 rethrow=0 return_oop=0}
                      ; - org.springframework.beans.factory.support.AbstractBeanFactory::clearMergedBeanDefinition@10 (line 1524)
                      ; - org.springframework.beans.factory.support.DefaultListableBeanFactory::clearMergedBeanDefinition@2 (line 986)
                      ; - org.springframework.beans.factory.support.AbstractBeanFactory::doGetBean@702 (line 394)
                      ;   {runtime_call C1 Runtime throw_null_pointer_exception_blob}
  0x0000021eb3b47b68: b1ff e871 

  0x0000021eb3b47b6c: ; ImmutableOopMap {[208]=Oop [232]=Oop [240]=Oop [256]=Oop [336]=Oop }
                      ;*putfield stale {reexecute=1 rethrow=0 return_oop=0}
                      ; - (reexecute) org.springframework.beans.factory.support.AbstractBeanFactory::clearMergedBeanDefinition@20 (line 1526)
                      ; - org.springframework.beans.factory.support.DefaultListableBeanFactory::clearMergedBeanDefinition@2 (line 986)
                      ; - org.springframework.beans.factory.support.AbstractBeanFactory::doGetBean@702 (line 394)
                      ;   {runtime_call C1 Runtime throw_null_pointer_exception_blob}
  0x0000021eb3b47b6c: 3db1 ffe8 

  0x0000021eb3b47b70: ; ImmutableOopMap {rbx=Oop [208]=Oop [256]=Oop [272]=Oop [280]=Oop }
                      ;*new {reexecute=0 rethrow=0 return_oop=0}
                      ; - org.springframework.beans.factory.support.AbstractBeanFactory::doGetBean@332 (line 304)
  0x0000021eb3b47b70: 6c3d b1ff 

  0x0000021eb3b47b74: ;   {runtime_call C1 Runtime fast_new_instance_init_check_blob}
  0x0000021eb3b47b74: 488b d2e8 

  0x0000021eb3b47b78: ; ImmutableOopMap {rbx=Oop [208]=Oop [256]=Oop [272]=Oop [280]=Oop }
                      ;*new {reexecute=0 rethrow=0 return_oop=0}
                      ; - org.springframework.beans.factory.support.AbstractBeanFactory::doGetBean@332 (line 304)
  0x0000021eb3b47b78: 6449 b1ff | e9be edff 

  0x0000021eb3b47b80: ;   {runtime_call C1 Runtime throw_null_pointer_exception_blob}
  0x0000021eb3b47b80: ffe8 5a3d 

  0x0000021eb3b47b84: ; ImmutableOopMap {rax=Oop r8=Oop [216]=Oop [232]=Oop [240]=Oop [264]=Oop }
                      ;*invokevirtual isEmpty {reexecute=0 rethrow=0 return_oop=0}
                      ; - org.springframework.beans.factory.support.AbstractBeanFactory::originalBeanName@7 (line 1282)
                      ; - org.springframework.beans.factory.support.AbstractBeanFactory::doGetBean@137 (line 269)
                      ;   {runtime_call C1 Runtime throw_null_pointer_exception_blob}
  0x0000021eb3b47b84: b1ff e855 

  0x0000021eb3b47b88: ; ImmutableOopMap {rax=Oop r8=Oop rdx=Oop [216]=Oop [232]=Oop [240]=Oop [264]=Oop }
                      ;*arraylength {reexecute=0 rethrow=0 return_oop=0}
                      ; - java.lang.String::isEmpty@4 (line 1762)
                      ; - org.springframework.beans.factory.support.AbstractBeanFactory::originalBeanName@7 (line 1282)
                      ; - org.springframework.beans.factory.support.AbstractBeanFactory::doGetBean@137 (line 269)
  0x0000021eb3b47b88: 3db1 ff48 | c704 24e4 

  0x0000021eb3b47b90: ;   {runtime_call C1 Runtime deoptimize_blob}
  0x0000021eb3b47b90: ffff ffe8 

  0x0000021eb3b47b94: ; ImmutableOopMap {rax=Oop rdx=Oop [216]=Oop [232]=Oop [264]=Oop }
                      ;*invokestatic checkIndex {reexecute=0 rethrow=0 return_oop=0}
                      ; - java.lang.String::checkIndex@5 (line 5191)
                      ; - java.lang.StringLatin1::charAt@3 (line 47)
                      ; - java.lang.String::charAt@12 (line 1785)
                      ; - org.springframework.beans.factory.support.AbstractBeanFactory::originalBeanName@15 (line 1282)
                      ; - org.springframework.beans.factory.support.AbstractBeanFactory::doGetBean@137 (line 269)
  0x0000021eb3b47b94: 487d b1ff | 48c7 0424 | e4ff ffff 

  0x0000021eb3b47ba0: ;   {runtime_call C1 Runtime deoptimize_blob}
  0x0000021eb3b47ba0: e83b 7db1 

  0x0000021eb3b47ba4: ; ImmutableOopMap {rax=Oop rdx=Oop [216]=Oop [232]=Oop [264]=Oop }
                      ;*invokestatic checkIndex {reexecute=0 rethrow=0 return_oop=0}
                      ; - java.lang.String::checkIndex@5 (line 5191)
                      ; - java.lang.StringLatin1::charAt@3 (line 47)
                      ; - java.lang.String::charAt@12 (line 1785)
                      ; - org.springframework.beans.factory.support.AbstractBeanFactory::originalBeanName@15 (line 1282)
                      ; - org.springframework.beans.factory.support.AbstractBeanFactory::doGetBean@137 (line 269)
  0x0000021eb3b47ba4: ff48 c704 | 2400 0000 | 0048 8954 

  0x0000021eb3b47bb0: ;   {runtime_call C1 Runtime throw_range_check_failed_blob}
  0x0000021eb3b47bb0: 2408 e829 

  0x0000021eb3b47bb4: ; ImmutableOopMap {rax=Oop rdx=Oop [216]=Oop [232]=Oop [264]=Oop }
                      ;*baload {reexecute=0 rethrow=0 return_oop=0}
                      ; - java.lang.StringLatin1::charAt@8 (line 48)
                      ; - java.lang.String::charAt@12 (line 1785)
                      ; - org.springframework.beans.factory.support.AbstractBeanFactory::originalBeanName@15 (line 1282)
                      ; - org.springframework.beans.factory.support.AbstractBeanFactory::doGetBean@137 (line 269)
  0x0000021eb3b47bb4: 34b1 ff48 | c704 24e4 

  0x0000021eb3b47bbc: ;   {runtime_call C1 Runtime deoptimize_blob}
  0x0000021eb3b47bbc: ffff ffe8 

  0x0000021eb3b47bc0: ; ImmutableOopMap {rax=Oop rdx=Oop [216]=Oop [232]=Oop [264]=Oop }
                      ;*invokestatic checkIndex {reexecute=0 rethrow=0 return_oop=0}
                      ; - java.lang.String::checkIndex@5 (line 5191)
                      ; - java.lang.StringUTF16::checkIndex@5 (line 1734)
                      ; - java.lang.StringUTF16::charAt@2 (line 1632)
                      ; - java.lang.String::charAt@21 (line 1787)
                      ; - org.springframework.beans.factory.support.AbstractBeanFactory::originalBeanName@15 (line 1282)
                      ; - org.springframework.beans.factory.support.AbstractBeanFactory::doGetBean@137 (line 269)
  0x0000021eb3b47bc0: 1c7d b1ff | 48c7 0424 | e4ff ffff 

  0x0000021eb3b47bcc: ;   {runtime_call C1 Runtime deoptimize_blob}
  0x0000021eb3b47bcc: e80f 7db1 

  0x0000021eb3b47bd0: ; ImmutableOopMap {rax=Oop rdx=Oop [216]=Oop [232]=Oop [264]=Oop }
                      ;*invokestatic checkIndex {reexecute=0 rethrow=0 return_oop=0}
                      ; - java.lang.String::checkIndex@5 (line 5191)
                      ; - java.lang.StringUTF16::checkIndex@5 (line 1734)
                      ; - java.lang.StringUTF16::charAt@2 (line 1632)
                      ; - java.lang.String::charAt@21 (line 1787)
                      ; - org.springframework.beans.factory.support.AbstractBeanFactory::originalBeanName@15 (line 1282)
                      ; - org.springframework.beans.factory.support.AbstractBeanFactory::doGetBean@137 (line 269)
  0x0000021eb3b47bd0: ff49 b800 | 0000 0000 | 0000 00b8 | 000f 050a 

  0x0000021eb3b47be0: ;   {runtime_call C1 Runtime load_appendix_patching_blob}
  0x0000021eb3b47be0: e87b 8db1 

  0x0000021eb3b47be4: ; ImmutableOopMap {rax=Oop [216]=Oop [232]=Oop [264]=Oop }
                      ;*invokedynamic {reexecute=1 rethrow=0 return_oop=0}
                      ; - (reexecute) org.springframework.beans.factory.support.AbstractBeanFactory::originalBeanName@24 (line 1283)
                      ; - org.springframework.beans.factory.support.AbstractBeanFactory::doGetBean@137 (line 269)
  0x0000021eb3b47be4: ffe9 7eee | ffff 49b8 | 0000 0000 | 0000 0000 | b800 0f05 

  0x0000021eb3b47bf8: ;   {runtime_call C1 Runtime load_appendix_patching_blob}
  0x0000021eb3b47bf8: 0ae8 628d 

  0x0000021eb3b47bfc: ; ImmutableOopMap {rdx=Oop rsi=Oop [208]=Oop [232]=Oop [240]=Oop [256]=Oop [344]=Oop }
                      ;*invokedynamic {reexecute=1 rethrow=0 return_oop=0}
                      ; - (reexecute) org.springframework.beans.factory.support.AbstractBeanFactory::doGetBean@51 (line 248)
  0x0000021eb3b47bfc: b1ff e975 | efff ff49 | b800 0000 | 0000 0000 | 00b8 000f 

  0x0000021eb3b47c10: ;   {runtime_call C1 Runtime load_appendix_patching_blob}
  0x0000021eb3b47c10: 050a e849 

  0x0000021eb3b47c14: ; ImmutableOopMap {rdx=Oop rsi=Oop [208]=Oop [232]=Oop [240]=Oop [256]=Oop [344]=Oop }
                      ;*invokedynamic {reexecute=1 rethrow=0 return_oop=0}
                      ; - (reexecute) org.springframework.beans.factory.support.AbstractBeanFactory::doGetBean@70 (line 252)
  0x0000021eb3b47c14: 8db1 ffe9 | bcef ffff 

  0x0000021eb3b47c1c: ;   {runtime_call C1 Runtime throw_null_pointer_exception_blob}
  0x0000021eb3b47c1c: e8bf 3cb1 

  0x0000021eb3b47c20: ; ImmutableOopMap {rbx=Oop r9=Oop [208]=Oop [232]=Oop [256]=Oop [272]=Oop [368]=Oop }
                      ;*new {reexecute=0 rethrow=0 return_oop=0}
                      ; - org.springframework.beans.factory.support.AbstractBeanFactory::doGetBean@408 (line 319)
  0x0000021eb3b47c20: ff48 8bd2 

  0x0000021eb3b47c24: ;   {runtime_call C1 Runtime fast_new_instance_init_check_blob}
  0x0000021eb3b47c24: e8b7 48b1 

  0x0000021eb3b47c28: ; ImmutableOopMap {rbx=Oop r9=Oop [208]=Oop [232]=Oop [256]=Oop [272]=Oop [368]=Oop }
                      ;*new {reexecute=0 rethrow=0 return_oop=0}
                      ; - org.springframework.beans.factory.support.AbstractBeanFactory::doGetBean@408 (line 319)
  0x0000021eb3b47c28: ffe9 a4f0 

  0x0000021eb3b47c2c: ;   {runtime_call C1 Runtime throw_null_pointer_exception_blob}
  0x0000021eb3b47c2c: ffff e8ad 

  0x0000021eb3b47c30: ; ImmutableOopMap {rax=Oop r9=Oop [208]=Oop [232]=Oop [256]=Oop [368]=Oop [376]=Oop [384]=Oop [392]=Oop }
                      ;*invokevirtual getSimpleName {reexecute=0 rethrow=0 return_oop=0}
                      ; - org.springframework.beans.factory.support.AbstractBeanFactory::doGetBean@425 (line 321)
                      ;   {runtime_call C1 Runtime throw_null_pointer_exception_blob}
  0x0000021eb3b47c30: 3cb1 ffe8 

  0x0000021eb3b47c34: ; ImmutableOopMap {rax=Oop [208]=Oop [232]=Oop [256]=Oop [368]=Oop [376]=Oop [384]=Oop [392]=Oop }
                      ;*getfield simpleName {reexecute=1 rethrow=0 return_oop=0}
                      ; - (reexecute) java.lang.Class::getSimpleName@6 (line 1671)
                      ; - org.springframework.beans.factory.support.AbstractBeanFactory::doGetBean@425 (line 321)
  0x0000021eb3b47c34: a83c b1ff 

  0x0000021eb3b47c38: ;   {runtime_call C1 Runtime throw_null_pointer_exception_blob}
  0x0000021eb3b47c38: e8a3 3cb1 

  0x0000021eb3b47c3c: ; ImmutableOopMap {rbx=Oop [208]=Oop [256]=Oop [272]=Oop [280]=Oop [400]=Oop }
                      ;*new {reexecute=0 rethrow=0 return_oop=0}
                      ; - org.springframework.beans.factory.support.AbstractBeanFactory::doGetBean@376 (line 312)
  0x0000021eb3b47c3c: ff48 8bd2 

  0x0000021eb3b47c40: ;   {runtime_call C1 Runtime fast_new_instance_init_check_blob}
  0x0000021eb3b47c40: e89b 48b1 

  0x0000021eb3b47c44: ; ImmutableOopMap {rbx=Oop [208]=Oop [256]=Oop [272]=Oop [280]=Oop [400]=Oop }
                      ;*new {reexecute=0 rethrow=0 return_oop=0}
                      ; - org.springframework.beans.factory.support.AbstractBeanFactory::doGetBean@376 (line 312)
  0x0000021eb3b47c44: ffe9 bbf1 

  0x0000021eb3b47c48: ;   {internal_word}
  0x0000021eb3b47c48: ffff 49ba | 946e b4b3 | 1e02 0000 | 4d89 97b8 

  0x0000021eb3b47c58: ;   {runtime_call SafepointBlob}
  0x0000021eb3b47c58: 0400 00e9 | 0096 a6ff 

  0x0000021eb3b47c60: ;   {internal_word}
  0x0000021eb3b47c60: 49ba c46e | b4b3 1e02 | 0000 4d89 | 97b8 0400 

  0x0000021eb3b47c70: ;   {runtime_call SafepointBlob}
  0x0000021eb3b47c70: 00e9 ea95 

  0x0000021eb3b47c74: ;   {internal_word}
  0x0000021eb3b47c74: a6ff 49ba | fc6e b4b3 | 1e02 0000 | 4d89 97b8 

  0x0000021eb3b47c84: ;   {runtime_call SafepointBlob}
  0x0000021eb3b47c84: 0400 00e9 | d495 a6ff | 4889 3424 

  0x0000021eb3b47c90: ;   {runtime_call C1 Runtime throw_class_cast_exception_blob}
  0x0000021eb3b47c90: e84b 64b1 

  0x0000021eb3b47c94: ; ImmutableOopMap {rax=Oop rdi=Oop [216]=Oop [232]=Oop }
                      ;*checkcast {reexecute=0 rethrow=0 return_oop=0}
                      ; - org.springframework.beans.factory.support.AbstractBeanFactory::doGetBean@152 (line 270)
                      ;   {runtime_call C1 Runtime throw_null_pointer_exception_blob}
  0x0000021eb3b47c94: ffe8 463c 

  0x0000021eb3b47c98: ; ImmutableOopMap {rax=Oop rdi=Oop rdx=Oop [216]=Oop [232]=Oop }
                      ;*invokevirtual doGetBean {reexecute=0 rethrow=0 return_oop=0}
                      ; - org.springframework.beans.factory.support.AbstractBeanFactory::doGetBean@165 (line 271)
                      ;   {internal_word}
  0x0000021eb3b47c98: b1ff 49ba | 646f b4b3 | 1e02 0000 | 4d89 97b8 

  0x0000021eb3b47ca8: ;   {runtime_call SafepointBlob}
  0x0000021eb3b47ca8: 0400 00e9 | b095 a6ff 

  0x0000021eb3b47cb0: ;   {internal_word}
  0x0000021eb3b47cb0: 49ba dc6f | b4b3 1e02 | 0000 4d89 | 97b8 0400 

  0x0000021eb3b47cc0: ;   {runtime_call SafepointBlob}
  0x0000021eb3b47cc0: 00e9 9a95 | a6ff 49b9 | 0000 0000 | 0000 0000 | b800 0f05 

  0x0000021eb3b47cd4: ;   {runtime_call C1 Runtime load_appendix_patching_blob}
  0x0000021eb3b47cd4: 0ae8 868c 

  0x0000021eb3b47cd8: ; ImmutableOopMap {[208]=Oop [256]=Oop [280]=Oop [400]=Oop [408]=Oop [416]=Oop }
                      ;*invokedynamic {reexecute=1 rethrow=0 return_oop=0}
                      ; - (reexecute) org.springframework.beans.factory.support.AbstractBeanFactory::doGetBean@391 (line 312)
  0x0000021eb3b47cd8: b1ff e941 | f3ff ff8b | 7234 4885 | f60f 84de | f3ff ff48 

  0x0000021eb3b47cec: ;   {runtime_call g1_pre_barrier_slow}
  0x0000021eb3b47cec: 8934 24e8 | ec99 b1ff | e9d0 f3ff | ff48 be00 | 0000 0000 | 0000 00b8 | 000f 050a 

  0x0000021eb3b47d08: ;   {runtime_call C1 Runtime load_appendix_patching_blob}
  0x0000021eb3b47d08: e853 8cb1 

  0x0000021eb3b47d0c: ; ImmutableOopMap {rax=Oop [208]=Oop [256]=Oop [368]=Oop [376]=Oop [384]=Oop [392]=Oop [432]=Oop }
                      ;*invokedynamic {reexecute=1 rethrow=0 return_oop=0}
                      ; - (reexecute) org.springframework.beans.factory.support.AbstractBeanFactory::doGetBean@435 (line 322)
  0x0000021eb3b47d0c: ffe9 16f4 | ffff 49b9 | 0000 0000 | 0000 0000 | b800 0f05 

  0x0000021eb3b47d20: ;   {runtime_call C1 Runtime load_appendix_patching_blob}
  0x0000021eb3b47d20: 0ae8 3a8c 

  0x0000021eb3b47d24: ; ImmutableOopMap {[208]=Oop [256]=Oop [280]=Oop [440]=Oop [448]=Oop }
                      ;*invokedynamic {reexecute=1 rethrow=0 return_oop=0}
                      ; - (reexecute) org.springframework.beans.factory.support.AbstractBeanFactory::doGetBean@347 (line 304)
  0x0000021eb3b47d24: b1ff e9c5 | f4ff ff48 

  0x0000021eb3b47d2c: ;   {runtime_call C1 Runtime fast_new_instance_blob}
  0x0000021eb3b47d2c: 8bd2 e8ad 

  0x0000021eb3b47d30: ; ImmutableOopMap {[208]=Oop [256]=Oop [320]=Oop }
                      ;*new {reexecute=0 rethrow=0 return_oop=0}
                      ; - org.springframework.beans.factory.support.AbstractBeanFactory::doGetBean@615 (line 366)
  0x0000021eb3b47d30: 44b1 ffe9 | 78f5 ffff | 49b8 0000 | 0000 0000 | 0000 b800 

  0x0000021eb3b47d44: ;   {runtime_call C1 Runtime load_appendix_patching_blob}
  0x0000021eb3b47d44: 0f05 0ae8 

  0x0000021eb3b47d48: ; ImmutableOopMap {rax=Oop [208]=Oop [256]=Oop [320]=Oop }
                      ;*invokedynamic {reexecute=1 rethrow=0 return_oop=0}
                      ; - (reexecute) org.springframework.beans.factory.support.AbstractBeanFactory::doGetBean@621 (line 366)
  0x0000021eb3b47d48: 148c b1ff | e95f f5ff | ff48 8bd2 

  0x0000021eb3b47d54: ;   {runtime_call C1 Runtime fast_new_instance_blob}
  0x0000021eb3b47d54: e887 44b1 

  0x0000021eb3b47d58: ; ImmutableOopMap {[208]=Oop [256]=Oop }
                      ;*new {reexecute=0 rethrow=0 return_oop=0}
                      ; - org.springframework.beans.factory.support.AbstractBeanFactory::doGetBean@579 (line 362)
  0x0000021eb3b47d58: ffe9 02f6 | ffff 49b8 | 0000 0000 | 0000 0000 | b800 0f05 

  0x0000021eb3b47d6c: ;   {runtime_call C1 Runtime load_appendix_patching_blob}
  0x0000021eb3b47d6c: 0ae8 ee8b 

  0x0000021eb3b47d70: ; ImmutableOopMap {rax=Oop [208]=Oop [256]=Oop }
                      ;*invokedynamic {reexecute=1 rethrow=0 return_oop=0}
                      ; - (reexecute) org.springframework.beans.factory.support.AbstractBeanFactory::doGetBean@585 (line 362)
  0x0000021eb3b47d70: b1ff e9e9 | f5ff ff48 

  0x0000021eb3b47d78: ;   {runtime_call C1 Runtime fast_new_instance_blob}
  0x0000021eb3b47d78: 8bd2 e861 

  0x0000021eb3b47d7c: ; ImmutableOopMap {[208]=Oop [216]=Oop [232]=Oop [240]=Oop [256]=Oop }
                      ;*new {reexecute=0 rethrow=0 return_oop=0}
                      ; - java.util.Objects::requireNonNull@4 (line 220)
                      ; - org.springframework.beans.factory.support.AbstractBeanFactory::doGetBean@251 (line 294)
  0x0000021eb3b47d7c: 44b1 ffe9 | 90f6 ffff 

  0x0000021eb3b47d84: ;   {runtime_call C1 Runtime fast_new_instance_blob}
  0x0000021eb3b47d84: 488b d2e8 

  0x0000021eb3b47d88: ; ImmutableOopMap {[208]=Oop [216]=Oop [232]=Oop [240]=Oop [256]=Oop [264]=Oop }
                      ;*new {reexecute=0 rethrow=0 return_oop=0}
                      ; - org.springframework.util.Assert::notNull@4 (line 182)
                      ; - org.springframework.beans.factory.support.DefaultListableBeanFactory::containsBeanDefinition@3 (line 413)
                      ; - org.springframework.beans.factory.support.AbstractBeanFactory::doGetBean@129 (line 267)
  0x0000021eb3b47d88: 5444 b1ff | e90f f7ff 

  0x0000021eb3b47d90: ;   {runtime_call C1 Runtime throw_null_pointer_exception_blob}
  0x0000021eb3b47d90: ffe8 4a3b 

  0x0000021eb3b47d94: ; ImmutableOopMap {[256]=Oop }
                      ;*new {reexecute=0 rethrow=0 return_oop=0}
                      ; - org.springframework.beans.factory.support.AbstractBeanFactory::doGetBean@105 (line 262)
  0x0000021eb3b47d94: b1ff 488b 

  0x0000021eb3b47d98: ;   {runtime_call C1 Runtime fast_new_instance_init_check_blob}
  0x0000021eb3b47d98: d2e8 4247 

  0x0000021eb3b47d9c: ; ImmutableOopMap {[256]=Oop }
                      ;*new {reexecute=0 rethrow=0 return_oop=0}
                      ; - org.springframework.beans.factory.support.AbstractBeanFactory::doGetBean@105 (line 262)
  0x0000021eb3b47d9c: b1ff e993 

  0x0000021eb3b47da0: ;   {runtime_call C1 Runtime throw_null_pointer_exception_blob}
  0x0000021eb3b47da0: f7ff ffe8 

  0x0000021eb3b47da4: ; ImmutableOopMap {r9=Oop rbx=Oop [208]=Oop [256]=Oop }
                      ;*new {reexecute=0 rethrow=0 return_oop=0}
                      ; - org.springframework.beans.factory.support.AbstractBeanFactory::doGetBean@671 (line 381)
  0x0000021eb3b47da4: 383b b1ff 

  0x0000021eb3b47da8: ;   {runtime_call C1 Runtime fast_new_instance_init_check_blob}
  0x0000021eb3b47da8: 488b d2e8 

  0x0000021eb3b47dac: ; ImmutableOopMap {r9=Oop rbx=Oop [208]=Oop [256]=Oop }
                      ;*new {reexecute=0 rethrow=0 return_oop=0}
                      ; - org.springframework.beans.factory.support.AbstractBeanFactory::doGetBean@671 (line 381)
  0x0000021eb3b47dac: 3047 b1ff | e937 f8ff | ff48 8d84 | 2418 0200 | 0048 8904 

  0x0000021eb3b47dc0: ;   {runtime_call C1 Runtime monitorexit_nofpu_blob}
  0x0000021eb3b47dc0: 24e8 1a78 | b1ff e95a 

  0x0000021eb3b47dc8: ;   {runtime_call C1 Runtime throw_null_pointer_exception_blob}
  0x0000021eb3b47dc8: f9ff ffe8 

  0x0000021eb3b47dcc: ; ImmutableOopMap {rax=Oop rdx=Oop [208]=Oop [256]=Oop }
                      ;*invokevirtual toString {reexecute=0 rethrow=0 return_oop=0}
                      ; - org.springframework.beans.factory.support.AbstractBeanFactory::doGetBean@720 (line 386)
  0x0000021eb3b47dcc: 103b b1ff 

  0x0000021eb3b47dd0: ;   {runtime_call C1 Runtime throw_null_pointer_exception_blob}
  0x0000021eb3b47dd0: e80b 3bb1 

  0x0000021eb3b47dd4: ; ImmutableOopMap {rax=Oop [208]=Oop [256]=Oop [512]=Oop }
                      ;*invokevirtual toString {reexecute=0 rethrow=0 return_oop=0}
                      ; - java.lang.String::valueOf@11 (line 4817)
                      ; - org.springframework.beans.factory.support.AbstractBeanFactory::doGetBean@739 (line 387)
                      ;   {runtime_call C1 Runtime throw_null_pointer_exception_blob}
  0x0000021eb3b47dd4: ffe8 063b 

  0x0000021eb3b47dd8: ; ImmutableOopMap {rdx=Oop rsi=Oop [208]=Oop [256]=Oop [512]=Oop }
                      ;*monitorenter {reexecute=0 rethrow=0 return_oop=0}
                      ; - org.springframework.beans.factory.support.AbstractBeanFactory::cleanupAfterBeanCreationFailure@6 (line 1790)
                      ; - org.springframework.beans.factory.support.AbstractBeanFactory::doGetBean@751 (line 388)
  0x0000021eb3b47dd8: b1ff 4889 | 7424 084c 

  0x0000021eb3b47de0: ;   {runtime_call C1 Runtime monitorenter_nofpu_blob}
  0x0000021eb3b47de0: 8904 24e8 

  0x0000021eb3b47de4: ; ImmutableOopMap {rdx=Oop rsi=Oop [208]=Oop [256]=Oop [512]=Oop [544]=Oop }
                      ;*monitorenter {reexecute=0 rethrow=0 return_oop=0}
                      ; - org.springframework.beans.factory.support.AbstractBeanFactory::cleanupAfterBeanCreationFailure@6 (line 1790)
                      ; - org.springframework.beans.factory.support.AbstractBeanFactory::doGetBean@751 (line 388)
  0x0000021eb3b47de4: f871 b1ff | e940 faff | ff48 8d84 | 2418 0200 | 0048 8904 

  0x0000021eb3b47df8: ;   {runtime_call C1 Runtime monitorexit_nofpu_blob}
  0x0000021eb3b47df8: 24e8 e277 | b1ff e9bc | faff ff48 | 8d84 2418 | 0200 0048 

  0x0000021eb3b47e0c: ;   {runtime_call C1 Runtime monitorexit_nofpu_blob}
  0x0000021eb3b47e0c: 8904 24e8 | cc77 b1ff | e937 fbff | ff48 8904 

  0x0000021eb3b47e1c: ;   {runtime_call C1 Runtime throw_class_cast_exception_blob}
  0x0000021eb3b47e1c: 24e8 be62 

  0x0000021eb3b47e20: ; ImmutableOopMap {[208]=Oop [256]=Oop [528]=Oop }
                      ;*checkcast {reexecute=0 rethrow=0 return_oop=0}
                      ; - org.springframework.beans.factory.support.AbstractBeanFactory::clearMergedBeanDefinition@10 (line 1524)
                      ; - org.springframework.beans.factory.support.DefaultListableBeanFactory::clearMergedBeanDefinition@2 (line 986)
                      ; - org.springframework.beans.factory.support.AbstractBeanFactory::doGetBean@776 (line 394)
                      ;   {runtime_call C1 Runtime throw_null_pointer_exception_blob}
  0x0000021eb3b47e20: b1ff e8b9 

  0x0000021eb3b47e24: ; ImmutableOopMap {[208]=Oop [256]=Oop [528]=Oop }
                      ;*putfield stale {reexecute=1 rethrow=0 return_oop=0}
                      ; - (reexecute) org.springframework.beans.factory.support.AbstractBeanFactory::clearMergedBeanDefinition@20 (line 1526)
                      ; - org.springframework.beans.factory.support.DefaultListableBeanFactory::clearMergedBeanDefinition@2 (line 986)
                      ; - org.springframework.beans.factory.support.AbstractBeanFactory::doGetBean@776 (line 394)
                      ;   {runtime_call C1 Runtime throw_null_pointer_exception_blob}
  0x0000021eb3b47e24: 3ab1 ffe8 

  0x0000021eb3b47e28: ; ImmutableOopMap {rax=Oop [208]=Oop [216]=Oop [232]=Oop [240]=Oop [256]=Oop }
                      ;*invokestatic linkToSpecial {reexecute=0 rethrow=0 return_oop=0}
                      ; - java.lang.invoke.DirectMethodHandle$Holder::newInvokeSpecial@16
                      ; - java.lang.invoke.Invokers$Holder::linkToTargetMethod@5
                      ; - org.springframework.beans.factory.support.AbstractBeanFactory::doGetBean@255 (line 294)
  0x0000021eb3b47e28: b43a b1ff 

  0x0000021eb3b47e2c: ;   {runtime_call C1 Runtime throw_null_pointer_exception_blob}
  0x0000021eb3b47e2c: e8af 3ab1 

  0x0000021eb3b47e30: ; ImmutableOopMap {rax=Oop [208]=Oop [216]=Oop [232]=Oop [240]=Oop [256]=Oop [272]=Oop }
                      ;*invokestatic linkToSpecial {reexecute=0 rethrow=0 return_oop=0}
                      ; - java.lang.invoke.LambdaForm$DMH/0x000000002e0a4000::newInvokeSpecial@24
                      ; - java.lang.invoke.Invokers$Holder::linkToTargetMethod@9
                      ; - org.springframework.beans.factory.support.AbstractBeanFactory::doGetBean@472 (line 331)
  0x0000021eb3b47e30: ff4c 8bac | 2418 0100 | 008b 8c24 | e400 0000 | e93f f8ff | ff4c 8b8c | 2440 0100 | 00e9 17f7 
  0x0000021eb3b47e50: ffff 4c8b | 8c24 4001 | 0000 e90a | f7ff ff4c | 8b8c 2440 | 0100 00e9 | fdf6 ffff | 4c8b 8424 
  0x0000021eb3b47e70: 0002 0000 | e95e faff | ff48 89bc | 2400 0100 | 00e9 b2f8 | ffff 4889 | bc24 0001 | 0000 e9d0 
  0x0000021eb3b47e90: faff ff4c | 8b8c 2440 | 0100 00e9 | c9f6 ffff | 498b 8768 | 0500 0049 | c787 6805 | 0000 0000 
  0x0000021eb3b47eb0: 0000 49c7 | 8770 0500 | 0000 0000 | 0048 81c4 | 3002 0000 

  0x0000021eb3b47ec4: ;   {runtime_call C1 Runtime unwind_exception_blob}
  0x0000021eb3b47ec4: 5de9 162b | b1ff f4f4 | f4f4 f4f4 
[Stub Code]
  0x0000021eb3b47ed0: ;   {other}
  0x0000021eb3b47ed0: 0f1f 4400 

  0x0000021eb3b47ed4: ;   {static_stub}
  0x0000021eb3b47ed4: 0048 bb00 | 0000 0000 

  0x0000021eb3b47edc: ;   {runtime_call nmethod}
  0x0000021eb3b47edc: 0000 00e9 | fbff ffff 

  0x0000021eb3b47ee4: ;   {static_stub}
  0x0000021eb3b47ee4: 9048 bb00 | 0000 0000 

  0x0000021eb3b47eec: ;   {runtime_call nmethod}
  0x0000021eb3b47eec: 0000 00e9 | fbff ffff 

  0x0000021eb3b47ef4: ;   {static_stub}
  0x0000021eb3b47ef4: 9048 bb70 | 8898 bc1e 

  0x0000021eb3b47efc: ;   {runtime_call I2C/C2I adapters}
  0x0000021eb3b47efc: 0200 00e9 | 32e0 a6ff 

  0x0000021eb3b47f04: ;   {static_stub}
  0x0000021eb3b47f04: 9048 bb00 | 0000 0000 

  0x0000021eb3b47f0c: ;   {runtime_call nmethod}
  0x0000021eb3b47f0c: 0000 00e9 | fbff ffff 

  0x0000021eb3b47f14: ;   {static_stub}
  0x0000021eb3b47f14: 9048 bb80 | aa98 bc1e 

  0x0000021eb3b47f1c: ;   {runtime_call I2C/C2I adapters}
  0x0000021eb3b47f1c: 0200 00e9 | 12e0 a6ff 

  0x0000021eb3b47f24: ;   {static_stub}
  0x0000021eb3b47f24: 9048 bb00 | 0000 0000 

  0x0000021eb3b47f2c: ;   {runtime_call nmethod}
  0x0000021eb3b47f2c: 0000 00e9 | fbff ffff 

  0x0000021eb3b47f34: ;   {static_stub}
  0x0000021eb3b47f34: 9048 bb08 | c096 bc1e 

  0x0000021eb3b47f3c: ;   {runtime_call I2C/C2I adapters}
  0x0000021eb3b47f3c: 0200 00e9 | fae7 a5ff 

  0x0000021eb3b47f44: ;   {static_stub}
  0x0000021eb3b47f44: 9048 bb70 | 4499 bc1e 

  0x0000021eb3b47f4c: ;   {runtime_call I2C/C2I adapters}
  0x0000021eb3b47f4c: 0200 00e9 | e656 a6ff 

  0x0000021eb3b47f54: ;   {static_stub}
  0x0000021eb3b47f54: 9048 bb00 | 0000 0000 

  0x0000021eb3b47f5c: ;   {runtime_call nmethod}
  0x0000021eb3b47f5c: 0000 00e9 | fbff ffff 

  0x0000021eb3b47f64: ;   {static_stub}
  0x0000021eb3b47f64: 9048 bbe8 | 3399 bc1e 

  0x0000021eb3b47f6c: ;   {runtime_call I2C/C2I adapters}
  0x0000021eb3b47f6c: 0200 00e9 | c656 a6ff 

  0x0000021eb3b47f74: ;   {static_stub}
  0x0000021eb3b47f74: 9048 bb00 | 0000 0000 

  0x0000021eb3b47f7c: ;   {runtime_call nmethod}
  0x0000021eb3b47f7c: 0000 00e9 | fbff ffff 

  0x0000021eb3b47f84: ;   {static_stub}
  0x0000021eb3b47f84: 9048 bb00 | 0000 0000 

  0x0000021eb3b47f8c: ;   {runtime_call nmethod}
  0x0000021eb3b47f8c: 0000 00e9 | fbff ffff 

  0x0000021eb3b47f94: ;   {static_stub}
  0x0000021eb3b47f94: 9048 bb00 | 0000 0000 

  0x0000021eb3b47f9c: ;   {runtime_call nmethod}
  0x0000021eb3b47f9c: 0000 00e9 | fbff ffff 

  0x0000021eb3b47fa4: ;   {static_stub}
  0x0000021eb3b47fa4: 9048 bb00 | 0000 0000 

  0x0000021eb3b47fac: ;   {runtime_call nmethod}
  0x0000021eb3b47fac: 0000 00e9 | fbff ffff 

  0x0000021eb3b47fb4: ;   {static_stub}
  0x0000021eb3b47fb4: 9048 bb00 | 0000 0000 

  0x0000021eb3b47fbc: ;   {runtime_call nmethod}
  0x0000021eb3b47fbc: 0000 00e9 | fbff ffff 

  0x0000021eb3b47fc4: ;   {static_stub}
  0x0000021eb3b47fc4: 9048 bb00 | 0000 0000 

  0x0000021eb3b47fcc: ;   {runtime_call nmethod}
  0x0000021eb3b47fcc: 0000 00e9 | fbff ffff 

  0x0000021eb3b47fd4: ;   {static_stub}
  0x0000021eb3b47fd4: 9048 bb00 | 0000 0000 

  0x0000021eb3b47fdc: ;   {runtime_call nmethod}
  0x0000021eb3b47fdc: 0000 00e9 | fbff ffff 

  0x0000021eb3b47fe4: ;   {static_stub}
  0x0000021eb3b47fe4: 9048 bb00 | 0000 0000 

  0x0000021eb3b47fec: ;   {runtime_call nmethod}
  0x0000021eb3b47fec: 0000 00e9 | fbff ffff 

  0x0000021eb3b47ff4: ;   {static_stub}
  0x0000021eb3b47ff4: 9048 bb00 | 0000 0000 

  0x0000021eb3b47ffc: ;   {runtime_call nmethod}
  0x0000021eb3b47ffc: 0000 00e9 | fbff ffff 

  0x0000021eb3b48004: ;   {static_stub}
  0x0000021eb3b48004: 9048 bb00 | 0000 0000 

  0x0000021eb3b4800c: ;   {runtime_call nmethod}
  0x0000021eb3b4800c: 0000 00e9 | fbff ffff 

  0x0000021eb3b48014: ;   {static_stub}
  0x0000021eb3b48014: 9048 bb00 | 0000 0000 

  0x0000021eb3b4801c: ;   {runtime_call nmethod}
  0x0000021eb3b4801c: 0000 00e9 | fbff ffff 

  0x0000021eb3b48024: ;   {static_stub}
  0x0000021eb3b48024: 9048 bb00 | 0000 0000 

  0x0000021eb3b4802c: ;   {runtime_call nmethod}
  0x0000021eb3b4802c: 0000 00e9 | fbff ffff 

  0x0000021eb3b48034: ;   {static_stub}
  0x0000021eb3b48034: 9048 bb00 | 0000 0000 

  0x0000021eb3b4803c: ;   {runtime_call nmethod}
  0x0000021eb3b4803c: 0000 00e9 | fbff ffff 

  0x0000021eb3b48044: ;   {static_stub}
  0x0000021eb3b48044: 9048 bb00 | 0000 0000 

  0x0000021eb3b4804c: ;   {runtime_call nmethod}
  0x0000021eb3b4804c: 0000 00e9 | fbff ffff 

  0x0000021eb3b48054: ;   {static_stub}
  0x0000021eb3b48054: 9048 bb00 | 0000 0000 

  0x0000021eb3b4805c: ;   {runtime_call nmethod}
  0x0000021eb3b4805c: 0000 00e9 | fbff ffff 

  0x0000021eb3b48064: ;   {static_stub}
  0x0000021eb3b48064: 9048 bb00 | 0000 0000 

  0x0000021eb3b4806c: ;   {runtime_call nmethod}
  0x0000021eb3b4806c: 0000 00e9 | fbff ffff 

  0x0000021eb3b48074: ;   {static_stub}
  0x0000021eb3b48074: 9048 bb00 | 0000 0000 

  0x0000021eb3b4807c: ;   {runtime_call nmethod}
  0x0000021eb3b4807c: 0000 00e9 | fbff ffff 

  0x0000021eb3b48084: ;   {static_stub}
  0x0000021eb3b48084: 9048 bb00 | 0000 0000 

  0x0000021eb3b4808c: ;   {runtime_call nmethod}
  0x0000021eb3b4808c: 0000 00e9 | fbff ffff 

  0x0000021eb3b48094: ;   {static_stub}
  0x0000021eb3b48094: 9048 bb00 | 0000 0000 

  0x0000021eb3b4809c: ;   {runtime_call nmethod}
  0x0000021eb3b4809c: 0000 00e9 | fbff ffff 

  0x0000021eb3b480a4: ;   {static_stub}
  0x0000021eb3b480a4: 9048 bb00 | 0000 0000 

  0x0000021eb3b480ac: ;   {runtime_call nmethod}
  0x0000021eb3b480ac: 0000 00e9 | fbff ffff 

  0x0000021eb3b480b4: ;   {static_stub}
  0x0000021eb3b480b4: 9048 bb00 | 0000 0000 

  0x0000021eb3b480bc: ;   {runtime_call nmethod}
  0x0000021eb3b480bc: 0000 00e9 | fbff ffff 

  0x0000021eb3b480c4: ;   {static_stub}
  0x0000021eb3b480c4: 9048 bb00 | 0000 0000 

  0x0000021eb3b480cc: ;   {runtime_call nmethod}
  0x0000021eb3b480cc: 0000 00e9 | fbff ffff 

  0x0000021eb3b480d4: ;   {static_stub}
  0x0000021eb3b480d4: 9048 bb00 | 0000 0000 

  0x0000021eb3b480dc: ;   {runtime_call nmethod}
  0x0000021eb3b480dc: 0000 00e9 | fbff ffff 

  0x0000021eb3b480e4: ;   {static_stub}
  0x0000021eb3b480e4: 9048 bb00 | 0000 0000 

  0x0000021eb3b480ec: ;   {runtime_call nmethod}
  0x0000021eb3b480ec: 0000 00e9 | fbff ffff 

  0x0000021eb3b480f4: ;   {static_stub}
  0x0000021eb3b480f4: 9048 bb00 | 0000 0000 

  0x0000021eb3b480fc: ;   {runtime_call nmethod}
  0x0000021eb3b480fc: 0000 00e9 | fbff ffff 

  0x0000021eb3b48104: ;   {static_stub}
  0x0000021eb3b48104: 9048 bb00 | 0000 0000 

  0x0000021eb3b4810c: ;   {runtime_call nmethod}
  0x0000021eb3b4810c: 0000 00e9 | fbff ffff 

  0x0000021eb3b48114: ;   {static_stub}
  0x0000021eb3b48114: 9048 bb00 | 0000 0000 

  0x0000021eb3b4811c: ;   {runtime_call nmethod}
  0x0000021eb3b4811c: 0000 00e9 | fbff ffff 

  0x0000021eb3b48124: ;   {static_stub}
  0x0000021eb3b48124: 9048 bb00 | 0000 0000 

  0x0000021eb3b4812c: ;   {runtime_call nmethod}
  0x0000021eb3b4812c: 0000 00e9 | fbff ffff 

  0x0000021eb3b48134: ;   {static_stub}
  0x0000021eb3b48134: 9048 bb00 | 0000 0000 

  0x0000021eb3b4813c: ;   {runtime_call nmethod}
  0x0000021eb3b4813c: 0000 00e9 | fbff ffff 

  0x0000021eb3b48144: ;   {static_stub}
  0x0000021eb3b48144: 9048 bb00 | 0000 0000 

  0x0000021eb3b4814c: ;   {runtime_call nmethod}
  0x0000021eb3b4814c: 0000 00e9 | fbff ffff 

  0x0000021eb3b48154: ;   {static_stub}
  0x0000021eb3b48154: 9048 bb00 | 0000 0000 

  0x0000021eb3b4815c: ;   {runtime_call nmethod}
  0x0000021eb3b4815c: 0000 00e9 | fbff ffff 

  0x0000021eb3b48164: ;   {static_stub}
  0x0000021eb3b48164: 9048 bb00 | 0000 0000 

  0x0000021eb3b4816c: ;   {runtime_call nmethod}
  0x0000021eb3b4816c: 0000 00e9 | fbff ffff 

  0x0000021eb3b48174: ;   {static_stub}
  0x0000021eb3b48174: 9048 bb00 | 0000 0000 

  0x0000021eb3b4817c: ;   {runtime_call nmethod}
  0x0000021eb3b4817c: 0000 00e9 | fbff ffff 

  0x0000021eb3b48184: ;   {static_stub}
  0x0000021eb3b48184: 9048 bb00 | 0000 0000 

  0x0000021eb3b4818c: ;   {runtime_call nmethod}
  0x0000021eb3b4818c: 0000 00e9 | fbff ffff 

  0x0000021eb3b48194: ;   {static_stub}
  0x0000021eb3b48194: 9048 bb00 | 0000 0000 

  0x0000021eb3b4819c: ;   {runtime_call nmethod}
  0x0000021eb3b4819c: 0000 00e9 | fbff ffff 

  0x0000021eb3b481a4: ;   {static_stub}
  0x0000021eb3b481a4: 9048 bb00 | 0000 0000 

  0x0000021eb3b481ac: ;   {runtime_call nmethod}
  0x0000021eb3b481ac: 0000 00e9 | fbff ffff 

  0x0000021eb3b481b4: ;   {static_stub}
  0x0000021eb3b481b4: 9048 bb00 | 0000 0000 

  0x0000021eb3b481bc: ;   {runtime_call nmethod}
  0x0000021eb3b481bc: 0000 00e9 | fbff ffff 

  0x0000021eb3b481c4: ;   {static_stub}
  0x0000021eb3b481c4: 9048 bb00 | 0000 0000 

  0x0000021eb3b481cc: ;   {runtime_call nmethod}
  0x0000021eb3b481cc: 0000 00e9 | fbff ffff 

  0x0000021eb3b481d4: ;   {static_stub}
  0x0000021eb3b481d4: 9048 bb00 | 0000 0000 

  0x0000021eb3b481dc: ;   {runtime_call nmethod}
  0x0000021eb3b481dc: 0000 00e9 | fbff ffff 

  0x0000021eb3b481e4: ;   {static_stub}
  0x0000021eb3b481e4: 9048 bb00 | 0000 0000 

  0x0000021eb3b481ec: ;   {runtime_call nmethod}
  0x0000021eb3b481ec: 0000 00e9 | fbff ffff 

  0x0000021eb3b481f4: ;   {static_stub}
  0x0000021eb3b481f4: 9048 bb00 | 0000 0000 

  0x0000021eb3b481fc: ;   {runtime_call nmethod}
  0x0000021eb3b481fc: 0000 00e9 | fbff ffff 

  0x0000021eb3b48204: ;   {static_stub}
  0x0000021eb3b48204: 9048 bb00 | 0000 0000 

  0x0000021eb3b4820c: ;   {runtime_call nmethod}
  0x0000021eb3b4820c: 0000 00e9 | fbff ffff 

  0x0000021eb3b48214: ;   {static_stub}
  0x0000021eb3b48214: 9048 bb00 | 0000 0000 

  0x0000021eb3b4821c: ;   {runtime_call nmethod}
  0x0000021eb3b4821c: 0000 00e9 | fbff ffff 

  0x0000021eb3b48224: ;   {static_stub}
  0x0000021eb3b48224: 9048 bb00 | 0000 0000 

  0x0000021eb3b4822c: ;   {runtime_call nmethod}
  0x0000021eb3b4822c: 0000 00e9 | fbff ffff 

  0x0000021eb3b48234: ;   {static_stub}
  0x0000021eb3b48234: 9048 bb00 | 0000 0000 

  0x0000021eb3b4823c: ;   {runtime_call nmethod}
  0x0000021eb3b4823c: 0000 00e9 | fbff ffff 

  0x0000021eb3b48244: ;   {static_stub}
  0x0000021eb3b48244: 48bb 0000 | 0000 0000 

  0x0000021eb3b4824c: ;   {runtime_call nmethod}
  0x0000021eb3b4824c: 0000 e9fb 

  0x0000021eb3b48250: ;   {static_stub}
  0x0000021eb3b48250: ffff ff48 | bb00 0000 | 0000 0000 

  0x0000021eb3b4825c: ;   {runtime_call nmethod}
  0x0000021eb3b4825c: 00e9 fbff 

  0x0000021eb3b48260: ;   {static_stub}
  0x0000021eb3b48260: ffff 48bb | 6047 99bc | 1e02 0000 

  0x0000021eb3b4826c: ;   {runtime_call I2C/C2I adapters}
  0x0000021eb3b4826c: e9cd e4a5 

  0x0000021eb3b48270: ;   {static_stub}
  0x0000021eb3b48270: ff48 bb00 | 0000 0000 

  0x0000021eb3b48278: ;   {runtime_call nmethod}
  0x0000021eb3b48278: 0000 00e9 | fbff ffff 

  0x0000021eb3b48280: ;   {static_stub}
  0x0000021eb3b48280: 48bb 0000 | 0000 0000 

  0x0000021eb3b48288: ;   {runtime_call nmethod}
  0x0000021eb3b48288: 0000 e9fb 

  0x0000021eb3b4828c: ;   {static_stub}
  0x0000021eb3b4828c: ffff ff48 | bb00 0000 | 0000 0000 

  0x0000021eb3b48298: ;   {runtime_call nmethod}
  0x0000021eb3b48298: 00e9 fbff 

  0x0000021eb3b4829c: ;   {static_stub}
  0x0000021eb3b4829c: ffff 48bb | 0000 0000 | 0000 0000 

  0x0000021eb3b482a8: ;   {runtime_call nmethod}
  0x0000021eb3b482a8: e9fb ffff 

  0x0000021eb3b482ac: ;   {static_stub}
  0x0000021eb3b482ac: ff48 bb00 | 0000 0000 

  0x0000021eb3b482b4: ;   {runtime_call nmethod}
  0x0000021eb3b482b4: 0000 00e9 | fbff ffff 

  0x0000021eb3b482bc: ;   {static_stub}
  0x0000021eb3b482bc: 48bb 0000 | 0000 0000 

  0x0000021eb3b482c4: ;   {runtime_call nmethod}
  0x0000021eb3b482c4: 0000 e9fb 

  0x0000021eb3b482c8: ;   {static_stub}
  0x0000021eb3b482c8: ffff ff48 | bb50 a019 | 2d00 0000 

  0x0000021eb3b482d4: ;   {runtime_call I2C/C2I adapters}
  0x0000021eb3b482d4: 00e9 5884 

  0x0000021eb3b482d8: ;   {runtime_call C1 Runtime handle_exception_from_callee_blob}
  0x0000021eb3b482d8: a6ff e801 

  0x0000021eb3b482dc: ;   {external_word}
  0x0000021eb3b482dc: 58b1 ff48 | b938 72d6 | 4cf8 7f00 | 0048 83e4 

  0x0000021eb3b482ec: ;   {runtime_call}
  0x0000021eb3b482ec: f048 b830 | e597 4cf8 | 7f00 00ff 

  0x0000021eb3b482f8: ;   {runtime_call DeoptimizationBlob}
  0x0000021eb3b482f8: d0f4 e861 | 92a6 ffeb | f9f4 f4f4 | f4f4 f4f4 
[/MachCode]


Compiled method (c1) 23686 2874       1       org.springframework.beans.factory.support.AbstractBeanFactory::getBean (9 bytes)
 total in heap  [0x0000021eb3b41288,0x0000021eb3b41478] = 496
 main code      [0x0000021eb3b41380,0x0000021eb3b41430] = 176
 stub code      [0x0000021eb3b41430,0x0000021eb3b41470] = 64
 oops           [0x0000021eb3b41470,0x0000021eb3b41478] = 8
 mutable data [0x0000021ec11d0570,0x0000021ec11d05b8] = 72
 relocation     [0x0000021ec11d0570,0x0000021ec11d05a0] = 48
 metadata       [0x0000021ec11d05a0,0x0000021ec11d05b8] = 24
 immutable data [0x0000021ec10cb860,0x0000021ec10cb8ac] = 76
 dependencies   [0x0000021ec10cb860,0x0000021ec10cb868] = 8
 scopes pcs     [0x0000021ec10cb868,0x0000021ec10cb898] = 48
 scopes data    [0x0000021ec10cb898,0x0000021ec10cb8a8] = 16

[Constant Pool (empty)]


Loading hsdis library failed, undisassembled code is shown in MachCode section
[MachCode]
[Instructions begin]
  0x0000021eb3b41380: 6666 660f | 1f84 0000 | 0000 0066 | 6666 9066 | 6690 448b | 5208 443b 

  0x0000021eb3b41398: ;   {runtime_call Shared Runtime ic_miss_blob}
  0x0000021eb3b41398: 5008 0f85 | 40da a6ff 
[Verified Entry Point]
  0x0000021eb3b413a0: 8984 2400 | 80ff ff55 | 4883 ec40 | 4181 7f20 | 0800 0000 

  0x0000021eb3b413b4: ;   {runtime_call Stub::Stub Generator method_entry_barrier_stub}
  0x0000021eb3b413b4: 7405 e8c5 

  0x0000021eb3b413b8: ;   {oop(nullptr)}
  0x0000021eb3b413b8: 2ca5 ff48 | bf00 0000 | 0000 0000 | 00be 0000 | 0000 0f1f 

  0x0000021eb3b413cc: ;   {optimized virtual_call}
  0x0000021eb3b413cc: 4400 00e8 

  0x0000021eb3b413d0: ; ImmutableOopMap {}
                      ;*invokevirtual doGetBean {reexecute=0 rethrow=0 return_oop=0}
                      ; - org.springframework.beans.factory.support.AbstractBeanFactory::getBean@5 (line 201)
  0x0000021eb3b413d0: cc4a 0000 

  0x0000021eb3b413d4: ;   {post_call_nop}
  0x0000021eb3b413d4: 0f1f 8400 | 4c01 0000 | 4883 c440 

  0x0000021eb3b413e0: ;   {poll_return}
  0x0000021eb3b413e0: 5d49 3b67 | 280f 8701 | 0000 00c3 

  0x0000021eb3b413ec: ;   {internal_word}
  0x0000021eb3b413ec: 49ba e113 | b4b3 1e02 | 0000 4d89 | 97b8 0400 

  0x0000021eb3b413fc: ;   {runtime_call SafepointBlob}
  0x0000021eb3b413fc: 00e9 5efe | a6ff 498b | 8768 0500 | 0049 c787 | 6805 0000 | 0000 0000 | 49c7 8770 | 0500 0000 
  0x0000021eb3b4141c: 0000 0048 | 83c4 405d 

  0x0000021eb3b41424: ;   {runtime_call C1 Runtime unwind_exception_blob}
  0x0000021eb3b41424: e9b7 95b1 | fff4 f4f4 | f4f4 f4f4 
[Stub Code]
  0x0000021eb3b41430: ;   {other}
  0x0000021eb3b41430: 0f1f 4400 

  0x0000021eb3b41434: ;   {static_stub}
  0x0000021eb3b41434: 0048 bb00 | 0000 0000 

  0x0000021eb3b4143c: ;   {runtime_call nmethod}
  0x0000021eb3b4143c: 0000 00e9 | fbff ffff 
[Exception Handler]
  0x0000021eb3b41444: ;   {runtime_call C1 Runtime handle_exception_from_callee_blob}
  0x0000021eb3b41444: e897 c6b1 

  0x0000021eb3b41448: ;   {external_word}
  0x0000021eb3b41448: ff48 b938 | 72d6 4cf8 | 7f00 0048 

  0x0000021eb3b41454: ;   {runtime_call}
  0x0000021eb3b41454: 83e4 f048 | b830 e597 | 4cf8 7f00 | 00ff d0f4 

  0x0000021eb3b41464: ;   {runtime_call DeoptimizationBlob}
  0x0000021eb3b41464: e8f7 00a7 | ffeb f9f4 | f4f4 f4f4 
[/MachCode]


---------------  P R O C E S S  ---------------

Threads class SMR info:
_java_thread_list=0x0000021ec130cc70, length=15, elements={
0x0000021ea865ebb0, 0x0000021ebbd907d0, 0x0000021ebbd90f80, 0x0000021ebbd93b40,
0x0000021ebbd946f0, 0x0000021ebbd972b0, 0x0000021ebbd9ba70, 0x0000021ebbd9f6f0,
0x0000021ec00840c0, 0x0000021ec03fa610, 0x0000021ec03fadc0, 0x0000021ec1582040,
0x0000021ec15827f0, 0x0000021ec1582fa0, 0x0000021ec15597a0
}

Java Threads: ( => current thread )
=>0x0000021ea865ebb0 JavaThread "main"                              [_thread_in_vm, id=13728, stack(0x0000003822a00000,0x0000003822b00000) (1024K)]
  0x0000021ebbd907d0 JavaThread "Reference Handler"          daemon [_thread_blocked, id=8536, stack(0x0000003823300000,0x0000003823400000) (1024K)]
  0x0000021ebbd90f80 JavaThread "Finalizer"                  daemon [_thread_blocked, id=10956, stack(0x0000003823400000,0x0000003823500000) (1024K)]
  0x0000021ebbd93b40 JavaThread "Signal Dispatcher"          daemon [_thread_blocked, id=12596, stack(0x0000003823500000,0x0000003823600000) (1024K)]
  0x0000021ebbd946f0 JavaThread "Attach Listener"            daemon [_thread_blocked, id=11256, stack(0x0000003823600000,0x0000003823700000) (1024K)]
  0x0000021ebbd972b0 JavaThread "Service Thread"             daemon [_thread_blocked, id=12008, stack(0x0000003823700000,0x0000003823800000) (1024K)]
  0x0000021ebbd9ba70 JavaThread "Monitor Deflation Thread"   daemon [_thread_blocked, id=16248, stack(0x0000003823800000,0x0000003823900000) (1024K)]
  0x0000021ebbd9f6f0 JavaThread "C1 CompilerThread0"         daemon [_thread_blocked, id=11928, stack(0x0000003823900000,0x0000003823a00000) (1024K)]
  0x0000021ec00840c0 JavaThread "Common-Cleaner"             daemon [_thread_blocked, id=14712, stack(0x0000003823b00000,0x0000003823c00000) (1024K)]
  0x0000021ec03fa610 JavaThread "Monitor Ctrl-Break"         daemon [_thread_in_native, id=3888, stack(0x0000003823e00000,0x0000003823f00000) (1024K)]
  0x0000021ec03fadc0 JavaThread "Notification Thread"        daemon [_thread_blocked, id=6304, stack(0x0000003823f00000,0x0000003824000000) (1024K)]
  0x0000021ec1582040 JavaThread "Catalina-utility-1"                [_thread_blocked, id=11852, stack(0x0000003824500000,0x0000003824600000) (1024K)]
  0x0000021ec15827f0 JavaThread "Catalina-utility-2"                [_thread_in_vm, id=3856, stack(0x0000003824900000,0x0000003824a00000) (1024K)]
  0x0000021ec1582fa0 JavaThread "container-0"                       [_thread_in_vm, id=13548, stack(0x0000003824a00000,0x0000003824b00000) (1024K)]
  0x0000021ec15597a0 JavaThread "mysql-cj-abandoned-connection-cleanup" daemon [_thread_blocked, id=4416, stack(0x0000003824b00000,0x0000003824c00000) (1024K)]
Total: 15

Other Threads:
  0x0000021ebbd7ed50 VMThread "VM Thread"                           [id=9504, stack(0x0000003823200000,0x0000003823300000) (1024K)]
  0x0000021ebbd6e0e0 WatcherThread "VM Periodic Task Thread"        [id=5040, stack(0x0000003823100000,0x0000003823200000) (1024K)]
  0x0000021eaa9075e0 WorkerThread "GC Thread#0"                     [id=9352, stack(0x0000003822b00000,0x0000003822c00000) (1024K)]
  0x0000021ec02cd8f0 WorkerThread "GC Thread#1"                     [id=14012, stack(0x0000003823c00000,0x0000003823d00000) (1024K)]
  0x0000021ec02d04c0 WorkerThread "GC Thread#2"                     [id=13696, stack(0x0000003824000000,0x0000003824100000) (1024K)]
  0x0000021ec02cf380 WorkerThread "GC Thread#3"                     [id=16036, stack(0x0000003824100000,0x0000003824200000) (1024K)]
  0x0000021ec02d0d60 WorkerThread "GC Thread#4"                     [id=7856, stack(0x0000003824200000,0x0000003824300000) (1024K)]
  0x0000021ec02d11b0 WorkerThread "GC Thread#5"                     [id=10696, stack(0x0000003824400000,0x0000003824500000) (1024K)]
  0x0000021ec02cfc20 WorkerThread "GC Thread#6"                     [id=14552, stack(0x0000003824600000,0x0000003824700000) (1024K)]
  0x0000021ec02d1600 WorkerThread "GC Thread#7"                     [id=2508, stack(0x0000003824700000,0x0000003824800000) (1024K)]
  0x0000021eaa91ff80 ConcurrentGCThread "G1 Main Marker"            [id=6864, stack(0x0000003822c00000,0x0000003822d00000) (1024K)]
  0x0000021eaa920b00 WorkerThread "G1 Conc#0"                       [id=18028, stack(0x0000003822d00000,0x0000003822e00000) (1024K)]
  0x0000021ec02d0070 WorkerThread "G1 Conc#1"                       [id=16952, stack(0x0000003823d00000,0x0000003823e00000) (1024K)]
  0x0000021eaa962d10 WorkerThread "G1 Refinement Workers#0"         [id=17004, stack(0x0000003822f00000,0x0000003823000000) (1024K)]
  0x0000021eaa961140 ConcurrentGCThread "G1 Refine Control"         [id=17384, stack(0x0000003822e00000,0x0000003822f00000) (1024K)]
  0x0000021eaa96d7a0 ConcurrentGCThread "G1 Service"                [id=11860, stack(0x0000003823000000,0x0000003823100000) (1024K)]
Total: 16

Threads with active compile tasks:
Total: 0

VM state: not at safepoint (normal execution)

VM Mutex/Monitor currently owned by a thread:  ([mutex/lock_event])
[0x00007ff84d03cb08] Metaspace_lock - owner thread: 0x0000021ea865ebb0

Heap address: 0x0000000082600000, size: 2010 MB, Compressed Oops mode: 32-bit

CDS archive(s) mapped at: [0x000000002d000000-0x000000002dde0000-0x000000002dde0000), size 14548992, SharedBaseAddress: 0x000000002d000000, ArchiveRelocationMode: 1.
Compressed class space mapped at: 0x000000002e000000-0x000000006e000000, reserved size: 1073741824
UseCompressedClassPointers 1, UseCompactObjectHeaders 0
Narrow klass pointer bits 32, Max shift 3
Narrow klass base: 0x000000002d000000, Narrow klass shift: 0
Encoding Range: [0x000000002d000000 - 0x000000012d000000), (4294967296 bytes)
Klass Range:    [0x000000002d000000 - 0x000000006e000000), (1090519040 bytes)
Klass ID Range:  [8 - 1090519033) (1090519025)
Protection zone: [0x000000002d000000 - 0x000000002d010000), (65536 bytes)

GC Precious Log:
 CardTable entry size: 512
 Card Set container configuration: InlinePtr #cards 5 size 8 Array Of Cards #cards 10 size 36 Howl #buckets 4 coarsen threshold 1843 Howl Bitmap #cards 512 size 80 coarsen threshold 460 Card regions per heap region 1 cards per card region 2048
 CPUs: 8 total, 8 available
 Memory: 8035M
 Large Page Support: Disabled
 NUMA Support: Disabled
 Compressed Oops: Enabled (32-bit)
 Heap Region Size: 1M
 Heap Min Capacity: 8M
 Heap Initial Capacity: 8M
 Heap Max Capacity: 2010M
 Pre-touch: Disabled
 Parallel Workers: 8
 Concurrent Workers: 2
 Concurrent Refinement Workers: 8
 Periodic GC: Disabled

Heap:
 garbage-first heap   total reserved 2058240K, committed 73728K, used 43815K [0x0000000082600000, 0x0000000100000000)
  region size 1M, 23 eden (23M), 4 survivor (4M), 17 old (17M), 1 humongous (1M), 27 free (27M)

Heap Regions: E=young(eden), S=young(survivor), O=old, HS=humongous(starts), HC=humongous(continues), CS=collection set, F=free, TAMS=top-at-mark-start, PB=parsable bottom
|    0|0x0000000082600000, 0x0000000082700000, 0x0000000082700000|100%|HS|  |TAMS 0x0000000082600000| PB 0x0000000082600000| Complete  |  0
|    1|0x0000000082700000, 0x0000000082800000, 0x0000000082800000|100%| O|  |TAMS 0x0000000082700000| PB 0x0000000082700000| Untracked |  0
|    2|0x0000000082800000, 0x0000000082900000, 0x0000000082900000|100%| O|  |TAMS 0x0000000082800000| PB 0x0000000082800000| Untracked |  0
|    3|0x0000000082900000, 0x0000000082a00000, 0x0000000082a00000|100%| O|  |TAMS 0x0000000082900000| PB 0x0000000082900000| Untracked |  0
|    4|0x0000000082a00000, 0x0000000082b00000, 0x0000000082b00000|100%| O|  |TAMS 0x0000000082a00000| PB 0x0000000082a00000| Untracked |  0
|    5|0x0000000082b00000, 0x0000000082c00000, 0x0000000082c00000|100%| O|  |TAMS 0x0000000082b00000| PB 0x0000000082b00000| Untracked |  0
|    6|0x0000000082c00000, 0x0000000082c00000, 0x0000000082d00000|  0%| F|  |TAMS 0x0000000082c00000| PB 0x0000000082c00000| Untracked |  0
|    7|0x0000000082d00000, 0x0000000082e00000, 0x0000000082e00000|100%| O|  |TAMS 0x0000000082d00000| PB 0x0000000082d00000| Untracked |  0
|    8|0x0000000082e00000, 0x0000000082f00000, 0x0000000082f00000|100%| O|Cm|TAMS 0x0000000082e00000| PB 0x0000000082e00000| Complete  |  0
|    9|0x0000000082f00000, 0x0000000083000000, 0x0000000083000000|100%| O|  |TAMS 0x0000000082f00000| PB 0x0000000082f00000| Untracked |  0
|   10|0x0000000083000000, 0x0000000083100000, 0x0000000083100000|100%| O|  |TAMS 0x0000000083000000| PB 0x0000000083000000| Untracked |  0
|   11|0x0000000083100000, 0x0000000083200000, 0x0000000083200000|100%| O|  |TAMS 0x0000000083100000| PB 0x0000000083100000| Untracked |  0
|   12|0x0000000083200000, 0x0000000083300000, 0x0000000083300000|100%| O|  |TAMS 0x0000000083200000| PB 0x0000000083200000| Untracked |  0
|   13|0x0000000083300000, 0x0000000083400000, 0x0000000083400000|100%| O|  |TAMS 0x0000000083300000| PB 0x0000000083300000| Untracked |  0
|   14|0x0000000083400000, 0x0000000083500000, 0x0000000083500000|100%| O|  |TAMS 0x0000000083400000| PB 0x0000000083400000| Untracked |  0
|   15|0x0000000083500000, 0x0000000083600000, 0x0000000083600000|100%| O|  |TAMS 0x0000000083500000| PB 0x0000000083500000| Untracked |  0
|   16|0x0000000083600000, 0x0000000083689800, 0x0000000083700000| 53%| O|  |TAMS 0x0000000083600000| PB 0x0000000083600000| Untracked |  0
|   17|0x0000000083700000, 0x0000000083700000, 0x0000000083800000|  0%| F|  |TAMS 0x0000000083700000| PB 0x0000000083700000| Untracked |  0
|   18|0x0000000083800000, 0x0000000083800000, 0x0000000083900000|  0%| F|  |TAMS 0x0000000083800000| PB 0x0000000083800000| Untracked |  0
|   19|0x0000000083900000, 0x0000000083900000, 0x0000000083a00000|  0%| F|  |TAMS 0x0000000083900000| PB 0x0000000083900000| Untracked |  0
|   20|0x0000000083a00000, 0x0000000083a00000, 0x0000000083b00000|  0%| F|  |TAMS 0x0000000083a00000| PB 0x0000000083a00000| Untracked |  0
|   21|0x0000000083b00000, 0x0000000083b00000, 0x0000000083c00000|  0%| F|  |TAMS 0x0000000083b00000| PB 0x0000000083b00000| Untracked |  0
|   22|0x0000000083c00000, 0x0000000083c00000, 0x0000000083d00000|  0%| F|  |TAMS 0x0000000083c00000| PB 0x0000000083c00000| Untracked |  0
|   23|0x0000000083d00000, 0x0000000083d00000, 0x0000000083e00000|  0%| F|  |TAMS 0x0000000083d00000| PB 0x0000000083d00000| Untracked |  0
|   24|0x0000000083e00000, 0x0000000083e00000, 0x0000000083f00000|  0%| F|  |TAMS 0x0000000083e00000| PB 0x0000000083e00000| Untracked |  0
|   25|0x0000000083f00000, 0x0000000083f00000, 0x0000000084000000|  0%| F|  |TAMS 0x0000000083f00000| PB 0x0000000083f00000| Untracked |  0
|   26|0x0000000084000000, 0x0000000084000000, 0x0000000084100000|  0%| F|  |TAMS 0x0000000084000000| PB 0x0000000084000000| Untracked |  0
|   27|0x0000000084100000, 0x0000000084100000, 0x0000000084200000|  0%| F|  |TAMS 0x0000000084100000| PB 0x0000000084100000| Untracked |  0
|   28|0x0000000084200000, 0x0000000084200000, 0x0000000084300000|  0%| F|  |TAMS 0x0000000084200000| PB 0x0000000084200000| Untracked |  0
|   29|0x0000000084300000, 0x0000000084300000, 0x0000000084400000|  0%| F|  |TAMS 0x0000000084300000| PB 0x0000000084300000| Untracked |  0
|   30|0x0000000084400000, 0x0000000084400000, 0x0000000084500000|  0%| F|  |TAMS 0x0000000084400000| PB 0x0000000084400000| Untracked |  0
|   31|0x0000000084500000, 0x0000000084500000, 0x0000000084600000|  0%| F|  |TAMS 0x0000000084500000| PB 0x0000000084500000| Untracked |  0
|   32|0x0000000084600000, 0x0000000084600000, 0x0000000084700000|  0%| F|  |TAMS 0x0000000084600000| PB 0x0000000084600000| Untracked |  0
|   33|0x0000000084700000, 0x0000000084700000, 0x0000000084800000|  0%| F|  |TAMS 0x0000000084700000| PB 0x0000000084700000| Untracked |  0
|   34|0x0000000084800000, 0x0000000084800000, 0x0000000084900000|  0%| F|  |TAMS 0x0000000084800000| PB 0x0000000084800000| Untracked |  0
|   35|0x0000000084900000, 0x0000000084900000, 0x0000000084a00000|  0%| F|  |TAMS 0x0000000084900000| PB 0x0000000084900000| Untracked |  0
|   36|0x0000000084a00000, 0x0000000084a00000, 0x0000000084b00000|  0%| F|  |TAMS 0x0000000084a00000| PB 0x0000000084a00000| Untracked |  0
|   37|0x0000000084b00000, 0x0000000084b00000, 0x0000000084c00000|  0%| F|  |TAMS 0x0000000084b00000| PB 0x0000000084b00000| Untracked |  0
|   38|0x0000000084c00000, 0x0000000084c00000, 0x0000000084d00000|  0%| F|  |TAMS 0x0000000084c00000| PB 0x0000000084c00000| Untracked |  0
|   39|0x0000000084d00000, 0x0000000084d00000, 0x0000000084e00000|  0%| F|  |TAMS 0x0000000084d00000| PB 0x0000000084d00000| Untracked |  0
|   40|0x0000000084e00000, 0x0000000084e00000, 0x0000000084f00000|  0%| F|  |TAMS 0x0000000084e00000| PB 0x0000000084e00000| Untracked |  0
|   41|0x0000000084f00000, 0x0000000084f00000, 0x0000000085000000|  0%| F|  |TAMS 0x0000000084f00000| PB 0x0000000084f00000| Untracked |  0
|   42|0x0000000085000000, 0x0000000085000000, 0x0000000085100000|  0%| F|  |TAMS 0x0000000085000000| PB 0x0000000085000000| Untracked |  0
|   43|0x0000000085100000, 0x0000000085200000, 0x0000000085200000|100%| E|CS|TAMS 0x0000000085100000| PB 0x0000000085100000| Complete  |  0
|   44|0x0000000085200000, 0x0000000085300000, 0x0000000085300000|100%| E|CS|TAMS 0x0000000085200000| PB 0x0000000085200000| Complete  |  0
|   45|0x0000000085300000, 0x0000000085400000, 0x0000000085400000|100%| E|CS|TAMS 0x0000000085300000| PB 0x0000000085300000| Complete  |  0
|   46|0x0000000085400000, 0x0000000085500000, 0x0000000085500000|100%| E|CS|TAMS 0x0000000085400000| PB 0x0000000085400000| Complete  |  0
|   47|0x0000000085500000, 0x0000000085600000, 0x0000000085600000|100%| E|CS|TAMS 0x0000000085500000| PB 0x0000000085500000| Complete  |  0
|   48|0x0000000085600000, 0x0000000085700000, 0x0000000085700000|100%| E|CS|TAMS 0x0000000085600000| PB 0x0000000085600000| Complete  |  0
|   49|0x0000000085700000, 0x0000000085800000, 0x0000000085800000|100%| E|CS|TAMS 0x0000000085700000| PB 0x0000000085700000| Complete  |  0
|   50|0x0000000085800000, 0x0000000085900000, 0x0000000085900000|100%| E|CS|TAMS 0x0000000085800000| PB 0x0000000085800000| Complete  |  0
|   51|0x0000000085900000, 0x0000000085a00000, 0x0000000085a00000|100%| E|CS|TAMS 0x0000000085900000| PB 0x0000000085900000| Complete  |  0
|   52|0x0000000085a00000, 0x0000000085b00000, 0x0000000085b00000|100%| E|CS|TAMS 0x0000000085a00000| PB 0x0000000085a00000| Complete  |  0
|   53|0x0000000085b00000, 0x0000000085c00000, 0x0000000085c00000|100%| E|CS|TAMS 0x0000000085b00000| PB 0x0000000085b00000| Complete  |  0
|   54|0x0000000085c00000, 0x0000000085d00000, 0x0000000085d00000|100%| E|CS|TAMS 0x0000000085c00000| PB 0x0000000085c00000| Complete  |  0
|   55|0x0000000085d00000, 0x0000000085e00000, 0x0000000085e00000|100%| E|CS|TAMS 0x0000000085d00000| PB 0x0000000085d00000| Complete  |  0
|   56|0x0000000085e00000, 0x0000000085f00000, 0x0000000085f00000|100%| E|CS|TAMS 0x0000000085e00000| PB 0x0000000085e00000| Complete  |  0
|   57|0x0000000085f00000, 0x0000000086000000, 0x0000000086000000|100%| E|CS|TAMS 0x0000000085f00000| PB 0x0000000085f00000| Complete  |  0
|   58|0x0000000086000000, 0x0000000086100000, 0x0000000086100000|100%| E|CS|TAMS 0x0000000086000000| PB 0x0000000086000000| Complete  |  0
|   59|0x0000000086100000, 0x0000000086200000, 0x0000000086200000|100%| E|CS|TAMS 0x0000000086100000| PB 0x0000000086100000| Complete  |  0
|   60|0x0000000086200000, 0x0000000086300000, 0x0000000086300000|100%| E|CS|TAMS 0x0000000086200000| PB 0x0000000086200000| Complete  |  0
|   61|0x0000000086300000, 0x0000000086400000, 0x0000000086400000|100%| E|CS|TAMS 0x0000000086300000| PB 0x0000000086300000| Complete  |  0
|   62|0x0000000086400000, 0x0000000086500000, 0x0000000086500000|100%| E|CS|TAMS 0x0000000086400000| PB 0x0000000086400000| Complete  |  0
|   63|0x0000000086500000, 0x0000000086600000, 0x0000000086600000|100%| E|CS|TAMS 0x0000000086500000| PB 0x0000000086500000| Complete  |  0
|   64|0x0000000086600000, 0x0000000086640530, 0x0000000086700000| 25%| S|CS|TAMS 0x0000000086600000| PB 0x0000000086600000| Complete  |  0
|   65|0x0000000086700000, 0x0000000086800000, 0x0000000086800000|100%| S|CS|TAMS 0x0000000086700000| PB 0x0000000086700000| Complete  |  0
|   66|0x0000000086800000, 0x0000000086900000, 0x0000000086900000|100%| S|CS|TAMS 0x0000000086800000| PB 0x0000000086800000| Complete  |  0
|   67|0x0000000086900000, 0x0000000086a00000, 0x0000000086a00000|100%| S|CS|TAMS 0x0000000086900000| PB 0x0000000086900000| Complete  |  0
|   68|0x0000000086a00000, 0x0000000086b00000, 0x0000000086b00000|100%| E|CS|TAMS 0x0000000086a00000| PB 0x0000000086a00000| Complete  |  0
| 2007|0x00000000ffd00000, 0x00000000ffe00000, 0x00000000ffe00000|100%| O|  |TAMS 0x00000000ffd00000| PB 0x00000000ffd00000| Untracked |  0
| 2008|0x00000000ffe00000, 0x00000000fff00000, 0x00000000fff00000|100%| O|  |TAMS 0x00000000ffe00000| PB 0x00000000ffe00000| Untracked |  0
| 2009|0x00000000fff00000, 0x0000000100000000, 0x0000000100000000|100%| E|CS|TAMS 0x00000000fff00000| PB 0x00000000fff00000| Complete  |  0

Card table byte_map: [0x0000021eb7070000,0x0000021eb7460000] _byte_map_base: 0x0000021eb6c5d000
Refinement table byte_map: [0x0000021eb6c80000,0x0000021eb7070000] _byte_map_base: 0x0000021eb686d000

Marking Bits: (CMBitMap*) 0x0000021eaa907d60
 Bits: [0x0000021eb7460000, 0x0000021eb93c8000)

Polling page: 0x0000021ea8870000

Metaspace:
Metaspace        used 44141K, committed 44544K, reserved 1114112K
 class space     used 6561K, committed 6720K, reserved 1048576K

Usage:
  Non-class:     36.70 MB used.
      Class:      6.41 MB used.
       Both:     43.11 MB used.

Virtual space:
  Non-class space:       64.00 MB reserved,      36.94 MB ( 58%) committed,  1 nodes.
      Class space:        1.00 GB reserved,       6.56 MB ( <1%) committed,  1 nodes.
             Both:        1.06 GB reserved,      43.50 MB (  4%) committed. 

Chunk freelists:
   Non-Class:  11.00 MB
       Class:  9.25 MB
        Both:  20.25 MB

MaxMetaspaceSize: unlimited
CompressedClassSpaceSize: 1.00 GB
Initial GC threshold: 21.00 MB
Current GC threshold: 58.88 MB
CDS: on
 - commit_granule_bytes: 65536.
 - commit_granule_words: 8192.
 - virtual_space_node_default_size: 8388608.
 - enlarge_chunks_in_place: 1.
UseCompressedClassPointers 1, UseCompactObjectHeaders 0
Narrow klass pointer bits 32, Max shift 3
Narrow klass base: 0x000000002d000000, Narrow klass shift: 0
Encoding Range: [0x000000002d000000 - 0x000000012d000000), (4294967296 bytes)
Klass Range:    [0x000000002d000000 - 0x000000006e000000), (1090519040 bytes)
Klass ID Range:  [8 - 1090519033) (1090519025)
Protection zone: [0x000000002d000000 - 0x000000002d010000), (65536 bytes)


Internal statistics:

num_allocs_failed_limit: 6.
num_arena_births: 480.
num_arena_deaths: 0.
num_vsnodes_births: 2.
num_vsnodes_deaths: 0.
num_space_committed: 696.
num_space_uncommitted: 0.
num_chunks_returned_to_freelist: 6.
num_chunks_taken_from_freelist: 1957.
num_chunk_merges: 6.
num_chunk_splits: 1464.
num_chunks_enlarged: 1202.
num_inconsistent_stats: 0.

CodeCache: size=49152Kb used=6041Kb max_used=7388Kb free=43110Kb
 bounds [0x0000021eb3560000, 0x0000021eb3ca0000, 0x0000021eb6560000]
 total_blobs=4984, nmethods=4361, adapters=548, full_count=0
Compilation: enabled, stopped_count=0, restarted_count=0

Compilation events (20 events):
Event: 18.888 Thread 0x0000021ebbd9f6f0 4406       1       java.util.ImmutableCollections$MapN$MapNIterator::nextIndex (56 bytes)
Event: 18.888 Thread 0x0000021ebbd9f6f0 nmethod 4406 0x0000021eb38acd88 code [0x0000021eb38ace80, 0x0000021eb38acf60]
Event: 18.888 Thread 0x0000021ebbd9f6f0 4401       1       java.util.ArrayList$ArrayListSpliterator::getFence (35 bytes)
Event: 18.889 Thread 0x0000021ebbd9f6f0 nmethod 4401 0x0000021eb38aca88 code [0x0000021eb38acb80, 0x0000021eb38acc50]
Event: 18.889 Thread 0x0000021ebbd9f6f0 4402       1       java.lang.String::split (8 bytes)
Event: 18.889 Thread 0x0000021ebbd9f6f0 nmethod 4402 0x0000021eb38ac788 code [0x0000021eb38ac880, 0x0000021eb38ac960]
Event: 18.889 Thread 0x0000021ebbd9f6f0 4403       1       java.lang.String::split (148 bytes)
Event: 18.890 Thread 0x0000021ebbd9f6f0 nmethod 4403 0x0000021eb38ac008 code [0x0000021eb38ac100, 0x0000021eb38ac750]
Event: 18.890 Thread 0x0000021ebbd9f6f0 4404       1       java.util.regex.Pattern::split (8 bytes)
Event: 18.891 Thread 0x0000021ebbd9f6f0 nmethod 4404 0x0000021eb38abd08 code [0x0000021eb38abe00, 0x0000021eb38abee0]
Event: 18.891 Thread 0x0000021ebbd9f6f0 4400       1       sun.security.ssl.SSLAlgorithmConstraints::permits (92 bytes)
Event: 18.891 Thread 0x0000021ebbd9f6f0 nmethod 4400 0x0000021eb38ab988 code [0x0000021eb38aba80, 0x0000021eb38abca8]
Event: 18.894 Thread 0x0000021ebbd9f6f0 4407       1       java.util.ArrayList$ArrayListSpliterator::tryAdvance (79 bytes)
Event: 18.894 Thread 0x0000021ebbd9f6f0 nmethod 4407 0x0000021eb38ab588 code [0x0000021eb38ab680, 0x0000021eb38ab970]
Event: 18.894 Thread 0x0000021ebbd9f6f0 4408       1       com.mysql.cj.protocol.ExportControlled$$Lambda/0x000000002e669440::test (15 bytes)
Event: 18.894 Thread 0x0000021ebbd9f6f0 nmethod 4408 0x0000021eb38ab288 code [0x0000021eb38ab380, 0x0000021eb38ab4b0]
Event: 18.897 Thread 0x0000021ebbd9f6f0 4409       1       sun.security.ssl.CipherSuite::isAvailable (52 bytes)
Event: 18.898 Thread 0x0000021ebbd9f6f0 nmethod 4409 0x0000021eb38aaf88 code [0x0000021eb38ab080, 0x0000021eb38ab1f8]
Event: 18.901 Thread 0x0000021ebbd9f6f0 4410       1       java.lang.invoke.VarHandleGuards::guard_LII_V (135 bytes)
Event: 18.903 Thread 0x0000021ebbd9f6f0 nmethod 4410 0x0000021eb38a9b08 code [0x0000021eb38a9c00, 0x0000021eb38aaab0]

GC Heap Usage History (20 events):
Event: 4.431 {heap Before GC invocations=9 (full 0):
 garbage-first heap   total reserved 2058240K, committed 24576K, used 17639K [0x0000000082600000, 0x0000000100000000)
  region size 1M, 9 eden (9M), 2 survivor (2M), 6 old (6M), 1 humongous (1M), 6 free (6M)
}
Event: 4.442 {heap After GC invocations=10 (full 0):
 garbage-first heap   total reserved 2058240K, committed 24576K, used 9135K [0x0000000082600000, 0x0000000100000000)
  region size 1M, 0 eden (0M), 2 survivor (2M), 7 old (7M), 1 humongous (1M), 14 free (14M)
}
Event: 4.731 {heap Before GC invocations=10 (full 0):
 garbage-first heap   total reserved 2058240K, committed 24576K, used 18351K [0x0000000082600000, 0x0000000100000000)
  region size 1M, 9 eden (9M), 2 survivor (2M), 7 old (7M), 1 humongous (1M), 5 free (5M)
}
Event: 4.737 {heap After GC invocations=11 (full 0):
 garbage-first heap   total reserved 2058240K, committed 24576K, used 9667K [0x0000000082600000, 0x0000000100000000)
  region size 1M, 0 eden (0M), 2 survivor (2M), 8 old (8M), 1 humongous (1M), 13 free (13M)
}
Event: 4.992 {heap Before GC invocations=11 (full 0):
 garbage-first heap   total reserved 2058240K, committed 24576K, used 18883K [0x0000000082600000, 0x0000000100000000)
  region size 1M, 9 eden (9M), 2 survivor (2M), 8 old (8M), 1 humongous (1M), 4 free (4M)
}
Event: 4.997 {heap After GC invocations=12 (full 0):
 garbage-first heap   total reserved 2058240K, committed 24576K, used 10585K [0x0000000082600000, 0x0000000100000000)
  region size 1M, 0 eden (0M), 2 survivor (2M), 8 old (8M), 1 humongous (1M), 13 free (13M)
}
Event: 5.733 {heap Before GC invocations=12 (full 0):
 garbage-first heap   total reserved 2058240K, committed 24576K, used 18777K [0x0000000082600000, 0x0000000100000000)
  region size 1M, 9 eden (9M), 2 survivor (2M), 8 old (8M), 1 humongous (1M), 4 free (4M)
}
Event: 5.739 {heap After GC invocations=13 (full 0):
 garbage-first heap   total reserved 2058240K, committed 24576K, used 11053K [0x0000000082600000, 0x0000000100000000)
  region size 1M, 0 eden (0M), 2 survivor (2M), 9 old (9M), 1 humongous (1M), 12 free (12M)
}
Event: 6.141 {heap Before GC invocations=13 (full 0):
 garbage-first heap   total reserved 2058240K, committed 24576K, used 19245K [0x0000000082600000, 0x0000000100000000)
  region size 1M, 9 eden (9M), 2 survivor (2M), 9 old (9M), 1 humongous (1M), 3 free (3M)
}
Event: 6.149 {heap After GC invocations=14 (full 0):
 garbage-first heap   total reserved 2058240K, committed 24576K, used 12114K [0x0000000082600000, 0x0000000100000000)
  region size 1M, 0 eden (0M), 2 survivor (2M), 10 old (10M), 1 humongous (1M), 11 free (11M)
}
Event: 6.366 {heap Before GC invocations=14 (full 0):
 garbage-first heap   total reserved 2058240K, committed 24576K, used 19282K [0x0000000082600000, 0x0000000100000000)
  region size 1M, 8 eden (8M), 2 survivor (2M), 10 old (10M), 1 humongous (1M), 3 free (3M)
}
Event: 6.371 {heap After GC invocations=15 (full 0):
 garbage-first heap   total reserved 2058240K, committed 73728K, used 12694K [0x0000000082600000, 0x0000000100000000)
  region size 1M, 0 eden (0M), 2 survivor (2M), 10 old (10M), 1 humongous (1M), 59 free (59M)
}
Event: 7.195 {heap Before GC invocations=15 (full 0):
 garbage-first heap   total reserved 2058240K, committed 73728K, used 33174K [0x0000000082600000, 0x0000000100000000)
  region size 1M, 21 eden (21M), 2 survivor (2M), 10 old (10M), 1 humongous (1M), 38 free (38M)
}
Event: 7.210 {heap After GC invocations=16 (full 0):
 garbage-first heap   total reserved 2058240K, committed 73728K, used 14778K [0x0000000082600000, 0x0000000100000000)
  region size 1M, 0 eden (0M), 4 survivor (4M), 10 old (10M), 1 humongous (1M), 57 free (57M)
}
Event: 9.221 {heap Before GC invocations=17 (full 0):
 garbage-first heap   total reserved 2058240K, committed 73728K, used 54714K [0x0000000082600000, 0x0000000100000000)
  region size 1M, 39 eden (39M), 4 survivor (4M), 10 old (10M), 1 humongous (1M), 18 free (18M)
}
Event: 9.270 {heap After GC invocations=18 (full 0):
 garbage-first heap   total reserved 2058240K, committed 73728K, used 18080K [0x0000000082600000, 0x0000000100000000)
  region size 1M, 0 eden (0M), 6 survivor (6M), 11 old (11M), 1 humongous (1M), 54 free (54M)
}
Event: 12.825 {heap Before GC invocations=18 (full 0):
 garbage-first heap   total reserved 2058240K, committed 73728K, used 55968K [0x0000000082600000, 0x0000000100000000)
  region size 1M, 37 eden (37M), 6 survivor (6M), 11 old (11M), 1 humongous (1M), 17 free (17M)
}
Event: 12.838 {heap After GC invocations=19 (full 0):
 garbage-first heap   total reserved 2058240K, committed 73728K, used 21418K [0x0000000082600000, 0x0000000100000000)
  region size 1M, 0 eden (0M), 4 survivor (4M), 17 old (17M), 1 humongous (1M), 50 free (50M)
}
Event: 12.899 {heap Before GC invocations=19 (full 0):
 garbage-first heap   total reserved 2058240K, committed 73728K, used 22442K [0x0000000082600000, 0x0000000100000000)
  region size 1M, 2 eden (2M), 4 survivor (4M), 17 old (17M), 1 humongous (1M), 48 free (48M)
}
Event: 12.906 {heap After GC invocations=20 (full 0):
 garbage-first heap   total reserved 2058240K, committed 73728K, used 21287K [0x0000000082600000, 0x0000000100000000)
  region size 1M, 0 eden (0M), 4 survivor (4M), 17 old (17M), 1 humongous (1M), 50 free (50M)
}

Metaspace Usage History (20 events):
Event: 4.431 {metaspace Before GC invocations=9 (full 0):
 Metaspace       used 8204K, committed 8448K, reserved 1114112K
  class space    used 1126K, committed 1216K, reserved 1048576K
}
Event: 4.442 {metaspace After GC invocations=10 (full 0):
 Metaspace       used 8204K, committed 8448K, reserved 1114112K
  class space    used 1126K, committed 1216K, reserved 1048576K
}
Event: 4.731 {metaspace Before GC invocations=10 (full 0):
 Metaspace       used 10476K, committed 10752K, reserved 1114112K
  class space    used 1498K, committed 1600K, reserved 1048576K
}
Event: 4.737 {metaspace After GC invocations=11 (full 0):
 Metaspace       used 10476K, committed 10752K, reserved 1114112K
  class space    used 1498K, committed 1600K, reserved 1048576K
}
Event: 4.992 {metaspace Before GC invocations=11 (full 0):
 Metaspace       used 12419K, committed 12672K, reserved 1114112K
  class space    used 1859K, committed 1984K, reserved 1048576K
}
Event: 4.997 {metaspace After GC invocations=12 (full 0):
 Metaspace       used 12419K, committed 12672K, reserved 1114112K
  class space    used 1859K, committed 1984K, reserved 1048576K
}
Event: 5.733 {metaspace Before GC invocations=12 (full 0):
 Metaspace       used 15167K, committed 15424K, reserved 1114112K
  class space    used 2213K, committed 2304K, reserved 1048576K
}
Event: 5.739 {metaspace After GC invocations=13 (full 0):
 Metaspace       used 15167K, committed 15424K, reserved 1114112K
  class space    used 2213K, committed 2304K, reserved 1048576K
}
Event: 6.141 {metaspace Before GC invocations=13 (full 0):
 Metaspace       used 17517K, committed 17792K, reserved 1114112K
  class space    used 2496K, committed 2624K, reserved 1048576K
}
Event: 6.149 {metaspace After GC invocations=14 (full 0):
 Metaspace       used 17517K, committed 17792K, reserved 1114112K
  class space    used 2496K, committed 2624K, reserved 1048576K
}
Event: 6.366 {metaspace Before GC invocations=14 (full 0):
 Metaspace       used 19002K, committed 19200K, reserved 1114112K
  class space    used 2731K, committed 2816K, reserved 1048576K
}
Event: 6.371 {metaspace After GC invocations=15 (full 0):
 Metaspace       used 19002K, committed 19200K, reserved 1114112K
  class space    used 2731K, committed 2816K, reserved 1048576K
}
Event: 7.195 {metaspace Before GC invocations=15 (full 0):
 Metaspace       used 21236K, committed 21504K, reserved 1114112K
  class space    used 3035K, committed 3200K, reserved 1048576K
}
Event: 7.210 {metaspace After GC invocations=16 (full 0):
 Metaspace       used 21236K, committed 21504K, reserved 1114112K
  class space    used 3035K, committed 3200K, reserved 1048576K
}
Event: 9.221 {metaspace Before GC invocations=17 (full 0):
 Metaspace       used 26289K, committed 26624K, reserved 1114112K
  class space    used 3882K, committed 4032K, reserved 1048576K
}
Event: 9.270 {metaspace After GC invocations=18 (full 0):
 Metaspace       used 26289K, committed 26624K, reserved 1114112K
  class space    used 3882K, committed 4032K, reserved 1048576K
}
Event: 12.825 {metaspace Before GC invocations=18 (full 0):
 Metaspace       used 35343K, committed 35712K, reserved 1114112K
  class space    used 5273K, committed 5440K, reserved 1048576K
}
Event: 12.838 {metaspace After GC invocations=19 (full 0):
 Metaspace       used 35343K, committed 35712K, reserved 1114112K
  class space    used 5273K, committed 5440K, reserved 1048576K
}
Event: 12.899 {metaspace Before GC invocations=19 (full 0):
 Metaspace       used 35614K, committed 35968K, reserved 1114112K
  class space    used 5345K, committed 5504K, reserved 1048576K
}
Event: 12.906 {metaspace After GC invocations=20 (full 0):
 Metaspace       used 35614K, committed 35968K, reserved 1114112K
  class space    used 5345K, committed 5504K, reserved 1048576K
}

Dll operation events (20 events):
Event: 0.725 Attempting to load shared library C:\Program Files\Java\jdk-26.0.1\bin\zip.dll
Event: 0.725 Loaded shared library C:\Program Files\Java\jdk-26.0.1\bin\zip.dll
Event: 0.735 Attempting to load shared library C:\Program Files\Java\jdk-26.0.1\bin\instrument.dll
Event: 0.735 Loaded shared library C:\Program Files\Java\jdk-26.0.1\bin\instrument.dll
Event: 0.751 Attempting to load shared library C:\Program Files\Java\jdk-26.0.1\bin\net.dll
Event: 0.752 Loaded shared library C:\Program Files\Java\jdk-26.0.1\bin\net.dll
Event: 0.764 Attempting to load shared library C:\Program Files\Java\jdk-26.0.1\bin\nio.dll
Event: 0.765 Loaded shared library C:\Program Files\Java\jdk-26.0.1\bin\nio.dll
Event: 0.793 Attempting to load shared library C:\Program Files\Java\jdk-26.0.1\bin\zip.dll
Event: 0.793 Loaded shared library C:\Program Files\Java\jdk-26.0.1\bin\zip.dll
Event: 1.280 Attempting to load shared library C:\Program Files\Java\jdk-26.0.1\bin\extnet.dll
Event: 1.281 Loaded shared library C:\Program Files\Java\jdk-26.0.1\bin\extnet.dll
Event: 1.357 Attempting to load shared library C:\Program Files\Java\jdk-26.0.1\bin\jimage.dll
Event: 1.357 Loaded shared library C:\Program Files\Java\jdk-26.0.1\bin\jimage.dll
Event: 6.585 Attempting to load shared library C:\Program Files\Java\jdk-26.0.1\bin\sunmscapi.dll
Event: 6.589 Loaded shared library C:\Program Files\Java\jdk-26.0.1\bin\sunmscapi.dll
Event: 10.100 Attempting to load shared library C:\Program Files\Java\jdk-26.0.1\bin\management.dll
Event: 10.101 Loaded shared library C:\Program Files\Java\jdk-26.0.1\bin\management.dll
Event: 10.106 Attempting to load shared library C:\Program Files\Java\jdk-26.0.1\bin\management_ext.dll
Event: 10.108 Loaded shared library C:\Program Files\Java\jdk-26.0.1\bin\management_ext.dll

Deoptimization events (8 events):
Event: 4.199 Thread 0x0000021ea865ebb0 DEOPT PACKING pc=0x0000021eb3833dac sp=0x0000003822afc930
Event: 4.199 Thread 0x0000021ea865ebb0 DEOPT UNPACKING pc=0x0000021eb35b1a02 sp=0x0000003822afbe28 mode 0
Event: 11.783 Thread 0x0000021ec1582040 DEOPT PACKING pc=0x0000021eb3936ed6 sp=0x00000038245feeb0
Event: 11.783 Thread 0x0000021ec1582040 DEOPT UNPACKING pc=0x0000021eb35b1a02 sp=0x00000038245fe340 mode 3
Event: 11.784 Thread 0x0000021ec15827f0 DEOPT PACKING pc=0x0000021eb3915ad1 sp=0x00000038249ff350
Event: 11.785 Thread 0x0000021ec15827f0 DEOPT UNPACKING pc=0x0000021eb35b1a02 sp=0x00000038249fe7a8 mode 3
Event: 18.694 Thread 0x0000021ea865ebb0 DEOPT PACKING pc=0x0000021eb39eebcc sp=0x0000003822af9fd0
Event: 18.694 Thread 0x0000021ea865ebb0 DEOPT UNPACKING pc=0x0000021eb35b1a02 sp=0x0000003822af9500 mode 0

Classes loaded (20 events):
Event: 19.949 Loading class sun/security/ssl/PskKeyExchangeModesExtension$PskKeyExchangeModesOnTradeAbsence
Event: 19.949 Loading class sun/security/ssl/PskKeyExchangeModesExtension$PskKeyExchangeModesOnTradeAbsence done
Event: 19.949 Loading class sun/security/ssl/PskKeyExchangeModesExtension$PskKeyExchangeModesStringizer
Event: 19.949 Loading class sun/security/ssl/PskKeyExchangeModesExtension$PskKeyExchangeModesStringizer done
Event: 19.950 Loading class sun/security/ssl/CertificateAuthoritiesExtension
Event: 19.950 Loading class sun/security/ssl/CertificateAuthoritiesExtension done
Event: 19.950 Loading class sun/security/ssl/CertificateAuthoritiesExtension$CHCertificateAuthoritiesProducer
Event: 19.950 Loading class sun/security/ssl/CertificateAuthoritiesExtension$CHCertificateAuthoritiesProducer done
Event: 19.950 Loading class sun/security/ssl/CertificateAuthoritiesExtension$CHCertificateAuthoritiesConsumer
Event: 19.951 Loading class sun/security/ssl/CertificateAuthoritiesExtension$CHCertificateAuthoritiesConsumer done
Event: 19.951 Loading class sun/security/ssl/CertificateAuthoritiesExtension$CRCertificateAuthoritiesProducer
Event: 19.951 Loading class sun/security/ssl/CertificateAuthoritiesExtension$CRCertificateAuthoritiesProducer done
Event: 19.951 Loading class sun/security/ssl/CertificateAuthoritiesExtension$CRCertificateAuthoritiesConsumer
Event: 19.951 Loading class sun/security/ssl/CertificateAuthoritiesExtension$CRCertificateAuthoritiesConsumer done
Event: 19.951 Loading class sun/security/ssl/CertificateAuthoritiesExtension$CertificateAuthoritiesStringizer
Event: 19.951 Loading class sun/security/ssl/CertificateAuthoritiesExtension$CertificateAuthoritiesStringizer done
Event: 19.952 Loading class sun/security/ssl/CertSignAlgsExtension
Event: 19.952 Loading class sun/security/ssl/CertSignAlgsExtension done
Event: 19.952 Loading class sun/security/ssl/CertSignAlgsExtension$CHCertSignatureSchemesProducer
Event: 19.952 Loading class sun/security/ssl/CertSignAlgsExtension$CHCertSignatureSchemesProducer done

Classes unloaded (0 events):
No events

Classes redefined (0 events):
No events

Internal exceptions (20 events):
Event: 9.042 Thread 0x0000021ea865ebb0 Exception <a 'java/lang/IncompatibleClassChangeError'{0x000000008443f630}: Found class java.lang.Object, but interface was expected> (0x000000008443f630) 
thrown [s\open\src\hotspot\share\interpreter\linkResolver.cpp, line 871]
Event: 9.046 Thread 0x0000021ea865ebb0 Exception <a 'java/lang/NoSuchMethodError'{0x00000000844672c8}: 'int java.lang.invoke.DirectMethodHandle$Holder.invokeSpecialIFC(java.lang.Object, java.lang.Object, java.lang.Object)'> (0x00000000844672c8) 
thrown [s\open\src\hotspot\share\interpreter\linkResolver.cpp, line 804]
Event: 9.047 Thread 0x0000021ea865ebb0 Exception <a 'java/lang/IncompatibleClassChangeError'{0x0000000084476860}: Found class java.lang.Object, but interface was expected> (0x0000000084476860) 
thrown [s\open\src\hotspot\share\interpreter\linkResolver.cpp, line 871]
Event: 9.049 Thread 0x0000021ea865ebb0 Exception <a 'java/lang/IncompatibleClassChangeError'{0x0000000084486ef8}: Found class java.lang.Object, but interface was expected> (0x0000000084486ef8) 
thrown [s\open\src\hotspot\share\interpreter\linkResolver.cpp, line 871]
Event: 9.051 Thread 0x0000021ea865ebb0 Exception <a 'java/lang/IncompatibleClassChangeError'{0x000000008449f520}: Found class java.lang.Object, but interface was expected> (0x000000008449f520) 
thrown [s\open\src\hotspot\share\interpreter\linkResolver.cpp, line 871]
Event: 9.116 Thread 0x0000021ea865ebb0 Exception <a 'java/lang/NoSuchMethodError'{0x000000008431b210}: 'void java.lang.invoke.DirectMethodHandle$Holder.invokeStatic(java.lang.Object, java.lang.Object, java.lang.Object, int, java.lang.Object)'> (0x000000008431b210) 
thrown [s\open\src\hotspot\share\interpreter\linkResolver.cpp, line 804]
Event: 9.143 Thread 0x0000021ea865ebb0 Exception <a 'java/lang/NoSuchMethodError'{0x0000000084204680}: 'void java.lang.invoke.DirectMethodHandle$Holder.invokeStatic(java.lang.Object, int, java.lang.Object)'> (0x0000000084204680) 
thrown [s\open\src\hotspot\share\interpreter\linkResolver.cpp, line 804]
Event: 9.330 Thread 0x0000021ea865ebb0 Exception <a 'java/lang/NoSuchMethodError'{0x00000000fffb2f18}: 'java.lang.Object java.lang.invoke.DirectMethodHandle$Holder.invokeVirtual(java.lang.Object, java.lang.Object, java.lang.Object, java.lang.Object, java.lang.Object)'> (0x00000000fffb2f18) 
thrown [s\open\src\hotspot\share\interpreter\linkResolver.cpp, line 804]
Event: 9.565 Thread 0x0000021ea865ebb0 Exception <a 'java/lang/NoSuchMethodError'{0x00000000869bab18}: 'java.lang.Object java.lang.invoke.DirectMethodHandle$Holder.invokeStaticInit(java.lang.Object, java.lang.Object, int, int, int, int)'> (0x00000000869bab18) 
thrown [s\open\src\hotspot\share\interpreter\linkResolver.cpp, line 804]
Event: 9.972 Thread 0x0000021ea865ebb0 Exception <a 'java/lang/NoSuchMethodError'{0x0000000086572358}: 'int java.lang.invoke.DirectMethodHandle$Holder.invokeVirtual(java.lang.Object, java.lang.Object, java.lang.Object, java.lang.Object)'> (0x0000000086572358) 
thrown [s\open\src\hotspot\share\interpreter\linkResolver.cpp, line 804]
Event: 10.173 Thread 0x0000021ea865ebb0 Exception <a 'java/io/FileNotFoundException'{0x00000000864b1b48}> (0x00000000864b1b48) 
thrown [s\open\src\hotspot\share\prims\jni.cpp, line 514]
Event: 10.386 Thread 0x0000021ea865ebb0 Exception <a 'java/lang/NoSuchMethodError'{0x00000000862ab258}: 'int java.lang.invoke.DirectMethodHandle$Holder.invokeInterface(java.lang.Object, java.lang.Object, java.lang.Object, java.lang.Object)'> (0x00000000862ab258) 
thrown [s\open\src\hotspot\share\interpreter\linkResolver.cpp, line 804]
Event: 10.512 Thread 0x0000021ea865ebb0 Exception <a 'java/lang/NoSuchMethodError'{0x00000000860f9240}: 'long java.lang.invoke.DirectMethodHandle$Holder.invokeVirtual(java.lang.Object, java.lang.Object)'> (0x00000000860f9240) 
thrown [s\open\src\hotspot\share\interpreter\linkResolver.cpp, line 804]
Event: 10.582 Thread 0x0000021ea865ebb0 Exception <a 'java/lang/NoSuchMethodError'{0x0000000085e29ea8}: 'void java.lang.invoke.DirectMethodHandle$Holder.invokeVirtual(java.lang.Object, java.lang.Object, long)'> (0x0000000085e29ea8) 
thrown [s\open\src\hotspot\share\interpreter\linkResolver.cpp, line 804]
Event: 10.694 Thread 0x0000021ea865ebb0 Exception <a 'java/lang/NoSuchMethodError'{0x0000000085cfc9a0}: 'java.lang.Object java.lang.invoke.DirectMethodHandle$Holder.newInvokeSpecial(java.lang.Object, java.lang.Object, java.lang.Object, java.lang.Object, java.lang.Object, java.lang.Object, java.lang.Object, java.lang.Object, java.lang.Object, java.lang.Object, java.lang.Object)'> (0x0000000085cfc9a0) 
thrown [s\open\src\hotspot\share\interpreter\linkResolver.cpp, line 804]
Event: 11.980 Thread 0x0000021ea865ebb0 Exception <a 'java/lang/NoSuchMethodError'{0x0000000085655f58}: 'void java.lang.invoke.DelegatingMethodHandle$Holder.reinvoke_L(java.lang.Object, java.lang.Object, java.lang.Object, java.lang.Object, int, java.lang.Object, java.lang.Object, java.lang.Object)'> (0x0000000085655f58) 
thrown [s\open\src\hotspot\share\interpreter\linkResolver.cpp, line 804]
Event: 11.987 Thread 0x0000021ea865ebb0 Exception <a 'java/lang/NoSuchMethodError'{0x00000000856aa3b0}: 'java.lang.Object java.lang.invoke.DirectMethodHandle$Holder.invokeStatic(java.lang.Object, java.lang.Object, java.lang.Object, java.lang.Object, java.lang.Object, java.lang.Object, java.lang.Object, java.lang.Object, java.lang.Object, java.lang.Object)'> (0x00000000856aa3b0) 
thrown [s\open\src\hotspot\share\interpreter\linkResolver.cpp, line 804]
Event: 12.966 Thread 0x0000021ea865ebb0 Exception <a 'java/lang/IncompatibleClassChangeError'{0x00000000fffe3f98}: Found class java.lang.Object, but interface was expected> (0x00000000fffe3f98) 
thrown [s\open\src\hotspot\share\interpreter\linkResolver.cpp, line 871]
Event: 18.707 Thread 0x0000021ea865ebb0 Exception <a 'sun/nio/fs/WindowsException'{0x00000000852ac1b8}> (0x00000000852ac1b8) 
thrown [s\open\src\hotspot\share\prims\jni.cpp, line 514]
Event: 18.881 Thread 0x0000021ea865ebb0 Exception <a 'java/lang/NoSuchMethodError'{0x00000000851ac2e8}: 'java.lang.Object java.lang.invoke.DirectMethodHandle$Holder.invokeStaticInit(java.lang.Object, int)'> (0x00000000851ac2e8) 
thrown [s\open\src\hotspot\share\interpreter\linkResolver.cpp, line 804]

VM Operations (20 events):
Event: 10.438 Executing non-safepoint VM operation: HandshakeAllThreads (Deoptimize)
Event: 10.438 Executing non-safepoint VM operation: HandshakeAllThreads (Deoptimize) done
Event: 10.530 Executing non-safepoint VM operation: HandshakeAllThreads (Deoptimize)
Event: 10.530 Executing non-safepoint VM operation: HandshakeAllThreads (Deoptimize) done
Event: 12.825 Executing safepoint VM operation: G1CollectForAllocation (G1 Evacuation Pause)
Event: 12.838 Executing safepoint VM operation: G1CollectForAllocation (G1 Evacuation Pause) done
Event: 12.899 Executing safepoint VM operation: CollectForMetadataAllocation (Metadata GC Threshold)
Event: 12.906 Executing safepoint VM operation: CollectForMetadataAllocation (Metadata GC Threshold) done
Event: 12.947 Executing safepoint VM operation: G1PauseRemark
Event: 12.951 Executing safepoint VM operation: G1PauseRemark done
Event: 12.968 Executing safepoint VM operation: G1PauseCleanup
Event: 12.968 Executing safepoint VM operation: G1PauseCleanup done
Event: 18.679 Executing non-safepoint VM operation: HandshakeAllThreads (Deoptimize)
Event: 18.679 Executing non-safepoint VM operation: HandshakeAllThreads (Deoptimize) done
Event: 18.694 Executing non-safepoint VM operation: HandshakeAllThreads (Deoptimize)
Event: 18.694 Executing non-safepoint VM operation: HandshakeAllThreads (Deoptimize) done
Event: 18.710 Executing non-safepoint VM operation: HandshakeAllThreads (Deoptimize)
Event: 18.711 Executing non-safepoint VM operation: HandshakeAllThreads (Deoptimize) done
Event: 18.724 Executing non-safepoint VM operation: HandshakeAllThreads (Deoptimize)
Event: 18.724 Executing non-safepoint VM operation: HandshakeAllThreads (Deoptimize) done

Memory protections (0 events):
No events

Nmethod flushes (20 events):
Event: 12.950 Thread 0x0000021ebbd7ed50 flushing  nmethod 0x0000021eb37d0188
Event: 12.950 Thread 0x0000021ebbd7ed50 flushing  nmethod 0x0000021eb37d2088
Event: 12.950 Thread 0x0000021ebbd7ed50 flushing  nmethod 0x0000021eb3814f08
Event: 12.950 Thread 0x0000021ebbd7ed50 flushing  nmethod 0x0000021eb386ad08
Event: 12.950 Thread 0x0000021ebbd7ed50 flushing  nmethod 0x0000021eb3919a08
Event: 12.950 Thread 0x0000021ebbd7ed50 flushing  nmethod 0x0000021eb3b34308
Event: 12.950 Thread 0x0000021ebbd7ed50 flushing  nmethod 0x0000021eb373a608
Event: 12.950 Thread 0x0000021ebbd7ed50 flushing  nmethod 0x0000021eb375c888
Event: 12.950 Thread 0x0000021ebbd7ed50 flushing  nmethod 0x0000021eb375d308
Event: 12.950 Thread 0x0000021ebbd7ed50 flushing  nmethod 0x0000021eb375d608
Event: 12.950 Thread 0x0000021ebbd7ed50 flushing  nmethod 0x0000021eb375d988
Event: 12.950 Thread 0x0000021ebbd7ed50 flushing  nmethod 0x0000021eb375e888
Event: 12.950 Thread 0x0000021ebbd7ed50 flushing  nmethod 0x0000021eb3870f08
Event: 12.950 Thread 0x0000021ebbd7ed50 flushing  nmethod 0x0000021eb393d408
Event: 12.950 Thread 0x0000021ebbd7ed50 flushing  nmethod 0x0000021eb3b53088
Event: 12.950 Thread 0x0000021ebbd7ed50 flushing  nmethod 0x0000021eb3b6c588
Event: 12.950 Thread 0x0000021ebbd7ed50 flushing  nmethod 0x0000021eb3787308
Event: 12.950 Thread 0x0000021ebbd7ed50 flushing  nmethod 0x0000021eb37b6e88
Event: 12.950 Thread 0x0000021ebbd7ed50 flushing  nmethod 0x0000021eb3872d88
Event: 12.950 Thread 0x0000021ebbd7ed50 flushing  nmethod 0x0000021eb3b2ed08

Events (20 events):
Event: 0.168 Thread 0x0000021ea865ebb0 Thread added: 0x0000021ebbd972b0
Event: 0.168 Thread 0x0000021ea865ebb0 Thread added: 0x0000021ebbd9ba70
Event: 0.168 Thread 0x0000021ea865ebb0 Thread added: 0x0000021ebbd9f6f0
Event: 0.671 Thread 0x0000021ebbd9f6f0 Thread added: 0x0000021ec0045700
Event: 0.746 Thread 0x0000021ea865ebb0 Thread added: 0x0000021ec00840c0
Event: 1.223 Thread 0x0000021ea865ebb0 Thread added: 0x0000021ec03fa610
Event: 1.223 Thread 0x0000021ea865ebb0 Thread added: 0x0000021ec03fadc0
Event: 3.985 Thread 0x0000021ec0045700 Thread added: 0x0000021ec0d15920
Event: 4.593 Thread 0x0000021ea865ebb0 Thread added: 0x0000021ec0e0d480
Event: 5.773 Thread 0x0000021ec0045700 Thread added: 0x0000021ec10b0670
Event: 6.056 Thread 0x0000021ea865ebb0 Thread added: 0x0000021ec1152bf0
Event: 6.151 Thread 0x0000021ec1152bf0 Thread exited: 0x0000021ec1152bf0
Event: 6.703 Thread 0x0000021ec0e0d480 Thread exited: 0x0000021ec0e0d480
Event: 10.541 Thread 0x0000021ea865ebb0 Thread added: 0x0000021ec1582040
Event: 10.546 Thread 0x0000021ea865ebb0 Thread added: 0x0000021ec15827f0
Event: 10.553 Thread 0x0000021ea865ebb0 Thread added: 0x0000021ec1582fa0
Event: 10.641 Thread 0x0000021ea865ebb0 Thread added: 0x0000021ec15597a0
Event: 11.834 Thread 0x0000021ec10b0670 Thread exited: 0x0000021ec10b0670
Event: 11.834 Thread 0x0000021ec0d15920 Thread exited: 0x0000021ec0d15920
Event: 16.735 Thread 0x0000021ec0045700 Thread exited: 0x0000021ec0045700


Dynamic libraries:
0x00007ff7f16b0000 - 0x00007ff7f16c0000 	C:\Program Files\Java\jdk-26.0.1\bin\java.exe
0x00007ff91c6e0000 - 0x00007ff91c946000 	C:\WINDOWS\SYSTEM32\ntdll.dll
0x00007ff91b000000 - 0x00007ff91b0c9000 	C:\WINDOWS\System32\KERNEL32.DLL
0x00007ff919950000 - 0x00007ff919d4f000 	C:\WINDOWS\System32\KERNELBASE.dll
0x00007ff919d60000 - 0x00007ff919eac000 	C:\WINDOWS\System32\ucrtbase.dll
0x00007ff90e740000 - 0x00007ff90e75e000 	C:\Program Files\Java\jdk-26.0.1\bin\VCRUNTIME140.dll
0x00007ff911720000 - 0x00007ff911737000 	C:\Program Files\Java\jdk-26.0.1\bin\jli.dll
0x00007ff91a8c0000 - 0x00007ff91aa86000 	C:\WINDOWS\System32\USER32.dll
0x00007ff900370000 - 0x00007ff900601000 	C:\WINDOWS\WinSxS\amd64_microsoft.windows.common-controls_6595b64144ccf1df_6.0.26100.8972_none_3e0da176e32f9d4b\COMCTL32.dll
0x00007ff91a020000 - 0x00007ff91a047000 	C:\WINDOWS\System32\win32u.dll
0x00007ff91aba0000 - 0x00007ff91ac49000 	C:\WINDOWS\System32\msvcrt.dll
0x00007ff91afd0000 - 0x00007ff91affb000 	C:\WINDOWS\System32\GDI32.dll
0x00007ff91a270000 - 0x00007ff91a399000 	C:\WINDOWS\System32\gdi32full.dll
0x00007ff919f70000 - 0x00007ff91a013000 	C:\WINDOWS\System32\msvcp_win.dll
0x00007ff91a7a0000 - 0x00007ff91a7d2000 	C:\WINDOWS\System32\IMM32.DLL
0x00007ff9147a0000 - 0x00007ff9147ac000 	C:\Program Files\Java\jdk-26.0.1\bin\vcruntime140_1.dll
0x00007ff8da760000 - 0x00007ff8da7ed000 	C:\Program Files\Java\jdk-26.0.1\bin\msvcp140.dll
0x00007ff84c260000 - 0x00007ff84d12e000 	C:\Program Files\Java\jdk-26.0.1\bin\server\jvm.dll
0x00007ff91b0d0000 - 0x00007ff91b18c000 	C:\WINDOWS\System32\ADVAPI32.dll
0x00007ff91ae40000 - 0x00007ff91aeea000 	C:\WINDOWS\System32\sechost.dll
0x00007ff91ac60000 - 0x00007ff91ad78000 	C:\WINDOWS\System32\RPCRT4.dll
0x00007ff91c610000 - 0x00007ff91c692000 	C:\WINDOWS\System32\WS2_32.dll
0x00007ff9197b0000 - 0x00007ff91980e000 	C:\WINDOWS\SYSTEM32\POWRPROF.dll
0x00007ff9015a0000 - 0x00007ff9015d6000 	C:\WINDOWS\SYSTEM32\WINMM.dll
0x00007ff90ff50000 - 0x00007ff90ff5b000 	C:\WINDOWS\SYSTEM32\VERSION.dll
0x00007ff919790000 - 0x00007ff9197a5000 	C:\WINDOWS\SYSTEM32\UMPDC.dll
0x00007ff918670000 - 0x00007ff91868b000 	C:\WINDOWS\SYSTEM32\kernel.appcore.dll
0x00007ff911350000 - 0x00007ff91135a000 	C:\Program Files\Java\jdk-26.0.1\bin\jimage.dll
0x00007ff9171e0000 - 0x00007ff917422000 	C:\WINDOWS\SYSTEM32\DBGHELP.DLL
0x00007ff91b1b0000 - 0x00007ff91b535000 	C:\WINDOWS\System32\combase.dll
0x00007ff91aef0000 - 0x00007ff91afc9000 	C:\WINDOWS\System32\OLEAUT32.dll
0x00007ff900940000 - 0x00007ff90097b000 	C:\WINDOWS\SYSTEM32\dbgcore.DLL
0x00007ff91a3a0000 - 0x00007ff91a44c000 	C:\WINDOWS\System32\bcryptPrimitives.dll
0x00007ff90e780000 - 0x00007ff90e790000 	C:\Program Files\Java\jdk-26.0.1\bin\instrument.dll
0x00007ff90c2f0000 - 0x00007ff90c30f000 	C:\Program Files\Java\jdk-26.0.1\bin\java.dll
0x00007ff91bef0000 - 0x00007ff91c089000 	C:\WINDOWS\System32\ole32.dll
0x00007ff91b540000 - 0x00007ff91bcc8000 	C:\WINDOWS\System32\SHELL32.dll
0x00007ff917480000 - 0x00007ff917d1b000 	C:\WINDOWS\SYSTEM32\windows.storage.dll
0x00007ff91a6a0000 - 0x00007ff91a799000 	C:\WINDOWS\System32\SHCORE.dll
0x00007ff91c090000 - 0x00007ff91c0f6000 	C:\WINDOWS\System32\shlwapi.dll
0x00007ff919870000 - 0x00007ff919899000 	C:\WINDOWS\SYSTEM32\profapi.dll
0x00007ff8fea80000 - 0x00007ff8fea97000 	C:\Program Files\Java\jdk-26.0.1\bin\zip.dll
0x00007ff903740000 - 0x00007ff903752000 	C:\Program Files\Java\jdk-26.0.1\bin\net.dll
0x00007ff918be0000 - 0x00007ff918c4c000 	C:\WINDOWS\system32\mswsock.dll
0x00007ff902670000 - 0x00007ff902686000 	C:\Program Files\Java\jdk-26.0.1\bin\nio.dll
0x00007ff90c390000 - 0x00007ff90c399000 	C:\Program Files\Java\jdk-26.0.1\bin\extnet.dll
0x00007ff902660000 - 0x00007ff90266e000 	C:\Program Files\Java\jdk-26.0.1\bin\sunmscapi.dll
0x00007ff91a050000 - 0x00007ff91a1ce000 	C:\WINDOWS\System32\CRYPT32.dll
0x00007ff919140000 - 0x00007ff919170000 	C:\WINDOWS\SYSTEM32\ncrypt.dll
0x00007ff9190f0000 - 0x00007ff91912f000 	C:\WINDOWS\SYSTEM32\NTASN1.dll
0x00007ff918fd0000 - 0x00007ff918feb000 	C:\WINDOWS\SYSTEM32\CRYPTSP.dll
0x00007ff9185d0000 - 0x00007ff918609000 	C:\WINDOWS\system32\rsaenh.dll
0x00007ff918c80000 - 0x00007ff918cb2000 	C:\WINDOWS\SYSTEM32\USERENV.dll
0x00007ff919840000 - 0x00007ff91986a000 	C:\WINDOWS\SYSTEM32\bcrypt.dll
0x00007ff918fb0000 - 0x00007ff918fbc000 	C:\WINDOWS\SYSTEM32\CRYPTBASE.dll
0x00007ff918030000 - 0x00007ff918063000 	C:\WINDOWS\SYSTEM32\IPHLPAPI.DLL
0x00007ff91a530000 - 0x00007ff91a53a000 	C:\WINDOWS\System32\NSI.dll
0x00007ff90c280000 - 0x00007ff90c28a000 	C:\Program Files\Java\jdk-26.0.1\bin\management.dll
0x00007ff903360000 - 0x00007ff90336c000 	C:\Program Files\Java\jdk-26.0.1\bin\management_ext.dll
0x00007ff91ac50000 - 0x00007ff91ac58000 	C:\WINDOWS\System32\PSAPI.DLL
0x00007ff918120000 - 0x00007ff918278000 	C:\WINDOWS\SYSTEM32\DNSAPI.dll
0x00007ff918a10000 - 0x00007ff918a1d000 	C:\WINDOWS\SYSTEM32\DSPARSE.dll
0x00007ff910130000 - 0x00007ff91013b000 	C:\Windows\System32\rasadhlp.dll
0x00007ff910930000 - 0x00007ff9109b6000 	C:\WINDOWS\System32\fwpuclnt.dll

JVMTI agents:
C:\Program Files\JetBrains\IntelliJ IDEA 2026.2.1\lib\idea_rt.jar path:C:\Program Files\Java\jdk-26.0.1\bin\instrument.dll, loaded, initialized, instrumentlib options:53613

dbghelp: loaded successfully - version: 4.0.5 - missing functions: none
symbol engine: initialized successfully - sym options: 0x614 - pdb path: .;C:\Program Files\Java\jdk-26.0.1\bin;C:\WINDOWS\SYSTEM32;C:\WINDOWS\WinSxS\amd64_microsoft.windows.common-controls_6595b64144ccf1df_6.0.26100.8972_none_3e0da176e32f9d4b;C:\Program Files\Java\jdk-26.0.1\bin\server

VM Arguments:
jvm_args: -XX:TieredStopAtLevel=1 -Dspring.output.ansi.enabled=always -javaagent:C:\Program Files\JetBrains\IntelliJ IDEA 2026.2.1\lib\idea_rt.jar=53613 -Dfile.encoding=UTF-8 -Dsun.stdout.encoding=UTF-8 -Dsun.stderr.encoding=UTF-8 
java_command: com.LibraryDesk.LibraryDeskApplication
java_class_path (initial): C:\Users\Basit\.vscode\java\LibraryDesk\LibraryDesk\target\classes;C:\Users\Basit\.m2\repository\com\mysql\mysql-connector-j\9.7.0\mysql-connector-j-9.7.0.jar;C:\Users\Basit\.m2\repository\org\springframework\boot\spring-boot-starter-data-jpa\4.1.1\spring-boot-starter-data-jpa-4.1.1.jar;C:\Users\Basit\.m2\repository\org\springframework\boot\spring-boot-starter\4.1.1\spring-boot-starter-4.1.1.jar;C:\Users\Basit\.m2\repository\org\springframework\boot\spring-boot-starter-logging\4.1.1\spring-boot-starter-logging-4.1.1.jar;C:\Users\Basit\.m2\repository\ch\qos\logback\logback-classic\1.5.38\logback-classic-1.5.38.jar;C:\Users\Basit\.m2\repository\ch\qos\logback\logback-core\1.5.38\logback-core-1.5.38.jar;C:\Users\Basit\.m2\repository\org\apache\logging\log4j\log4j-to-slf4j\2.25.5\log4j-to-slf4j-2.25.5.jar;C:\Users\Basit\.m2\repository\org\apache\logging\log4j\log4j-api\2.25.5\log4j-api-2.25.5.jar;C:\Users\Basit\.m2\repository\org\slf4j\jul-to-slf4j\2.0.18\jul-to-slf4j-2.0.18.jar;C:\Users\Basit\.m2\repository\org\springframework\boot\spring-boot-autoconfigure\4.1.1\spring-boot-autoconfigure-4.1.1.jar;C:\Users\Basit\.m2\repository\jakarta\annotation\jakarta.annotation-api\3.0.0\jakarta.annotation-api-3.0.0.jar;C:\Users\Basit\.m2\repository\org\yaml\snakeyaml\2.6\snakeyaml-2.6.jar;C:\Users\Basit\.m2\repository\org\springframework\boot\spring-boot-starter-jdbc\4.1.1\spring-boot-starter-jdbc-4.1.1.jar;C:\Users\Basit\.m2\repository\com\zaxxer\HikariCP\7.0.2\HikariCP-7.0.2.jar;C:\Users\Basit\.m2\repository\org\springframework\boot\spring-boot-data-jpa\4.1.1\spring-boot-data-jpa-4.1.1.jar;C:\Users\Basit\.m2\repository\org\springframework\boot\spring-boot-data-commons\4.1.1\spring-boot-data-commons-4.1.1.jar;C:\Users\Basit\.m2\repository\org\springframework\boot\spring-boot-persistence\4.1.1\spring-boot-persistence-4.1.1.jar;C:\Users\Basit\.m2\repository\org\springframework\data\spring-data-commons\4.1.1\spring-data-commons-4.1.1.jar;C:\Users\Basit\.m2\repository\org\springframework\boot\spring-boot-hibernate\4.1.1\spring-boot-hibernate-4.1.1.jar;C:\Users\Basit\.m2\repository\org\springframework\boot\spring-boot-jpa\4.1.1\spring-boot-jpa-4.1.1.jar;C:\Users\Basit\.m2\repository\jakarta\persistence\jakarta.persistence-api\3.2.0\jakarta.persistence-api-3.2.0.jar;C:\Users\Basit\.m2\repository\org\hibernate\orm\hibernate-core\7.4.5.Final\hibernate-core-7.4.5.Final.jar;C:\Users\Basit\.m2\repository\jakarta\transaction\jakarta.transaction-api\2.0.1\jakarta.transaction-api-2.0.1.jar;C:\Users\Basit\.m2\repository\org\hibernate\models\hibernate-models\1.1.1\hibernate-models-1.1.1.jar;C:\Users\Basit\.m2\repository\org\glassfish\jaxb\jaxb-runtime\4.0.9\jaxb-runtime-4.0.9.jar;C:\Users\Basit\.m2\repository\org\glassfish\jaxb\jaxb-core\4.0.9\jaxb-core-4.0.9.jar;C:\Users\Basit\.m2\repository\org\eclipse\angus\angus-activation\2.0.3\angus-activation-2.0.3.jar;C:\Users\Basit\.m2\repository\org\glassfish\jaxb\txw2\4.0.9\txw2-4.0.9.jar;C:\Users\Basit\.m2\repository\com\sun\istack\istack-commons-runtime\4.1.2\istack-commons-runtime-4.1.2.jar;C:\Users\Basit\.m2\repository\jakarta\inject\jakarta.inject-api\2.0.1\jakarta.inject-api-2.0.1.jar;C:\Users\Basit\.m2\repository\org\springframework\spring-orm\7.0.9\spring-orm-7.0.9.jar;C:\Users\Basit\.m2\repository\org\springframework\data\spring-data-jpa\4.1.1\spring-data-jpa-4.1.1.jar;C:\Users\Basit\.m2\repository\org\springframework\spring-context\7.0.9\spring-context-7.0.9.jar;C:\Users\Basit\.m2\repository\org\springframework\spring-tx\7.0.9\spring-tx-7.0.9.jar;C:\Users\Basit\.m2\repository\org\springframework\spring-beans\7.0.9\spring-beans-7.0.9.jar;C:\Users\Basit\.m2\repository\org\antlr\antlr4-runtime\4.13.2\antlr4-runtime-4.13.2.jar;C:\Users\Basit\.m2\repository\org\springframework\spring-aspects\7.0.9\spring-aspects-7.0.9.jar;C:\Users\Basit\.m2\repository\org\aspectj\aspectjweaver\1.9.25.1\aspectjweaver-1.9.25.1.jar;C:\Users\Basit\.m2\repository\org\springframework\boot\spring-boot-jdbc\4.1.1\spring-boot-jdbc-4.1.1.jar;C:\Users\Basit\.m2\repository\org\springframework\boot\spring-boot\4.1.1\spring-boot-4.1.1.jar;C:\Users\Basit\.m2\repository\org\springframework\boot\spring-boot-sql\4.1.1\spring-boot-sql-4.1.1.jar;C:\Users\Basit\.m2\repository\org\springframework\boot\spring-boot-transaction\4.1.1\spring-boot-transaction-4.1.1.jar;C:\Users\Basit\.m2\repository\org\springframework\spring-jdbc\7.0.9\spring-jdbc-7.0.9.jar;C:\Users\Basit\.m2\repository\org\springframework\boot\spring-boot-starter-thymeleaf\4.1.1\spring-boot-starter-thymeleaf-4.1.1.jar;C:\Users\Basit\.m2\repository\org\springframework\boot\spring-boot-thymeleaf\4.1.1\spring-boot-thymeleaf-4.1.1.jar;C:\Users\Basit\.m2\repository\org\springframework\spring-web\7.0.9\spring-web-7.0.9.jar;C:\Users\Basit\.m2\repository\io\micrometer\micrometer-observation\1.17.1\micrometer-observation-1.17.1.jar;C:\Users\Basit\.m2\repository\io\micrometer\micrometer-commons\1.17.1\micrometer-commons-1.17.1.jar;C:\Users\Basit\.m2\repository\org\springframework\boot\spring-boot-starter-validation\4.1.1\spring-boot-starter-validation-4.1.1.jar;C:\Users\Basit\.m2\repository\org\springframework\boot\spring-boot-validation\4.1.1\spring-boot-validation-4.1.1.jar;C:\Users\Basit\.m2\repository\org\apache\tomcat\embed\tomcat-embed-el\11.0.24\tomcat-embed-el-11.0.24.jar;C:\Users\Basit\.m2\repository\org\hibernate\validator\hibernate-validator\9.1.3.Final\hibernate-validator-9.1.3.Final.jar;C:\Users\Basit\.m2\repository\jakarta\validation\jakarta.validation-api\3.1.1\jakarta.validation-api-3.1.1.jar;C:\Users\Basit\.m2\repository\org\jboss\logging\jboss-logging\3.6.3.Final\jboss-logging-3.6.3.Final.jar;C:\Users\Basit\.m2\repository\com\fasterxml\classmate\1.7.3\classmate-1.7.3.jar;C:\Users\Basit\.m2\repository\org\springframework\boot\spring-boot-starter-webmvc\4.1.1\spring-boot-starter-webmvc-4.1.1.jar;C:\Users\Basit\.m2\repository\org\springframework\boot\spring-boot-starter-jackson\4.1.1\spring-boot-starter-jackson-4.1.1.jar;C:\Users\Basit\.m2\repository\org\springframework\boot\spring-boot-jackson\4.1.1\spring-boot-jackson-4.1.1.jar;C:\Users\Basit\.m2\repository\tools\jackson\core\jackson-databind\3.1.5\jackson-databind-3.1.5.jar;C:\Users\Basit\.m2\repository\com\fasterxml\jackson\core\jackson-annotations\2.21\jackson-annotations-2.21.jar;C:\Users\Basit\.m2\repository\tools\jackson\core\jackson-core\3.1.5\jackson-core-3.1.5.jar;C:\Users\Basit\.m2\repository\org\springframework\boot\spring-boot-starter-tomcat\4.1.1\spring-boot-starter-tomcat-4.1.1.jar;C:\Users\Basit\.m2\repository\org\springframework\boot\spring-boot-starter-tomcat-runtime\4.1.1\spring-boot-starter-tomcat-runtime-4.1.1.jar;C:\Users\Basit\.m2\repository\org\apache\tomcat\embed\tomcat-embed-core\11.0.24\tomcat-embed-core-11.0.24.jar;C:\Users\Basit\.m2\repository\org\apache\tomcat\embed\tomcat-embed-websocket\11.0.24\tomcat-embed-websocket-11.0.24.jar;C:\Users\Basit\.m2\repository\org\springframework\boot\spring-boot-tomcat\4.1.1\spring-boot-tomcat-4.1.1.jar;C:\Users\Basit\.m2\repository\org\springframework\boot\spring-boot-http-converter\4.1.1\spring-boot-http-converter-4.1.1.jar;C:\Users\Basit\.m2\repository\org\springframework\boot\spring-boot-webmvc\4.1.1\spring-boot-webmvc-4.1.1.jar;C:\Users\Basit\.m2\repository\org\springframework\boot\spring-boot-servlet\4.1.1\spring-boot-servlet-4.1.1.jar;C:\Users\Basit\.m2\repository\org\springframework\spring-webmvc\7.0.9\spring-webmvc-7.0.9.jar;C:\Users\Basit\.m2\repository\org\springframework\spring-expression\7.0.9\spring-expression-7.0.9.jar;C:\Users\Basit\.m2\repository\org\thymeleaf\extras\thymeleaf-extras-springsecurity6\3.1.5.RELEASE\thymeleaf-extras-springsecurity6-3.1.5.RELEASE.jar;C:\Users\Basit\.m2\repository\org\thymeleaf\thymeleaf-spring6\3.1.5.RELEASE\thymeleaf-spring6-3.1.5.RELEASE.jar;C:\Users\Basit\.m2\repository\org\thymeleaf\thymeleaf\3.1.5.RELEASE\thymeleaf-3.1.5.RELEASE.jar;C:\Users\Basit\.m2\repository\org\attoparser\attoparser\2.0.7.RELEASE\attoparser-2.0.7.RELEASE.jar;C:\Users\Basit\.m2\repository\org\unbescape\unbescape\1.1.6.RELEASE\unbescape-1.1.6.RELEASE.jar;C:\Users\Basit\.m2\repository\org\slf4j\slf4j-api\2.0.18\slf4j-api-2.0.18.jar;C:\Users\Basit\.m2\repository\org\springframework\spring-aop\7.0.9\spring-aop-7.0.9.jar;C:\Users\Basit\.m2\repository\jakarta\xml\bind\jakarta.xml.bind-api\4.0.5\jakarta.xml.bind-api-4.0.5.jar;C:\Users\Basit\.m2\repository\jakarta\activation\jakarta.activation-api\2.1.4\jakarta.activation-api-2.1.4.jar;C:\Users\Basit\.m2\repository\net\bytebuddy\byte-buddy\1.18.11\byte-buddy-1.18.11.jar;C:\Users\Basit\.m2\repository\org\springframework\spring-core\7.0.9\spring-core-7.0.9.jar;C:\Users\Basit\.m2\repository\commons-logging\commons-logging\1.3.6\commons-logging-1.3.6.jar;C:\Users\Basit\.m2\repository\org\jspecify\jspecify\1.0.1\jspecify-1.0.1.jar;C:\Users\Basit\.m2\repository\org\springframework\boot\spring-boot-web-server\4.1.1\spring-boot-web-server-4.1.1.jar
Launcher Type: SUN_STANDARD

[Global flags]
     bool AOTAdapterCaching                        = false                                  {diagnostic} {ergonomic}
     bool AOTInvokeDynamicLinking                  = false                                  {diagnostic} {ergonomic}
     bool AOTRecordTraining                        = false                                  {diagnostic} {ergonomic}
     bool AOTReplayTraining                        = false                                  {diagnostic} {ergonomic}
     bool AOTStubCaching                           = false                                  {diagnostic} {ergonomic}
     intx CICompilerCount                          = 4                                         {product} {ergonomic}
     uint ConcGCThreads                            = 2                                         {product} {ergonomic}
     uint G1ConcRefinementThreads                  = 8                                         {product} {ergonomic}
     uint G1EagerReclaimRemSetThreshold            = 10                                   {experimental} {ergonomic}
   size_t G1HeapRegionSize                         = 1048576                                   {product} {ergonomic}
     uint G1RemSetArrayOfCardsEntries              = 10                                   {experimental} {ergonomic}
     uint G1RemSetHowlMaxNumBuckets                = 8                                    {experimental} {ergonomic}
     uint G1RemSetHowlNumBuckets                   = 4                                    {experimental} {ergonomic}
   size_t InitialHeapSize                          = 8388608                                   {product} {ergonomic}
     bool IntelJccErratumMitigation                = true                              {ARCH diagnostic} {ergonomic}
   size_t MarkStackSize                            = 4194304                                   {product} {ergonomic}
   size_t MarkStackSizeMax                         = 536870912                                 {product} {ergonomic}
   size_t MaxHeapSize                              = 2107637760                                {product} {ergonomic}
   size_t MaxNewSize                               = 1264582656                                {product} {ergonomic}
 uint64_t MaxRAM                                   = 8425529344                                {product} {ergonomic}
   size_t MinHeapDeltaBytes                        = 1048576                                   {product} {ergonomic}
   size_t MinHeapSize                              = 8388608                                   {product} {ergonomic}
   size_t NonNMethodCodeHeapSize                   = 4096                                   {pd product} {ergonomic}
   size_t NonProfiledCodeHeapSize                  = 0                                      {pd product} {ergonomic}
     bool ProfileInterpreter                       = false                                  {pd product} {command line}
   size_t ProfiledCodeHeapSize                     = 0                                      {pd product} {ergonomic}
   size_t SoftMaxHeapSize                          = 2107637760                             {manageable} {ergonomic}
     intx TieredStopAtLevel                        = 1                                         {product} {command line}
     bool UseCompressedOops                        = true                           {product lp64_product} {ergonomic}
     bool UseCondCardMark                          = true                                      {product} {ergonomic}
     bool UseFastUnorderedTimeStamps               = true                                 {experimental} {ergonomic}
     bool UseG1GC                                  = true                                      {product} {ergonomic}
     bool UseLargePagesIndividualAllocation        = false                                  {pd product} {ergonomic}
      int X86ICacheSync                            = 2                                 {ARCH diagnostic} {ergonomic}

Logging:
Log output configuration:
 #0: stdout all=warning uptime,level,tags foldmultilines=false
 #1: stderr all=off uptime,level,tags foldmultilines=false

Release file:
IMPLEMENTOR="Oracle Corporation" 
JAVA_RUNTIME_VERSION="26.0.1+8-34" 
JAVA_VERSION="26.0.1" 
JAVA_VERSION_DATE="2026-04-21" 
LIBC="default" 
MODULES="java.base java.compiler java.datatransfer java.xml java.prefs java.desktop java.instrument java.logging java.management java.security.sasl java.naming java.rmi java.management.rmi java.net.http java.scripting java.security.jgss java.transaction.xa java.sql java.sql.rowset java.xml.crypto java.se java.smartcardio jdk.accessibility jdk.internal.jvmstat jdk.attach jdk.charsets jdk.internal.opt jdk.zipfs jdk.compiler jdk.crypto.cryptoki jdk.crypto.ec jdk.crypto.mscapi jdk.dynalink jdk.internal.ed jdk.editpad jdk.internal.vm.ci jdk.graal.compiler jdk.graal.compiler.management jdk.hotspot.agent jdk.httpserver jdk.incubator.vector jdk.internal.le jdk.internal.md jdk.jartool jdk.javadoc jdk.jcmd jdk.management jdk.management.agent jdk.jconsole jdk.jdeps jdk.jdwp.agent jdk.jdi jdk.jfr jdk.jlink jdk.jpackage jdk.jshell jdk.jstatd jdk.localedata jdk.management.jfr jdk.naming.dns jdk.naming.rmi jdk.net jdk.nio.mapmode jdk.sctp jdk.security.auth jdk.security.jgss jdk.unsupported jdk.unsupported.desktop jdk.xml.dom" 
OS_ARCH="x86_64" 
OS_NAME="Windows" 
SOURCE=".:git:8fcde8268d22 open:git:fcc00fc4aee7" 

Environment Variables:
PATH=C:\Program Files\Common Files\Oracle\Java\javapath;C:\WINDOWS\system32;C:\WINDOWS;C:\WINDOWS\System32\Wbem;C:\WINDOWS\System32\WindowsPowerShell\v1.0\;C:\WINDOWS\System32\OpenSSH\;C:\Program Files (x86)\Intel\Intel(R) Management Engine Components\DAL;C:\Program Files\Intel\Intel(R) Management Engine Components\DAL;C:\Program Files (x86)\Microchip\MPLAB C32 Suite\bin;C:\Program Files\Polyspace\R2021a\bin;C:\Program Files\Git\cmd;C:\Program Files\MySQL\MySQL Shell 8.0\bin\;C:\Users\Basit\.local\bin;C:\Users\Basit\AppData\Local\Microsoft\WindowsApps;C:\Users\Basit\AppData\Local\Programs\Microsoft VS Code\bin;C:\Users\Basit\AppData\Local\Programs\cursor\resources\app\bin;C:\Users\Basit\AppData\Local\Python\bin;
USERNAME=Basit
OS=Windows_NT
PROCESSOR_IDENTIFIER=Intel64 Family 6 Model 142 Stepping 10, GenuineIntel
TMP=C:\Users\Basit\AppData\Local\Temp
TEMP=C:\Users\Basit\AppData\Local\Temp




Compilation memory statistics disabled.

Periodic native trim disabled

---------------  S Y S T E M  ---------------

OS:
 Windows 11 , 64 bit Build 26100 (10.0.26100.9168)
OS uptime: 0 days 4:49 hours
Hyper-V role detected

CPU: total 8 (initial active 8) (4 cores per cpu, 2 threads per core) family 6 model 142 stepping 10 microcode 0xf6, cx8, cmov, fxsr, ht, mmx, 3dnowpref, sse, sse2, sse3, ssse3, sse4.1, sse4.2, popcnt, lzcnt, tsc, tscinvbit, avx, avx2, aes, erms, clmul, bmi1, bmi2, rtm, adx, fma, vzeroupper, clflush, clflushopt, hv, rdtscp, f16c
Processor Information for processor 0
  Max Mhz: 1896, Current Mhz: 1496, Mhz Limit: 1687
Processor Information for processor 1
  Max Mhz: 1896, Current Mhz: 1696, Mhz Limit: 1687
Processor Information for processor 2
  Max Mhz: 1896, Current Mhz: 1696, Mhz Limit: 1687
Processor Information for processor 3
  Max Mhz: 1896, Current Mhz: 1696, Mhz Limit: 1687
Processor Information for processor 4
  Max Mhz: 1896, Current Mhz: 1696, Mhz Limit: 1687
Processor Information for processor 5
  Max Mhz: 1896, Current Mhz: 1496, Mhz Limit: 1687
Processor Information for processor 6
  Max Mhz: 1896, Current Mhz: 1496, Mhz Limit: 1687
Processor Information for processor 7
  Max Mhz: 1896, Current Mhz: 1496, Mhz Limit: 1687

Memory: 4k page, system-wide physical 8035M (733M free)
TotalPageFile size 10083M (AvailPageFile size 169M)
current process WorkingSet (physical memory assigned to process): 185M, peak: 185M
current process commit charge ("private bytes"): 220M, peak: 220M

vm_info: Java HotSpot(TM) 64-Bit Server VM (26.0.1+8-34) for windows-amd64 JRE (26.0.1+8-34), built on 2026-03-10T17:24:10Z with MS VC++ 17.13 (VS2022)

END.
